video_id,category,channel_id,api_status,is_short,flag_unreadable_json,duration_sec,duration_source,age_days_at_collection,view_count,channel_follower_count,subs_source,flag_duration_missing,flag_subs_missing,flag_likes_missing,flag_comments_missing,thumb_width,thumb_height,thumb_subhd,frames_portrait,vis_cct_valid,vis_cct_policy_valid,vis_cct_thumbnail_valid,vis_cct_frames_valid,vis_cct_frames_total,vis_cct_frame_coverage,vis_cct_frames_complete,vis_cct_any_missing,audio_present,pause_ratio,no_speech,had_auto_captions,transcript_source,srt_present,transcript_present,transcript_clean_present,transcript_final_source,transcript_raw_words,flag_clean_shadows_raw,transcript_words,transcript_dup8,latin_ratio,en_stopword_rate,tag_token_ratio,lang_declared,transcript_kind,transcript_usable
-ERhH_wltqU,comedy,UCx2NCyudktBrTSdgvlY3weg,ok,false,,2091,metadata,79,5876497,2090000,metadata,0,0,0,0,1280,720,0,0,1,1,1,20,20,1.0,1,0,1,0.0084783450729482,0,1,auto_captions,1,1,1,srt_dedup,9445,0,3429,0.0029,1.000,0.346,0.015,ta,translated_en,1
-bgnv0CyEjw,comedy,UC4cYMHpxYe_3NcqmMp7SJIg,ok,true,,28,metadata,4,56140188,1820000,metadata,0,0,1,0,1280,720,0,1,1,1,1,20,20,1.0,1,0,1,0.0,0,1,auto_captions,1,1,1,srt_dedup,167,0,61,0.0000,1.000,0.344,0.000,hi,translated_en,1
05hLL9klsi0,comedy,UC_DDiRuGv40PpNEad777xIw,ok,true,,28,metadata,9,1022946,23200,metadata,0,0,1,0,1280,720,0,1,1,1,1,20,20,1.0,1,0,1,0.0,0,0,whisper,0,1,0,whisper,3,0,3,0.0000,1.000,0.000,0.000,hi,sparse,0
076rwe5EmsA,comedy,UCgDxHoam3RE7SX2HTSMqjlA,ok,false,,598,metadata,2109,55691719,4570000,metadata,0,0,0,0,1280,720,0,0,1,1,1,20,20,1.0,1,0,1,0.008285212151644492,0,1,auto_captions,1,1,1,srt_dedup,2050,0,718,0.0113,1.000,0.455,0.008,en,native_en,1
0SOJ9G6hn5g,comedy,UCrq11szgal4N031rzisp1rA,ok,true,,14,metadata,3,2737728,1180000,metadata,0,0,0,0,1280,720,0,1,1,1,1,20,20,1.0,1,0,1,0.07500000000000002,0,1,auto_captions,1,1,1,srt_dedup,79,0,31,0.0000,1.000,0.355,0.000,en,sparse,0
0rr1RfSNFPI,comedy,UC4zqu9xd1eALF4WljPym_NA,ok,true,,10,metadata,0,25189,32,metadata,0,0,0,0,1280,720,0,1,1,1,1,20,20,1.0,1,0,1,0.0,0,1,auto_captions,1,1,1,srt_dedup,68,0,23,0.0000,1.000,0.261,0.042,hi,sparse,0
0vXVANfo6T0,comedy,UCvuG9qS8867gurnvb2Hmg2w,ok,true,,37,metadata,0,27262,31100,metadata,0,0,0,0,1280,720,0,1,1,1,1,20,20,1.0,1,0,1,0.0,0,1,auto_captions,1,1,1,srt_dedup,246,0,93,0.0465,1.000,0.446,0.000,te,translated_en,1
0vdzXfs6sbU,comedy,UCcbRJw2fiNubnR7JPSjGRoQ,ok,true,,7,metadata,8,1572032,11300000,metadata,0,0,0,0,1280,720,0,1,1,1,1,20,20,1.0,1,0,1,0.1898734177215191,0,1,whisper,1,1,1,srt_dedup,4,0,3,0.0000,1.000,0.000,0.000,en,sparse,0
11eMhMmL3pI,comedy,UCrq11szgal4N031rzisp1rA,ok,true,,27,metadata,2,1336132,1170000,metadata,0,0,0,0,1280,720,0,1,1,1,1,20,20,1.0,1,0,1,0.07555555555555558,0,1,auto_captions,1,1,1,srt_dedup,122,0,50,0.0000,1.000,0.260,0.000,en,native_en,1
14A9jRxDJhk,comedy,UC_DDiRuGv40PpNEad777xIw,ok,true,,39,metadata,6,5290550,23200,metadata,0,0,0,0,1280,720,0,1,1,1,1,20,20,1.0,1,0,1,0.0,0,1,auto_captions,1,1,1,srt_dedup,263,0,92,0.0000,1.000,0.283,0.021,hi,translated_en,1
1DYW8R5YIWE,comedy,UC-O6xnSbD27F7Tq_T0CBu8w,ok,false,,845,metadata,13,664051,228000,metadata,0,0,0,0,1280,720,0,0,1,1,1,20,20,1.0,1,0,1,0.057399453338539616,0,1,auto_captions,1,1,1,srt_dedup,4244,0,1528,0.0013,1.000,0.317,0.012,hi,translated_en,1
1PtCHJ1L_r4,comedy,UCyY4krBsUGzoj1Cjyj4nZqQ,ok,true,,41,metadata,687,145449678,19700000,metadata,0,0,0,0,1280,720,0,1,1,1,1,20,20,1.0,1,0,1,0.0,0,1,whisper,1,1,1,srt_dedup,2,0,13,0.0000,1.000,0.231,0.000,hi,sparse,0
1RzDqaFKo-s,comedy,UCB81KFGIVQpzo9ltn0adDKw,ok,true,,31,metadata,0,341967,1380000,metadata,0,0,0,0,1280,720,0,1,1,1,1,20,20,1.0,1,0,1,0.010710808179162612,0,1,auto_captions,1,1,1,srt_dedup,53,0,21,0.0000,1.000,0.476,0.160,hi,sparse,0
1Sjma_bPG9U,comedy,UCUAqwHasqrdpSTD7Y6iTZPg,ok,true,,30,metadata,4,880738,742000,metadata,0,0,0,0,1280,720,0,1,1,1,1,20,20,1.0,1,0,1,0.0,0,1,auto_captions,1,1,1,srt_dedup,200,0,70,0.0000,1.000,0.343,0.000,hi,translated_en,1
1V9kHMdsp6k,comedy,UCv5G745CB2h14xSkiggSuPA,ok,true,,5,metadata,0,684202,11100,metadata,0,0,0,0,1280,720,0,1,1,1,1,20,20,1.0,1,0,1,0.0,0,0,whisper,0,1,0,whisper,3,0,3,0.0000,1.000,0.000,0.000,en,sparse,0
1WDbkroEOq0,comedy,UC31SWVbkuG98CBfjuISTe5w,ok,false,,1766,metadata,702,307458,216000,metadata,0,0,0,0,1280,720,0,0,1,1,1,20,20,1.0,1,0,1,0.004365625371587761,0,1,auto_captions,1,1,1,srt_dedup,4948,0,1929,0.0005,1.000,0.361,0.000,en,native_en,1
1WTO3Q8Id4Q,comedy,UChzqx8_XXHS6Nx8tMqZo-TQ,ok,false,,5080,metadata,93,557593,2310,metadata,0,0,0,0,1280,720,0,0,1,1,1,19,20,0.95,0,1,1,0.031147937940361792,0,1,auto_captions,1,1,1,srt_dedup,31849,0,10364,0.0009,1.000,0.365,0.044,en,native_en,1
1XCNE-hxZtE,comedy,UCppCT1IY73zk_DjUEANRqqg,ok,false,,4688,metadata,1509,7990183,67600,metadata,0,0,0,0,1280,720,0,0,1,1,1,20,20,1.0,1,0,1,0.024488098285129264,0,1,whisper,1,1,0,whisper,9150,0,9150,0.0074,1.000,0.356,0.000,en,native_en,1
1vUf3jTBw2Q,comedy,UCRWQmOHvS9hBcXpc6DU4GLw,ok,true,,52,metadata,8,108988,362000,metadata,0,0,0,0,1280,720,0,1,1,1,1,20,20,1.0,1,0,1,0.005797101449275363,0,1,auto_captions,1,1,1,srt_dedup,175,0,82,0.0000,1.000,0.341,0.035,te,translated_en,1
22mZyakmixw,comedy,UCBZo4bO6K7JKnIv6HBWhkzg,ok,false,,12002,metadata,41,117642,92600,metadata,0,0,0,0,1280,720,0,0,1,1,1,18,20,0.9,0,1,1,0.05727540636943309,0,1,auto_captions,1,1,1,srt_dedup,90875,0,30425,0.0003,1.000,0.353,0.013,en,native_en,1
28Dh5jEqJlw,comedy,UCllSh_d1Brc9PLypjhm1_YA,ok,false,,710,metadata,78,3016254,1180000,metadata,0,0,0,0,1280,720,0,0,1,1,1,20,20,1.0,1,0,1,0.004140786749482404,0,1,auto_captions,1,1,1,srt_dedup,4551,0,1560,0.0000,1.000,0.367,0.023,hi,translated_en,1
2PYIrJw6I6E,comedy,UCeEAPJ6nDdFIg0FAEGY1dMg,ok,false,,3216,metadata,28,219430,1420000,metadata,0,0,0,0,1280,720,0,0,1,1,1,20,20,1.0,1,0,1,0.05992705019730035,0,1,auto_captions,1,1,1,srt_dedup,30204,0,10114,0.0004,1.000,0.352,0.006,en,native_en,1
2ZFgD9fbnb8,comedy,UCQmZ9BIYOBSkxL-eqqg5z-g,ok,false,,96,metadata,3768,15729973,9620000,metadata,0,0,0,0,1280,720,0,0,1,1,1,20,20,1.0,1,0,1,0.02927436935534103,0,1,auto_captions,1,1,1,srt_dedup,394,0,136,0.0000,1.000,0.294,0.000,en,native_en,1
2ZoUPtdlAcs,comedy,UC8frN_4oljcuSv-fF4mQsjg,ok,true,,57,metadata,3,889621,6160000,metadata,0,0,0,0,1280,720,0,1,1,1,1,20,20,1.0,1,0,1,0.04535864978902955,0,1,auto_captions,1,1,1,srt_dedup,591,0,197,0.0000,1.000,0.276,0.000,hi,translated_en,1
2e2JJEZBI-A,comedy,UCGE-L0dJpos3ut0N96H75Jw,ok,false,,837,metadata,7,2298975,10300000,metadata,0,0,0,0,1280,720,0,0,1,1,1,20,20,1.0,1,0,1,0.010321100917431197,0,0,whisper,0,1,0,whisper,469,0,469,0.0000,1.000,0.272,0.000,en,native_en,1
2m2520TuUdk,comedy,UCJ9hfZ2sU7jFT9isA2rN58Q,ok,false,,3819,metadata,1310,18650544,674000,metadata,0,0,0,0,1280,720,0,0,1,1,1,20,20,1.0,1,0,0,,0,1,auto_captions,1,1,1,srt_dedup,28821,0,9879,0.0014,1.000,0.356,0.038,en,native_en,1
2sR4AL9Zxek,comedy,UC80Voenx9LIHY7TNwz55x7w,ok,true,,59,metadata,642,9163379,1880000,metadata,0,0,0,0,1280,720,0,1,1,1,1,16,20,0.8,0,1,1,0.0,0,0,whisper,0,1,0,whisper,37,0,37,0.0000,1.000,0.297,0.000,ml,sparse,0
2tbBHlrjOlk,comedy,UCAgAsH5n26IHMDyzwhF3wIw,ok,true,,56,metadata,2,1180786,17900000,metadata,0,0,0,0,1280,720,0,1,1,1,1,20,20,1.0,1,0,1,0.006955591225254149,0,1,auto_captions,1,1,1,srt_dedup,362,0,130,0.0000,1.000,0.300,0.030,hi,translated_en,1
2yxMlBC4cqs,comedy,UC4cYMHpxYe_3NcqmMp7SJIg,ok,true,,29,metadata,0,808870,1820000,metadata,0,0,1,0,1280,720,0,1,1,1,1,20,20,1.0,1,0,1,0.0,0,1,auto_captions,1,1,1,srt_dedup,216,0,76,0.0000,1.000,0.276,0.000,hi,translated_en,1
34Spt_Yx6sQ,comedy,UC_l1E50_r3p1Gv4_sLYNizg,ok,true,,171,metadata,8,41434520,7330000,metadata,0,0,0,0,1280,720,0,1,1,1,1,20,20,1.0,1,0,1,0.04551845342706505,0,1,auto_captions,1,1,1,srt_dedup,904,0,329,0.0280,1.000,0.328,0.018,hi,translated_en,1
3XAwPxpeyeE,comedy,UCDudDUBMlLGm6heNtkELwFw,ok,true,,29,metadata,10,190232,17400,metadata,0,0,0,0,1280,720,0,1,1,1,1,19,20,0.95,0,1,1,0.0,0,1,auto_captions,1,1,1,srt_dedup,220,0,78,0.0000,1.000,0.359,0.000,hi,translated_en,1
3ZmrW9a3tjo,comedy,UCVycT_OilwV-LfdqTtESCIA,ok,false,,487,metadata,548,7158425,1330000,metadata,0,0,0,0,640,480,1,0,1,1,1,20,20,1.0,1,0,1,0.012988611880578628,0,1,auto_captions,1,1,1,srt_dedup,3403,0,1245,0.0000,1.000,0.374,0.000,en,native_en,1
3bvkoxZ6xcw,comedy,UCw4A0C1xVVfGnw7ZVZF0xhQ,ok,false,,3917,metadata,104,1485886,813000,metadata,0,0,0,0,1280,720,0,0,1,1,1,19,20,0.95,0,1,1,0.03187879623459486,0,0,whisper,0,1,0,whisper,8558,0,8558,0.0057,1.000,0.342,0.000,en,native_en,1
3fRxeJmwOjQ,comedy,UCGE-L0dJpos3ut0N96H75Jw,ok,false,,1022,metadata,20,4081455,10300000,metadata,0,0,0,0,1280,720,0,0,1,1,1,20,20,1.0,1,0,1,0.006931390977443609,0,1,whisper,1,1,0,whisper,426,0,426,0.0000,1.000,0.317,0.000,en,native_en,1
3uJwYeVdBl8,comedy,UCBiyyxyrHn-jN3TMuRKQdcg,ok,true,,14,metadata,13,209829,7310000,metadata,0,0,0,0,1280,720,0,1,1,1,1,20,20,1.0,1,0,1,0.0,0,1,whisper,1,1,1,srt_dedup,9,0,4,0.0000,1.000,0.250,0.000,en,sparse,0
3v9cUNDZOKw,comedy,UCGu6bj0CiE5fSXIGEVjwyiQ,ok,true,,48,metadata,7,10880874,924000,metadata,0,0,0,0,1280,720,0,1,1,1,1,20,20,1.0,1,0,1,0.007448789571694602,0,1,auto_captions,1,1,1,srt_dedup,358,0,134,0.0000,1.000,0.308,0.015,te,translated_en,1
4EUtCtOLkAc,comedy,UCx-1r89NBiVlpsM6bY-leQg,ok,false,,1319,metadata,84,634722,424000,metadata,0,0,0,0,640,480,1,0,1,1,1,20,20,1.0,1,0,1,0.01173420657661346,0,1,auto_captions,1,1,1,srt_dedup,3765,0,1419,0.0014,1.000,0.314,0.032,hi,translated_en,1
4FbGDT84p8I,comedy,UCvlVuntLjdURVD3b3Hx7kxw,ok,false,,569,metadata,43,155564,3080000,metadata,0,0,0,0,1280,720,0,0,0,1,1,0,20,0.0,0,1,1,0.04747602487090318,0,1,auto_captions,1,1,1,srt_dedup,4799,0,1553,0.0136,1.000,0.368,0.000,en,native_en,1
4cL-TZbokMg,comedy,UCk7MPjKLfPtfosACvSQ9EwQ,ok,false,,1119,metadata,137,40092974,5280000,metadata,0,0,0,0,1280,720,0,0,1,1,1,20,20,1.0,1,0,1,0.001904404270157181,0,1,auto_captions,1,1,1,srt_dedup,5681,0,1983,0.0127,1.000,0.377,0.007,en,native_en,1
4nszQoxUiUU,comedy,UCaUr7y4F9lWGnZ0cbUZyzYA,ok,false,,4321,metadata,27,1370646,1630000,metadata,0,0,0,0,1280,720,0,0,1,1,1,20,20,1.0,1,0,1,0.012581236460589899,0,1,auto_captions,1,1,1,srt_dedup,36810,0,12241,0.0002,1.000,0.379,0.020,hi,translated_en,1
4ovMZZXbevA,comedy,UCeznzdVcLNkgDcCt4s0mfwg,ok,true,,68,metadata,3,464586,150000,metadata,0,0,0,0,1280,720,0,1,1,1,1,20,20,1.0,1,0,1,0.02707501109631603,0,1,auto_captions,1,1,1,srt_dedup,565,0,189,0.0000,1.000,0.291,0.000,hi,translated_en,1
5E2yES7_3M0,comedy,UCGE-L0dJpos3ut0N96H75Jw,ok,false,,1094,metadata,13,1936762,10300000,metadata,0,0,0,0,1280,720,0,0,1,1,1,20,20,1.0,1,0,1,0.02332721142512541,0,1,auto_captions,1,1,1,srt_dedup,1523,0,626,0.0000,1.000,0.355,0.031,en,native_en,1
5GkNmgZ9PgU,comedy,UCwi2zwcDMChsbWGUKFZxOcw,ok,true,,30,metadata,4,122790,247000,metadata,0,0,0,0,1280,720,0,1,1,1,1,20,20,1.0,1,0,1,0.0,0,1,auto_captions,1,1,1,srt_dedup,171,0,57,0.0000,1.000,0.298,0.000,hi,translated_en,1
5R_QsClCX5s,comedy,UCopTI48A60jV3x_VY7aEQnA,ok,true,,150,metadata,396,102494870,6940000,metadata,0,0,0,0,1280,720,0,1,1,1,1,20,20,1.0,1,0,1,0.0,0,1,auto_captions,1,1,1,srt_dedup,783,0,285,0.0396,1.000,0.299,0.000,hi,translated_en,1
5gvigxqHZW4,comedy,UCk7MPjKLfPtfosACvSQ9EwQ,ok,false,,993,metadata,319,43339948,5280000,metadata,0,0,0,0,1280,720,0,0,1,1,1,20,20,1.0,1,0,1,0.0036539332628718114,0,0,whisper,0,1,0,whisper,689,0,689,0.1804,1.000,0.480,0.000,hi,whisper_on_non_english,0
6IDpBauWg7U,comedy,UCDUhp92NhqVc0K3jSmWhgvA,ok,true,,73,metadata,4,15692,822000,metadata,0,0,0,0,1280,720,0,1,1,1,1,20,20,1.0,1,0,1,0.0335790335790336,0,0,whisper,0,1,0,whisper,140,0,140,0.0000,1.000,0.336,0.000,en,native_en,1
6NnPdyIMOiU,comedy,UCUZt4aGPkirYE-CBZm-Wk6w,ok,false,,1669,metadata,3,280875,400000,metadata,0,0,0,0,1280,720,0,0,1,1,1,14,20,0.7,0,1,1,0.019713551494240485,0,0,whisper,0,1,0,whisper,3099,0,3099,0.0356,1.000,0.359,0.000,de,whisper_on_non_english,0
6QmGwKsY7Go,comedy,UCNROLbyJ8DLsSRctVS5P3Gw,ok,false,,2325,metadata,8,20769,30600,metadata,0,0,1,0,1280,720,0,0,1,1,1,20,20,1.0,1,0,1,0.006272343610856578,0,1,auto_captions,1,1,1,srt_dedup,19748,0,6830,0.0006,1.000,0.372,0.017,hi,translated_en,1
6gj3G8fYxV0,comedy,UCet9FEXim3LTgRYf3I8F5nA,ok,true,,11,metadata,609,35851259,2830000,metadata,0,0,0,0,1280,720,0,1,1,1,1,20,20,1.0,1,0,1,0.0,0,1,auto_captions,1,1,1,srt_dedup,86,0,40,0.0000,1.000,0.375,0.000,te,sparse,0
6jREQncUmZw,comedy,UCF83W6O2BscE1AZJvTACXDQ,ok,true,,22,metadata,19,5890219,65000,metadata,0,0,1,0,1280,720,0,1,1,1,1,20,20,1.0,1,0,1,0.03190013869625522,0,1,auto_captions,1,1,1,srt_dedup,132,0,43,0.0000,1.000,0.214,0.065,hi,sparse,0
6sjeDdoL2Yg,comedy,UCnCsdIrDduA2McPDhC0BIPQ,ok,true,,10,metadata,0,24220,155,metadata,0,0,1,0,1280,720,0,1,1,1,1,20,20,1.0,1,0,1,0.0,0,1,auto_captions,1,1,1,srt_dedup,72,0,24,0.0000,1.000,0.292,0.000,en,sparse,0
6tDDqrjg2VU,comedy,UCaCXQvOs65jbvMu1VaD-aSQ,ok,false,,3779,metadata,109,135751,119000,metadata,0,0,0,0,1280,720,0,0,1,1,1,19,20,0.95,0,1,1,0.16040394737886732,0,1,auto_captions,1,1,1,srt_dedup,21472,0,7493,0.0025,1.000,0.313,0.007,en,native_en,1
7UroHdmYSt8,comedy,UCUAqwHasqrdpSTD7Y6iTZPg,ok,true,,29,metadata,0,2048301,742000,metadata,0,0,0,0,1280,720,0,1,1,1,1,20,20,1.0,1,0,1,0.0,0,1,auto_captions,1,1,1,srt_dedup,229,0,83,0.0132,1.000,0.289,0.035,hi,translated_en,1
7jhsJeMgoJM,comedy,UCvZYMEL5dFbG7W06xkxNu5Q,ok,true,,37,metadata,306,24534712,297000,metadata,0,0,0,0,1280,720,0,1,1,1,1,20,20,1.0,1,0,1,0.04549147034930952,0,1,auto_captions,1,1,1,srt_dedup,104,0,38,0.0000,1.000,0.342,0.000,en,sparse,0
8BO6rULMDY4,comedy,UCwBwRwSzrRwAjBPhiGxxcnA,ok,false,,1455,metadata,18,1427462,75900,metadata,0,0,0,0,1280,720,0,0,1,1,1,20,20,1.0,1,0,1,0.04307127688088905,0,1,auto_captions,1,1,1,srt_dedup,12897,0,4424,0.0231,1.000,0.383,0.000,hi,translated_en,1
8FMnbXPYcGg,comedy,UC7MgijK9WL_EqCo1juUERwg,ok,false,,606,metadata,10,34130,2390000,metadata,0,0,0,0,1280,720,0,0,1,1,1,20,20,1.0,1,0,1,0.02414407282802297,0,1,auto_captions,1,1,1,srt_dedup,3869,0,1278,0.0000,1.000,0.336,0.069,en,native_en,1
8UJAnii6a9Y,comedy,UC4xxl-3NH1Whb6qXgKLOvyg,ok,false,,1292,metadata,6,113856,59400,metadata,0,0,0,0,1280,720,0,0,1,1,1,20,20,1.0,1,0,1,0.03950852417893811,0,1,auto_captions,1,1,1,srt_dedup,7884,0,2801,0.0036,1.000,0.345,0.014,hi,translated_en,1
8XfAkPQloyo,comedy,UCUAqwHasqrdpSTD7Y6iTZPg,ok,true,,28,metadata,7,303968,738000,metadata,0,0,0,0,1280,720,0,1,1,1,1,20,20,1.0,1,0,1,0.016059957173447544,0,1,auto_captions,1,1,1,srt_dedup,76,0,31,0.0000,1.000,0.290,0.031,hi,sparse,0
8rHf7NfxFQs,comedy,UCCvRkqQRrQu4ZAlYRvjp2sQ,ok,false,,3478,metadata,10,12897,409000,metadata,0,0,0,0,1280,720,0,0,1,1,1,19,20,0.95,0,1,1,0.03945484344000693,0,1,auto_captions,1,1,1,srt_dedup,28328,0,9162,0.0003,1.000,0.353,0.003,en,native_en,1
96hSrjynmuI,comedy,UC-z8tiRWo1Yx-IjOSKsBi7w,ok,true,,44,metadata,10,365301,7810,metadata,0,0,0,0,1280,720,0,1,1,1,1,20,20,1.0,1,0,1,0.0,0,1,auto_captions,1,1,1,srt_dedup,86,0,29,0.0000,1.000,0.483,0.033,en,sparse,0
99b8pG_Ji4s,comedy,UCEn7vmLvgGjX40WuHG3i-Ng,ok,true,,89,metadata,2,1112641,1450000,metadata,0,0,0,0,1280,720,0,1,1,1,1,20,20,1.0,1,0,1,0.0,0,1,whisper,1,1,1,srt_dedup,33,0,2,0.0000,1.000,0.000,0.000,ta,sparse,0
9GNqwLDPOtI,comedy,UCcr93i1-6gGWnxZmDtEfl6Q,ok,true,,19,metadata,4,388441,7300000,metadata,0,0,0,0,1280,720,0,1,1,1,1,20,20,1.0,1,0,1,0.03803486529318543,0,1,whisper,1,1,1,srt_dedup,17,0,11,0.0000,1.000,0.545,0.083,en,sparse,0
9cES2Fjwb0w,comedy,UCrq11szgal4N031rzisp1rA,ok,true,,9,metadata,5,1329960,1170000,metadata,0,0,0,0,1280,720,0,1,1,1,1,20,20,1.0,1,0,1,0.05369127516778526,0,1,whisper,1,1,1,srt_dedup,2,0,15,0.0000,1.000,0.200,0.000,en,sparse,0
9x2nWbMYSWs,comedy,UCgMVcgH1NC5v2aGVqWVP_5A,ok,true,,11,metadata,1,42962,151000,metadata,0,0,0,0,1280,720,0,1,1,1,1,20,20,1.0,1,0,1,0.0,0,1,whisper,1,1,1,srt_dedup,8,0,8,0.0000,1.000,0.125,0.000,en,sparse,0
9xJz_v63IiU,comedy,UCQ5yNhhqbTqXxJ34RcQkAcA,ok,true,,49,metadata,3,1548349,2550000,metadata,0,0,0,0,1280,720,0,1,1,1,1,20,20,1.0,1,0,1,0.0,0,1,auto_captions,1,1,1,srt_dedup,397,0,143,0.0000,1.000,0.355,0.014,te,translated_en,1
A17CKgXfYRg,comedy,UCv5G745CB2h14xSkiggSuPA,ok,true,,5,metadata,0,482342,11500,metadata,0,0,0,0,1280,720,0,1,1,1,1,20,20,1.0,1,0,1,0.0,0,1,whisper,1,1,1,srt_dedup,1,0,1,0.0000,1.000,0.000,0.000,en,sparse,0
AJGB7twZEVA,comedy,UCGE-L0dJpos3ut0N96H75Jw,ok,false,,622,metadata,15,1777093,10300000,metadata,0,0,0,0,1280,720,0,0,1,1,1,20,20,1.0,1,0,1,0.004098558271854962,0,1,auto_captions,1,1,1,srt_dedup,867,0,404,0.0000,1.000,0.339,0.029,en,native_en,1
ALQrP_D8SRI,comedy,UC4cYMHpxYe_3NcqmMp7SJIg,ok,true,,29,metadata,8,7742187,1820000,metadata,0,0,1,0,1280,720,0,1,1,1,1,20,20,1.0,1,0,1,0.0,0,1,auto_captions,1,1,1,srt_dedup,231,0,83,0.0000,1.000,0.373,0.000,hi,translated_en,1
AUNlVzKf7QQ,comedy,UC68AzG_ccmPESqEMF7TKFWg,ok,true,,18,metadata,358,49076841,3160000,metadata,0,0,0,0,1280,720,0,1,1,1,1,20,20,1.0,1,0,1,0.0,0,1,whisper,1,1,1,srt_dedup,4,0,28,0.0000,1.000,0.286,0.000,hi,sparse,0
AWFFQR0z5Ao,comedy,UCv5G745CB2h14xSkiggSuPA,ok,true,,5,metadata,9,4189163,11100,metadata,0,0,0,0,1280,720,0,1,1,1,1,20,20,1.0,1,0,1,0.0,0,1,whisper,1,1,1,srt_dedup,4,0,1,0.0000,1.000,0.000,0.000,en,sparse,0
AWVDzYiYpuk,comedy,UCH2PslY8MY2bW_CccvFSz0Q,ok,true,,19,metadata,446,9356516,1310000,metadata,0,0,0,0,1280,720,0,1,1,1,1,20,20,1.0,1,0,1,0.0,0,1,auto_captions,1,1,1,srt_dedup,155,0,56,0.0000,1.000,0.304,0.000,te,translated_en,1
AWlKmj0DvaI,comedy,UCGrd4olgbs-H7ayzNp2X5DQ,ok,true,,29,metadata,0,445453,103000,metadata,0,0,0,0,1280,720,0,1,1,1,1,20,20,1.0,1,0,1,0.0,0,1,auto_captions,1,1,1,srt_dedup,197,0,71,0.0000,1.000,0.254,0.000,hi,translated_en,1
A_aAXDF9tws,comedy,UCLRmIdRJgLfmdpJufmBhBuA,ok,false,,1605,metadata,9,56067,5490000,metadata,0,0,0,0,1280,720,0,0,0,1,0,20,20,1.0,1,1,1,0.08389242931095701,0,0,whisper,0,1,0,whisper,3053,0,3053,0.0000,1.000,0.365,0.000,en,native_en,1
Aj1Ga9lhDTU,comedy,UCsq7z22wxgpA4obcSBmqOAw,ok,false,,257,metadata,37,2304958,126000,metadata,0,0,0,0,1280,720,0,0,1,1,1,20,20,1.0,1,0,1,0.013892131683399452,0,1,auto_captions,1,1,1,srt_dedup,410,0,185,0.0281,1.000,0.222,0.016,en,native_en,1
B-VluADkAfc,comedy,UC-4QTupZx921BIun_PDIQWA,ok,true,,32,metadata,24,578137,190000,metadata,0,0,0,0,1280,720,0,1,1,1,1,20,20,1.0,1,0,1,0.011131725417439705,0,1,auto_captions,1,1,1,srt_dedup,173,0,59,0.0000,1.000,0.390,0.000,en,native_en,1
B6NVvtIz9_Q,comedy,UCAov2BBv1ZJav0c_yHEciAw,ok,false,,3233,metadata,20,42080187,11100000,metadata,0,0,0,0,1280,720,0,0,1,1,1,20,20,1.0,1,0,1,0.029476438333286937,0,1,auto_captions,1,1,1,srt_dedup,20291,0,6985,0.0000,1.000,0.353,0.035,en,native_en,1
B81I5d8m6RI,comedy,UC7MgijK9WL_EqCo1juUERwg,ok,false,,3900,metadata,42,236937,2390000,metadata,0,0,0,0,1280,720,0,0,1,1,1,20,20,1.0,1,0,0,,0,1,auto_captions,1,1,1,srt_dedup,27599,0,9218,0.0001,1.000,0.356,0.049,en,native_en,1
BP-oYOVQqq8,comedy,UCfNI43cQLgQ5_YxBa9VV9Lg,ok,false,,2349,metadata,10,51836,2520,metadata,0,0,0,0,1280,720,0,0,1,1,1,18,20,0.9,0,1,1,0.11779355794528593,0,1,auto_captions,1,1,1,srt_dedup,17254,0,5862,0.0073,1.000,0.318,0.001,en,native_en,1
BPD4GB82Hmk,comedy,UCGE-L0dJpos3ut0N96H75Jw,ok,false,,96,metadata,5,662347,10300000,metadata,0,0,0,0,1280,720,0,0,1,1,1,20,20,1.0,1,0,1,0.005623242736644801,0,1,auto_captions,1,1,1,srt_dedup,90,0,47,0.0000,1.000,0.298,0.021,en,sparse,0
BWvK-xLLjjk,comedy,UC4cYMHpxYe_3NcqmMp7SJIg,ok,true,,29,metadata,10,3475616,1820000,metadata,0,0,1,0,1280,720,0,1,1,1,1,20,20,1.0,1,0,1,0.0,0,1,auto_captions,1,1,1,srt_dedup,150,0,66,0.0000,1.000,0.379,0.000,hi,translated_en,1
CURZCf_EAWE,comedy,UCR65_tsXxQkWLUbjlfmwsDw,ok,false,,3898,metadata,11,102040,156000,metadata,0,0,0,0,1280,720,0,0,1,1,1,19,20,0.95,0,1,1,0.11787388302662283,0,1,auto_captions,1,1,1,srt_dedup,21887,0,7434,0.0004,1.000,0.349,0.015,de,translated_en,1
CYGsFOGmlps,comedy,UC7MgijK9WL_EqCo1juUERwg,ok,true,,85,metadata,8,1381910,2390000,metadata,0,0,0,0,1280,720,0,1,1,1,1,20,20,1.0,1,0,1,0.06603107344632772,0,1,auto_captions,1,1,1,srt_dedup,474,0,146,0.0000,1.000,0.336,0.000,en,native_en,1
CcnvtSFxWXo,comedy,UCrq11szgal4N031rzisp1rA,ok,true,,21,metadata,3,191728,1170000,metadata,0,0,0,0,1280,720,0,1,1,1,1,20,20,1.0,1,0,1,0.0,0,1,auto_captions,1,1,1,srt_dedup,123,0,36,0.0000,1.000,0.417,0.122,en,sparse,0
Cf1BnC9FzkE,comedy,UCv8G-xZ_BBGufjbN6jbvLMQ,ok,false,,710,metadata,82,183245,745000,metadata,0,0,0,0,1280,720,0,0,1,1,1,20,20,1.0,1,0,1,0.04877739769415943,0,1,auto_captions,1,1,1,srt_dedup,6045,0,1947,0.0000,1.000,0.325,0.075,en,native_en,1
ClJrxn-VPv4,comedy,UCvKrQ4NirCYs6Co5OHxjB2g,ok,false,,2349,metadata,11,1044209,394000,metadata,0,0,0,0,1280,720,0,0,1,1,1,20,20,1.0,1,0,1,0.00873563218390805,0,1,auto_captions,1,1,1,srt_dedup,2702,0,1130,0.0000,1.000,0.222,0.057,or,translated_en,1
D-WZajmJpJg,comedy,UCa4bE_9rm9prrbkxEZbzBiw,ok,true,,48,metadata,6,153645,176000,metadata,0,0,1,0,1280,720,0,1,1,1,1,20,20,1.0,1,0,1,0.00627746390458255,0,1,auto_captions,1,1,1,srt_dedup,153,0,62,0.0000,1.000,0.435,0.031,hi,translated_en,1
D2kkFcJ5BvM,comedy,UCrq11szgal4N031rzisp1rA,ok,true,,20,metadata,1,3230975,1180000,metadata,0,0,0,0,1280,720,0,1,1,1,1,20,20,1.0,1,0,1,0.0,0,1,auto_captions,1,1,1,srt_dedup,186,0,62,0.0000,1.000,0.393,0.016,hi,translated_en,1
D3i7akwEzUI,comedy,UCPxgZz2C4cOeMUlAq_LrisA,ok,false,,390,metadata,84,3295993,1840000,metadata,0,0,0,0,1280,720,0,0,1,1,1,20,20,1.0,1,0,1,0.009319162045594583,0,1,auto_captions,1,1,1,srt_dedup,1275,0,483,0.0000,1.000,0.287,0.020,hi,translated_en,1
DC7BdydvXkY,comedy,UChxiqvlNVX7Ogc_lSHoLbDg,ok,true,,10,metadata,1106,89505915,104000,metadata,0,0,0,0,1280,720,0,1,1,1,1,20,20,1.0,1,0,1,0.0,0,0,whisper,0,1,0,whisper,1,0,1,0.0000,1.000,0.000,0.000,en,sparse,0
DCrugl16s_8,comedy,UCx2NCyudktBrTSdgvlY3weg,ok,false,,2310,metadata,193,5946086,2090000,metadata,0,0,0,0,1280,720,0,0,1,1,1,20,20,1.0,1,0,1,0.06451319617622615,0,1,auto_captions,1,1,1,srt_dedup,14698,0,5317,0.0085,1.000,0.363,0.012,ta,translated_en,1
DIaPK3FrMJE,comedy,UCAGz7arqCjzFvr5WopGEc6A,ok,true,,60,metadata,12,2923320,9720,metadata,0,0,0,0,1280,720,0,1,1,1,1,20,20,1.0,1,0,1,0.0,0,1,auto_captions,1,1,1,srt_dedup,441,0,159,0.0000,1.000,0.373,0.006,hi,translated_en,1
DQePNw_WZQ4,comedy,UCJVSs3f-sSMZcIV89Xs-R4A,ok,false,,6232,metadata,16,1168138,1770000,metadata,0,0,0,0,1280,720,0,0,1,1,1,20,20,1.0,1,0,1,0.019216328102435738,0,0,whisper,0,1,0,whisper,8884,0,8884,0.0723,1.000,0.431,0.000,hi,whisper_on_non_english,0
DiuTVIds8bA,comedy,UChltLvxXd5y_yOdlXYLB7CQ,ok,true,,33,metadata,887,238813109,18000000,metadata,0,0,0,0,1280,720,0,1,1,1,1,20,20,1.0,1,0,1,0.0,0,1,auto_captions,1,1,1,srt_dedup,55,0,25,0.0000,1.000,0.400,0.000,hi,sparse,0
DppWFZOz99g,comedy,UC1ibIPHs8D8ueInfzvvYHog,ok,true,,26,metadata,7,397129,62000,metadata,0,0,0,0,1280,720,0,1,1,1,1,20,20,1.0,1,0,1,0.0,0,1,auto_captions,1,1,1,srt_dedup,247,0,87,0.0000,1.000,0.345,0.000,hi,translated_en,1
DvU7uTaSn9k,comedy,UCA6007KWe65I1F6dY0tYnKA,ok,true,,60,metadata,940,4763547,573000,metadata,0,0,0,0,1280,720,0,1,1,1,1,17,20,0.85,0,1,1,0.04606910365548325,0,1,auto_captions,1,1,1,srt_dedup,306,0,114,0.0000,1.000,0.333,0.000,en,native_en,1
E-k3Yc6h8UA,comedy,UCx2NCyudktBrTSdgvlY3weg,ok,false,,1193,metadata,7,537094,2090000,metadata,0,0,0,0,1280,720,0,0,1,1,1,20,20,1.0,1,0,1,0.022122225294753526,0,1,auto_captions,1,1,1,srt_dedup,8046,0,2866,0.0010,1.000,0.366,0.006,ta,translated_en,1
E4OiI5Mt2dY,comedy,UC0jIAp_JOrLr0i3vE87m0-g,ok,true,,8,metadata,1217,1691214,2720,metadata,0,0,1,0,1280,720,0,1,1,1,1,20,20,1.0,1,0,1,0.0,0,1,whisper,1,1,1,srt_dedup,7,0,2,0.0000,1.000,0.000,0.000,en,sparse,0
EFu-fGCFs4A,comedy,UCsL-VBBu6vE4VZiKhp-e_6g,ok,false,,552,metadata,9,78381,39600,metadata,0,0,0,0,1280,720,0,0,1,1,1,20,20,1.0,1,0,1,0.017544812601846836,0,1,auto_captions,1,1,1,srt_dedup,1724,0,709,0.0000,1.000,0.354,0.003,hi,translated_en,1
EO3iWTlykOw,comedy,UC4a0kEAbOK9kIO8LEhHUrFw,ok,true,,38,metadata,430,11692334,1070000,metadata,0,0,0,0,1280,720,0,1,1,1,1,20,20,1.0,1,0,1,0.02444794952681389,0,1,auto_captions,1,1,1,srt_dedup,271,0,91,0.0000,1.000,0.308,0.000,hi,translated_en,1
ERyEkNQh7BE,comedy,UCB6BwRdO-KY1xpT8joGi7ow,ok,true,,43,metadata,127,659,35000,metadata,0,0,0,1,1280,720,0,1,1,1,1,19,20,0.95,0,1,1,0.03503854239663632,0,1,auto_captions,1,1,1,srt_dedup,109,0,35,0.0000,1.000,0.229,0.054,fr,sparse,0
EgC6U8s2esY,comedy,UC58Y9mGoLHC_wW0X-WrgSHg,ok,true,,165,metadata,358,14187514,8250000,metadata,0,0,0,0,1280,720,0,1,1,1,1,20,20,1.0,1,0,1,0.0021853942815516308,0,1,auto_captions,1,1,1,srt_dedup,791,0,287,0.0000,1.000,0.300,0.000,en,native_en,1
Eh40Yn_U2jg,comedy,UC3ToowzblnYqQBdNtuo7D3g,ok,false,,504,metadata,102,479364,2,metadata,0,0,0,0,640,480,1,0,1,1,1,20,20,1.0,1,0,1,0.010542617189826674,0,1,auto_captions,1,1,1,srt_dedup,4592,0,1608,0.0112,1.000,0.348,0.008,en,native_en,1
Eoxu6DDgKts,comedy,UCrq11szgal4N031rzisp1rA,ok,true,,21,metadata,0,919910,1170000,metadata,0,0,0,0,1280,720,0,1,1,1,1,20,20,1.0,1,0,1,0.0,0,1,auto_captions,1,1,1,srt_dedup,150,0,58,0.1569,1.000,0.431,0.000,hi,translated_en,1
ExeSwtygmgQ,comedy,UCtDwU9g52dv6muo4IWdqbUA,ok,true,,17,metadata,476,107866399,129000,metadata,0,0,0,0,1280,720,0,1,1,1,1,20,20,1.0,1,0,1,0.0,0,1,whisper,1,1,1,srt_dedup,14,0,1,0.0000,1.000,0.000,0.000,ur,sparse,0
F0I59rXxTk0,comedy,UCK-pBb0JCzciZRXhuMxn7KQ,ok,true,,6,metadata,0,2395203,62500,metadata,0,0,1,0,1280,720,0,1,1,1,1,20,20,1.0,1,0,1,0.0,0,0,whisper,0,1,0,whisper,1,0,1,0.0000,1.000,0.000,0.000,hi,sparse,0
F4_vPL_99Os,comedy,UCq71uPvIx7A96590hKagGbg,ok,false,,5661,metadata,185,5496724,2280000,metadata,0,0,0,0,1280,720,0,0,1,1,1,19,20,0.95,0,1,1,0.21827451520756383,0,1,auto_captions,1,1,1,srt_dedup,18427,0,6739,0.0049,1.000,0.335,0.001,en,native_en,1
F64jPIN7Uz4,comedy,UCUTNOIDMew6z-YyGRc7LEZg,ok,true,,28,metadata,0,12389,19800,metadata,0,0,0,1,1280,720,0,1,1,1,1,20,20,1.0,1,0,1,0.010672358591248668,0,1,auto_captions,1,1,1,srt_dedup,250,0,103,0.0104,1.000,0.466,0.000,hi,translated_en,1
F80Wgn3knJM,comedy,UCQ5yNhhqbTqXxJ34RcQkAcA,ok,true,,45,metadata,1,516026,2550000,metadata,0,0,0,0,1280,720,0,1,1,1,1,20,20,1.0,1,0,1,0.024112525117213676,0,1,auto_captions,1,1,1,srt_dedup,205,0,88,0.0000,1.000,0.318,0.023,te,translated_en,1
F8mX7rh3Kq0,comedy,UC0a6k1PuUJrZMJ01xg_wyHQ,ok,false,,2372,metadata,552,2161815,369000,metadata,0,0,0,0,1280,720,0,0,1,1,1,20,20,1.0,1,0,1,0.004541486925830817,0,1,auto_captions,1,1,1,srt_dedup,16750,0,5943,0.0057,1.000,0.413,0.002,hi,translated_en,1
FG-r9qld4gU,comedy,UCwWMWdMBcGBCqGpRKAEaFCw,ok,false,,256,metadata,3,547248,6350,metadata,0,0,0,0,1280,720,0,0,1,1,1,20,20,1.0,1,0,1,0.005865102639296191,0,1,auto_captions,1,1,1,srt_dedup,347,0,166,0.0000,1.000,0.271,0.024,en,native_en,1
FSbE9EAHiGU,comedy,UCp1m5biWDhP6ogRCpD-qKpw,ok,false,,3610,metadata,433,10979306,1510000,metadata,0,0,0,0,1280,720,0,0,1,1,1,13,20,0.65,0,1,1,0.11163656612837546,0,1,auto_captions,1,1,1,srt_dedup,21538,0,7445,0.0008,1.000,0.354,0.000,en,native_en,1
Fvw5LXsmxWU,comedy,UCFkVW_O20pTAiwCL1iPaNcQ,ok,false,,5508,metadata,0,118028,185000,metadata,0,0,0,1,640,480,1,1,1,1,1,20,20,1.0,1,0,1,0.5546314602702572,1,1,whisper,1,1,0,whisper,197,0,197,0.9842,1.000,0.497,0.000,en,native_en,0
G2V_rrO2Gs4,comedy,UCQ-4bUZhyWxeENVfLIxMn6g,ok,false,,900,metadata,27,2890592,1940000,metadata,0,0,0,0,1280,720,0,0,1,1,1,20,20,1.0,1,0,1,0.00946666666666667,0,0,whisper,0,1,0,whisper,461,0,461,0.0000,0.999,0.335,0.000,en,native_en,1
GDXqg9v09ew,comedy,UCx2NCyudktBrTSdgvlY3weg,ok,false,,1131,metadata,329,8510524,2090000,metadata,0,0,0,0,1280,720,0,0,1,1,1,20,20,1.0,1,0,1,0.074007268097297,0,1,auto_captions,1,1,1,srt_dedup,8226,0,2920,0.0000,1.000,0.343,0.002,ta,translated_en,1
GHgVbyzdNj4,comedy,UC9J6BPUTYfkKGKD9jkSEYLw,ok,true,,44,metadata,0,197441,32900,metadata,0,0,0,0,1280,720,0,1,1,1,1,20,20,1.0,1,0,1,0.019204389574759957,0,1,auto_captions,1,1,1,srt_dedup,204,0,76,0.0000,1.000,0.237,0.026,hi,translated_en,1
Gdx4KxaXSbM,comedy,UCgcGS1IOnqwhsDYVrHt6OfQ,ok,true,,29,metadata,7,19450938,44600,metadata,0,0,0,0,1280,720,0,1,1,1,1,20,20,1.0,1,0,1,0.0,0,1,auto_captions,1,1,1,srt_dedup,154,0,56,0.0000,1.000,0.393,0.000,hi,translated_en,1
GeDBFA3mYX0,comedy,UCv5G745CB2h14xSkiggSuPA,ok,true,,5,metadata,0,301655,11100,metadata,0,0,0,0,1280,720,0,1,1,1,1,20,20,1.0,1,0,1,0.0,0,1,whisper,1,1,1,srt_dedup,2,0,1,0.0000,1.000,0.000,0.000,en,sparse,0
Gq3DZ3DBsu4,comedy,UCJ9hfZ2sU7jFT9isA2rN58Q,ok,false,,1768,metadata,520,1171530,674000,metadata,0,0,0,0,1280,720,0,0,1,1,1,20,20,1.0,1,0,1,0.01683467399789567,0,1,auto_captions,1,1,1,srt_dedup,15445,0,5207,0.0000,1.000,0.371,0.000,en,native_en,1
GqqwbcgOHek,comedy,UCyGR5vfdIzNj6VRY13nzO-g,ok,false,,1068,metadata,500,23583681,2120000,metadata,0,0,0,0,1280,720,0,0,1,1,1,20,20,1.0,1,0,1,0.014524511869644615,0,1,auto_captions,1,1,1,srt_dedup,7738,0,2743,0.0000,1.000,0.383,0.001,hi,translated_en,1
H0W4oihNYxo,comedy,UC9pK7shVDkHkBeRiXpzXbcQ,ok,false,,306,metadata,85,4765209,2910000,metadata,0,0,0,0,1280,720,0,0,1,1,1,20,20,1.0,1,0,1,0.011771630370806339,0,1,auto_captions,1,1,1,srt_dedup,169,0,42,0.0286,1.000,0.429,0.000,en,sparse,0
H35bMrQLI5o,comedy,UCJ9hfZ2sU7jFT9isA2rN58Q,ok,false,,3130,metadata,624,550316,800,metadata,0,0,0,0,1280,720,0,0,1,1,1,19,20,0.95,0,1,1,0.05224867724867727,0,1,auto_captions,1,1,1,srt_dedup,21864,0,7745,0.0006,1.000,0.389,0.002,en,native_en,1
HJnBBVKv_KY,comedy,UCAgAsH5n26IHMDyzwhF3wIw,ok,true,,65,metadata,8,1405867,17900000,metadata,0,0,0,0,1280,720,0,1,1,1,1,20,20,1.0,1,0,1,0.03765690376569039,0,1,auto_captions,1,1,1,srt_dedup,229,0,83,0.0000,0.000,0.000,0.046,hi,non_english_text,0
HL8TFFXltWE,comedy,UCGE-L0dJpos3ut0N96H75Jw,ok,false,,571,metadata,7,1054154,10300000,metadata,0,0,0,0,1280,720,0,0,1,1,1,20,20,1.0,1,0,1,0.005412791003205635,0,1,auto_captions,1,1,1,srt_dedup,573,0,256,0.0000,1.000,0.316,0.019,en,native_en,1
HVlIzeFDe54,comedy,UChBvWbkLiEDItXwOX-EhbiA,ok,true,,25,metadata,9,4173110,3030000,metadata,0,0,0,0,1280,720,0,1,1,1,1,20,20,1.0,1,0,1,0.3975609756097558,0,1,whisper,1,1,1,srt_dedup,13,0,13,0.0000,1.000,0.154,0.000,hi,sparse,0
HYJ2KqLuu34,comedy,UCoBndFo-vjyCcWVZXcP4ZPA,ok,true,,40,metadata,525,7693840,1810000,metadata,0,0,0,0,1280,720,0,1,1,1,1,20,20,1.0,1,0,1,0.0,0,1,auto_captions,1,1,1,srt_dedup,95,0,47,0.0000,1.000,0.255,0.000,en,sparse,0
I3Gq5oan_9E,comedy,UCvlVuntLjdURVD3b3Hx7kxw,ok,false,,3820,metadata,28,89981,3080000,metadata,0,0,0,0,1280,720,0,0,1,1,1,17,20,0.85,0,1,1,0.04578438147892194,0,1,auto_captions,1,1,1,srt_dedup,31646,0,10612,0.0014,1.000,0.356,0.010,en,native_en,1
I4qDOF3RbCw,comedy,UCp1m5biWDhP6ogRCpD-qKpw,ok,false,,3795,metadata,203,1715494,1510000,metadata,0,0,0,0,1280,720,0,0,1,1,1,20,20,1.0,1,0,1,0.08871445848846314,0,1,auto_captions,1,1,1,srt_dedup,26191,0,8837,0.0008,1.000,0.374,0.007,en,native_en,1
I9FAXVgkoEk,comedy,UCv5G745CB2h14xSkiggSuPA,ok,true,,5,metadata,2,1518098,11500,metadata,0,0,0,0,1280,720,0,1,1,1,1,20,20,1.0,1,0,1,0.0,0,1,whisper,1,1,1,srt_dedup,4,0,1,0.0000,1.000,1.000,0.000,en,sparse,0
IFXeE0hCmx8,comedy,UCrq11szgal4N031rzisp1rA,ok,true,,7,metadata,0,159185,1170000,metadata,0,0,0,0,1280,720,0,1,1,1,1,20,20,1.0,1,0,1,0.11842105263157902,0,1,whisper,1,1,1,srt_dedup,9,0,11,0.0000,1.000,0.636,0.000,hi,sparse,0
IIgz0eScr-A,comedy,UC62kJaLNMTv9DTbgFGUZYdQ,ok,true,,27,metadata,0,5697,59200,metadata,0,0,0,0,1280,720,0,1,1,1,1,20,20,1.0,1,0,1,0.0,0,0,whisper,0,1,0,whisper,1,0,1,0.0000,1.000,0.000,0.000,bn,sparse,0
IOTqmCsK8_g,comedy,UCAgAsH5n26IHMDyzwhF3wIw,ok,true,,51,metadata,0,392905,17900000,metadata,0,0,0,0,1280,720,0,1,1,1,1,20,20,1.0,1,0,1,0.018354055654233276,0,1,auto_captions,1,1,1,srt_dedup,405,0,147,0.0000,1.000,0.290,0.007,hi,translated_en,1
IQiHnED6FW4,comedy,UClASol9If2opqtpbfvcNigQ,ok,true,,7,metadata,22,3410132,62200,metadata,0,0,0,0,1280,720,0,1,1,1,1,20,20,1.0,1,0,1,0.0,0,0,whisper,0,1,0,whisper,4,0,4,0.0000,1.000,0.250,0.000,en,sparse,0
IXDA3HHcq5E,comedy,UCSj_Ewo8V0CUKF0JT9s6sAA,ok,false,,4182,metadata,132,1353692,284000,metadata,0,0,0,0,1280,720,0,0,1,1,1,15,20,0.75,0,1,0,,0,1,auto_captions,1,1,1,srt_dedup,33124,0,11091,0.0014,1.000,0.372,0.033,en,native_en,1
I_mAPPRkDOM,comedy,UCGE-L0dJpos3ut0N96H75Jw,ok,false,,769,metadata,11,1778730,10300000,metadata,0,0,0,0,1280,720,0,0,1,1,1,20,20,1.0,1,0,1,0.004723057106054103,0,1,auto_captions,1,1,1,srt_dedup,475,0,221,0.0000,1.000,0.279,0.072,en,native_en,1
IaRjqW9a3_c,comedy,UCH8DTKc8hxjEYi_2NYfuriQ,ok,true,,29,metadata,9,4873383,1770000,metadata,0,0,0,0,1280,720,0,1,1,1,1,20,20,1.0,1,0,1,0.0,0,1,auto_captions,1,1,1,srt_dedup,155,0,56,0.0000,1.000,0.291,0.051,hi,translated_en,1
Ihzx8LLO8Vg,comedy,UCYJu-4SCjc4mTZYzpxpPJlw,ok,true,,24,metadata,4,182612,36600,metadata,0,0,0,0,1280,720,0,1,1,1,1,20,20,1.0,1,0,1,0.0,0,1,whisper,1,1,1,srt_dedup,5,0,1,0.0000,1.000,0.000,0.000,hi,sparse,0
Itr5UIweG0g,comedy,UC5G9rV3m4THzD2CA47_w7xQ,ok,true,,57,metadata,54,324565,4800000,metadata,0,0,0,0,1280,720,0,1,1,1,1,20,20,1.0,1,0,1,0.0,0,1,auto_captions,1,1,1,srt_dedup,421,0,147,0.0000,1.000,0.259,0.026,en,native_en,1
J3_5ZIM-CV0,comedy,UCIPnPp27nvOVQmbmuz1ioyg,ok,false,,996,metadata,70,1324936,482000,metadata,0,0,0,0,1280,720,0,0,1,1,1,20,20,1.0,1,0,1,0.02003253404024582,0,1,auto_captions,1,1,1,srt_dedup,5200,0,1839,0.0000,1.000,0.367,0.037,en,native_en,1
J5ol8R09DPg,comedy,UCYAwe9Hx5EytYE80ZgO70JQ,ok,true,,36,metadata,8,22987523,238000,metadata,0,0,0,0,1280,720,0,1,1,1,1,20,20,1.0,1,0,1,0.02789518174133559,0,1,auto_captions,1,1,1,srt_dedup,135,0,51,0.0000,1.000,0.176,0.038,hi,translated_en,1
Jm1PFXufYeA,comedy,UCai38RWi7uTuT3oJuSMFufw,ok,true,,22,metadata,560,4490577,507000,metadata,0,0,0,0,1280,720,0,1,1,1,1,20,20,1.0,1,0,1,0.0,0,1,auto_captions,1,1,1,srt_dedup,200,0,71,0.0000,1.000,0.338,0.000,en,native_en,1
JozIn7uXKt4,comedy,UCC_oQYNosJfJSNNOfOGqUGA,ok,true,,79,metadata,0,48737,769000,metadata,0,0,0,0,1280,720,0,1,1,1,1,20,20,1.0,1,0,1,0.008403361344537816,0,1,auto_captions,1,1,1,srt_dedup,595,0,213,0.0000,1.000,0.354,0.005,hi,translated_en,1
K9wXNb71G1A,comedy,UC7MgijK9WL_EqCo1juUERwg,ok,false,,705,metadata,3,33100,2390000,metadata,0,0,0,0,1280,720,0,0,1,1,1,20,20,1.0,1,0,0,,0,1,auto_captions,1,1,1,srt_dedup,6782,0,2092,0.0010,1.000,0.343,0.024,en,native_en,1
KTFfNgk6irI,comedy,UCUFJO5h2NuvCykRJUIkd7oA,ok,true,,37,metadata,9,4811734,6920000,metadata,0,0,0,0,1280,720,0,1,1,1,1,20,20,1.0,1,0,1,0.00823045267489712,0,1,auto_captions,1,1,1,srt_dedup,219,0,82,0.0000,1.000,0.280,0.000,en,native_en,1
KVjfYDLSLrA,comedy,UCet9FEXim3LTgRYf3I8F5nA,ok,true,,17,metadata,510,18796720,2830000,metadata,0,0,0,0,1280,720,0,1,1,1,1,20,20,1.0,1,0,1,0.0,0,0,whisper,0,1,0,whisper,23,0,23,0.1875,1.000,0.348,0.000,te,sparse,0
Kq8jIyl9vPU,comedy,UCfzD7CH21Eij-btlH2Jdi0g,ok,true,,26,metadata,2,1040607,70600,metadata,0,0,0,0,1280,720,0,1,1,1,1,20,20,1.0,1,0,1,0.0,0,1,auto_captions,1,1,1,srt_dedup,132,0,51,0.0000,1.000,0.240,0.057,hi,translated_en,1
L3n6Sz4Dxt8,comedy,UCObhqDIy3TDrBcBRk7sTZUA,ok,false,,810,metadata,7,412054,2830000,metadata,0,0,0,1,1280,720,0,0,1,1,1,20,20,1.0,1,0,1,0.022232103156958654,0,1,auto_captions,1,1,1,srt_dedup,5164,0,1787,0.0056,1.000,0.328,0.021,en,native_en,1
L6SAws7QXbI,comedy,UCFSI96vClUFIq3P8x5WDSqQ,ok,false,,1702,metadata,12,375477,464000,metadata,0,0,0,0,1280,720,0,0,1,1,1,20,20,1.0,1,0,1,0.005904436258526182,0,1,auto_captions,1,1,1,srt_dedup,7390,0,2683,0.0037,1.000,0.315,0.017,hi,translated_en,1
LDhLbFzC33s,comedy,UCsAcM66VSD5vH-spjL5BaQw,ok,false,,2679,metadata,38,130738,2070,metadata,0,0,0,0,1280,720,0,0,1,1,1,20,20,1.0,1,0,1,0.04571978988161242,0,1,auto_captions,1,1,1,srt_dedup,15696,0,5237,0.0002,1.000,0.393,0.031,en,native_en,1
LZcMizvBWX4,comedy,UCKNLJ1DHPetttGWRtImhatQ,ok,true,,55,metadata,0,11416,40000,metadata,0,0,0,0,1280,720,0,1,1,1,1,20,20,1.0,1,0,1,0.0,0,1,auto_captions,1,1,1,srt_dedup,554,0,184,0.0000,1.000,0.404,0.011,hi,translated_en,1
LixmCHpjUe0,comedy,UCHQUiwOBNCzEXInluX7zRtw,ok,false,,966,metadata,3,506668,820000,metadata,0,0,0,0,1280,720,0,0,1,1,1,20,20,1.0,1,0,1,0.0383528461849011,0,1,auto_captions,1,1,1,srt_dedup,8830,0,3103,0.0036,1.000,0.353,0.002,te,translated_en,1
LkAAiRrMMf8,comedy,UCx2NCyudktBrTSdgvlY3weg,ok,false,,1658,metadata,26,797585,2090000,metadata,0,0,0,0,1280,720,0,0,1,1,1,20,20,1.0,1,0,1,0.05864683422905016,0,1,auto_captions,1,1,1,srt_dedup,9810,0,3615,0.0017,1.000,0.345,0.008,ta,translated_en,1
LrFYe9EicMI,comedy,UC58Y9mGoLHC_wW0X-WrgSHg,ok,true,,42,metadata,460,14426111,8250000,metadata,0,0,0,0,1280,720,0,1,1,1,1,20,20,1.0,1,0,1,0.027027027027027035,0,1,auto_captions,1,1,1,srt_dedup,176,0,76,0.0000,1.000,0.276,0.000,hi,translated_en,1
MIZGrsT5f1M,comedy,UCanRl5liogJV9tldsERVeJA,ok,true,,14,metadata,702,238859401,5950000,metadata,0,0,0,0,1280,720,0,1,1,1,1,20,20,1.0,1,0,1,0.0,0,1,whisper,1,1,1,srt_dedup,1,0,1,0.0000,1.000,0.000,0.000,en,sparse,0
MOo9uImLxHc,comedy,UCx-1r89NBiVlpsM6bY-leQg,ok,false,,1632,metadata,4,443469,424000,metadata,0,0,0,0,1280,720,0,0,1,1,1,20,20,1.0,1,0,1,0.014250776897192148,0,1,auto_captions,1,1,1,srt_dedup,4780,0,1753,0.0086,1.000,0.274,0.022,hi,translated_en,1
MVlpo6R02HE,comedy,UCAtPSqJwzFb0C15lS2CZ2rg,ok,true,,25,metadata,5,2210816,9180000,metadata,0,0,0,1,1280,720,0,1,1,1,1,20,20,1.0,1,0,1,0.015931372549019614,0,1,auto_captions,1,1,1,srt_dedup,138,0,48,0.0000,1.000,0.292,0.000,ur,sparse,0
MW81cIJVgLE,comedy,UCVM1uxDwYNhIu3qQ0ejZtzQ,ok,false,,3315,metadata,323,1392613,792000,metadata,0,0,0,0,1280,720,0,0,1,1,1,11,20,0.55,0,1,1,0.04274803634126036,0,1,auto_captions,1,1,1,srt_dedup,26965,0,9072,0.0015,1.000,0.382,0.000,en,native_en,1
MiXe7ABi6co,comedy,UCNqA44cRILQDwm9MG0vV-Og,ok,false,,612,metadata,24,1534075,1220000,metadata,0,0,0,0,1280,720,0,0,1,1,1,20,20,1.0,1,0,1,0.006175562417291576,0,1,auto_captions,1,1,1,srt_dedup,4058,0,1379,0.0000,1.000,0.362,0.035,hi,translated_en,1
Mo0FzofvU0Y,comedy,UC9pK7shVDkHkBeRiXpzXbcQ,ok,false,,317,metadata,8,339280,2910000,metadata,0,0,0,0,1280,720,0,0,1,1,1,20,20,1.0,1,0,1,0.01145941850554027,0,1,whisper,1,1,1,srt_dedup,11,0,21,0.0000,1.000,0.190,0.000,en,sparse,0
MqUx69rm7YI,comedy,UCWb3IZmrZhHAyUyUg9HDHjA,ok,true,,60,metadata,661,45541313,22000000,metadata,0,0,0,0,1280,720,0,1,1,1,1,20,20,1.0,1,0,1,0.005513784461152883,0,1,auto_captions,1,1,1,srt_dedup,187,0,77,0.0000,1.000,0.052,0.000,hi,non_english_text,0
MwQj5MzjJ4E,comedy,UCoBndFo-vjyCcWVZXcP4ZPA,ok,true,,43,metadata,757,9536956,1810000,metadata,0,0,0,0,1280,720,0,1,1,1,1,20,20,1.0,1,0,1,0.0,0,1,whisper,1,1,0,whisper,74,0,74,0.0000,1.000,0.068,0.000,en,non_english_text,0
Myhpkxh_hAY,comedy,UC9pK7shVDkHkBeRiXpzXbcQ,ok,false,,302,metadata,305,30383005,2910000,metadata,0,0,0,0,1280,720,0,0,1,1,1,20,20,1.0,1,0,1,0.008450144149517847,0,1,whisper,1,1,1,srt_dedup,10,0,38,0.0000,1.000,0.211,0.000,en,sparse,0
N5nUBDCM3dk,comedy,UCet9FEXim3LTgRYf3I8F5nA,ok,true,,92,metadata,0,309029,2830000,metadata,0,0,0,0,1280,720,0,1,1,1,1,20,20,1.0,1,0,1,0.018966644865925454,0,1,auto_captions,1,1,1,srt_dedup,686,0,243,0.0000,1.000,0.360,0.008,te,translated_en,1
N81oVij7ecI,comedy,UCZQKc9FMCvpmVzuhJueWpqw,ok,true,,85,metadata,12,8777898,3270000,metadata,0,0,0,0,1280,720,0,1,1,1,1,20,20,1.0,1,0,1,0.03582718651211804,0,1,auto_captions,1,1,1,srt_dedup,770,0,264,0.0000,1.000,0.361,0.011,hi,translated_en,1
NE9QydnPTWw,comedy,UCQ9vWJrbE8SR0Cd9LkjKRBA,ok,true,,35,metadata,383,5337368,40200,metadata,0,0,0,0,1280,720,0,1,1,1,1,20,20,1.0,1,0,1,0.0,0,0,whisper,0,1,0,whisper,52,0,52,0.0000,1.000,0.269,0.000,en,native_en,1
NEiZaXKJT9U,comedy,UCdWhdCrh_VistEU0cmeIZYQ,ok,false,,623,metadata,3,75290,167000,metadata,0,0,0,0,1280,720,0,0,1,1,1,20,20,1.0,1,0,1,0.07584445622319665,0,0,whisper,0,1,0,whisper,1285,0,1285,0.0407,1.000,0.428,0.000,en,native_en,1
NOOHg7vegv4,comedy,UCYHT9p2q6bRdleSqBLQzHGw,ok,true,,15,metadata,0,28434,751,metadata,0,0,0,1,1280,720,0,1,1,1,1,20,20,1.0,1,0,1,0.0,0,1,auto_captions,1,1,1,srt_dedup,89,0,32,0.0000,1.000,0.219,0.030,hi,sparse,0
NPI5-d55lYM,comedy,UCGE-L0dJpos3ut0N96H75Jw,ok,false,,98,metadata,3,416531,10300000,metadata,0,0,0,0,1280,720,0,0,1,1,1,20,20,1.0,1,0,1,0.011963190184049089,0,1,auto_captions,1,1,1,srt_dedup,191,0,77,0.0000,1.000,0.234,0.000,en,native_en,1
NXqr156-9fg,comedy,UCqeUYBchlYzGm4R7FdaQX1g,ok,true,,143,metadata,3,275183,772000,metadata,0,0,0,0,1280,720,0,1,1,1,1,20,20,1.0,1,0,1,0.04841752253196397,0,1,auto_captions,1,1,1,srt_dedup,830,0,297,0.0000,1.000,0.349,0.003,en,native_en,1
NwhRnzF8hjk,comedy,UCDUhp92NhqVc0K3jSmWhgvA,ok,false,,1422,metadata,95,130687,822000,metadata,0,0,0,0,1280,720,0,0,1,1,1,19,20,0.95,0,1,1,0.04549291019581357,0,0,whisper,0,1,0,whisper,3170,0,3170,0.0000,1.000,0.350,0.000,en,native_en,1
O0PRgYHI0XQ,comedy,UCBpYhz2nYLWulLJTTJ9cqsA,ok,false,,3302,metadata,107,14617593,2500000,metadata,0,0,0,0,1280,720,0,0,1,1,1,20,20,1.0,1,0,1,0.020760459728342336,0,1,auto_captions,1,1,1,srt_dedup,23120,0,7964,0.0033,1.000,0.375,0.022,hi,translated_en,1
OJdarSpQ0_I,comedy,UCupQd0e1leK4-Mj1wSfnkoQ,ok,true,,24,metadata,2,873860,3260000,metadata,0,0,0,0,1280,720,0,1,1,1,1,20,20,1.0,1,0,1,0.0,0,1,auto_captions,1,1,1,srt_dedup,310,0,96,0.0000,1.000,0.375,0.000,en,native_en,1
OK_1aHz6K2c,comedy,UCDKKgIxi5uI2QuLoHfN94Sg,ok,false,,1887,metadata,188,1603569,261000,metadata,0,0,0,0,1280,720,0,0,1,1,1,20,20,1.0,1,0,1,0.03224985687933337,0,1,auto_captions,1,1,1,srt_dedup,16007,0,5431,0.0004,1.000,0.391,0.015,hi,translated_en,1
OQatG1KQ5bs,comedy,UCexFjP5XTqDFrokLWRMtxsg,ok,true,,23,metadata,2,1134994,15800000,metadata,0,0,1,0,1280,720,0,1,1,1,1,12,20,0.6,0,1,1,0.056135770234986976,0,1,auto_captions,1,1,1,srt_dedup,118,0,45,0.0000,1.000,0.205,0.022,hi,sparse,0
OSQ1Fjr1Sv0,comedy,UCco2TQRixPONc5PpCJ71jYw,ok,true,,59,metadata,4,3617694,62700,metadata,0,0,0,0,1280,720,0,1,1,1,1,20,20,1.0,1,0,1,0.006595636732623036,0,1,auto_captions,1,1,1,srt_dedup,486,0,167,0.0000,1.000,0.346,0.006,ta,translated_en,1
OU1nnx2my1M,comedy,UCZ2n6UaTdNYLYyIB4ZhNM4Q,ok,true,,60,metadata,724,10388645,3000000,metadata,0,0,0,0,1280,720,0,1,1,1,1,20,20,1.0,1,0,1,0.018027040560841274,0,1,auto_captions,1,1,1,srt_dedup,466,0,161,0.0000,1.000,0.319,0.006,en,native_en,1
OdIROFD0alU,comedy,UCcr93i1-6gGWnxZmDtEfl6Q,ok,true,,18,metadata,5,2116585,7300000,metadata,0,0,0,0,1280,720,0,1,1,1,1,20,20,1.0,1,0,1,0.021739130434782615,0,1,auto_captions,1,1,1,srt_dedup,100,0,36,0.0000,1.000,0.333,0.000,hi,sparse,0
OvdN2byqnw8,comedy,UCEFB4fPJEycg99TBGPTv7oA,ok,true,,49,metadata,7,13227806,1600000,metadata,0,0,0,0,1280,720,0,1,1,1,1,20,20,1.0,1,0,1,0.0,0,1,auto_captions,1,1,1,srt_dedup,257,0,87,0.0000,1.000,0.264,0.022,hi,translated_en,1
Oy2QyPQ5L5M,comedy,UCQTmZczX5kGRgaPIgpy6CyQ,ok,false,,3000,metadata,563,19086274,4670000,metadata,0,0,0,0,640,480,1,0,1,1,1,3,20,0.15,0,1,1,0.0776932078453337,0,1,auto_captions,1,1,1,srt_dedup,16754,0,5791,0.0012,1.000,0.351,0.020,en,native_en,1
P9b0mW5OPi8,comedy,UCEn7vmLvgGjX40WuHG3i-Ng,ok,true,,50,metadata,10,1250880,1450000,metadata,0,0,0,0,1280,720,0,1,1,1,1,20,20,1.0,1,0,1,0.0,0,1,whisper,1,1,0,whisper,50,0,50,0.0000,1.000,0.340,0.000,ta,whisper_on_non_english,0
P9kEttHIgSw,comedy,UC9pK7shVDkHkBeRiXpzXbcQ,ok,false,,347,metadata,53,591442,2910000,metadata,0,0,0,0,1280,720,0,0,1,1,1,20,20,1.0,1,0,1,0.004499048278248835,0,1,whisper,1,1,1,srt_dedup,12,0,13,0.0000,0.929,0.385,0.071,en,sparse,0
PDl_fNs9m6s,comedy,UCexFjP5XTqDFrokLWRMtxsg,ok,true,,34,metadata,8,4946698,15800000,metadata,0,0,0,0,1280,720,0,1,1,1,1,20,20,1.0,1,0,1,0.02447552447552449,0,1,whisper,1,1,1,srt_dedup,29,0,27,0.0000,1.000,0.370,0.000,hi,sparse,0
PEYKbzCah8w,comedy,UCnlj_N6tkgddtDnHf5wgbkw,ok,false,,1183,metadata,5,686952,1540000,metadata,0,0,0,0,1280,720,0,0,1,1,1,20,20,1.0,1,0,1,0.0768860149613309,0,1,auto_captions,1,1,1,srt_dedup,4880,0,1773,0.0091,1.000,0.323,0.019,bh,translated_en,1
PUEgD3xqIew,comedy,UCx2NCyudktBrTSdgvlY3weg,ok,false,,1284,metadata,78,4120235,2090000,metadata,0,0,0,0,1280,720,0,0,1,1,1,19,20,0.95,0,1,1,0.10632083187288235,0,1,auto_captions,1,1,1,srt_dedup,1824,0,663,0.0000,1.000,0.271,0.003,ta,translated_en,1
PiwwgzvAPd0,comedy,UCZKveEdM9fe6mFR6Epth2TA,ok,true,,29,metadata,838,3409373,1180000,metadata,0,0,0,0,1280,720,0,1,1,1,1,20,20,1.0,1,0,1,0.0,0,1,whisper,1,1,1,srt_dedup,1,0,18,0.0000,1.000,0.167,0.000,en,sparse,0
PlSmUXQ9eKg,comedy,UCkpyl2w0EMxj39R2686szuw,ok,true,,33,metadata,4,464925,251000,metadata,0,0,0,0,1280,720,0,1,1,1,1,20,20,1.0,1,0,1,0.049495875343721386,0,1,auto_captions,1,1,1,srt_dedup,179,0,68,0.0000,1.000,0.358,0.014,hi,translated_en,1
Py1sIdLEumM,comedy,UCxNtaTEIDFAYdwIfyBO9Ddw,ok,true,,24,metadata,3,114524,6380,metadata,0,0,0,0,1280,720,0,1,1,1,1,20,20,1.0,1,0,1,0.0,0,1,auto_captions,1,1,1,srt_dedup,138,0,56,0.0000,1.000,0.232,0.000,en,native_en,1
Pz_4Icuwo8U,comedy,UCB64X0Xlbjq2gDodHhNe-5w,ok,true,,50,metadata,0,263793,8240000,metadata,0,0,0,0,1280,720,0,1,1,1,1,20,20,1.0,1,0,1,0.0,0,1,auto_captions,1,1,1,srt_dedup,310,0,105,0.0000,1.000,0.381,0.009,hi,translated_en,1
Q8XsNcI8aGw,comedy,UCv8G-xZ_BBGufjbN6jbvLMQ,ok,false,,361,metadata,19,108797,745000,metadata,0,0,0,0,1280,720,0,0,1,1,1,20,20,1.0,1,0,1,0.08636325817455698,0,1,auto_captions,1,1,1,srt_dedup,2644,0,840,0.0000,1.000,0.399,0.110,en,native_en,1
QFq14fy25eg,comedy,UCFREM8qDW8rjM-c-75-wrYA,ok,false,,969,metadata,12,165844,310000,metadata,0,0,0,0,1280,720,0,0,1,1,1,20,20,1.0,1,0,1,0.0008975827168900312,0,1,auto_captions,1,1,1,srt_dedup,4885,0,1644,0.0000,1.000,0.392,0.024,en,native_en,1
QQtrbi4h7wk,comedy,UCB4X9NB9FEl8c0qfKSYWWCQ,ok,false,,339,metadata,9,44998,189000,metadata,0,0,0,0,1280,720,0,0,1,1,1,20,20,1.0,1,0,1,0.043879088733268345,0,1,auto_captions,1,1,1,srt_dedup,3354,0,1182,0.0034,1.000,0.402,0.001,en,native_en,1
Qs2h_CpnlnU,comedy,UCEn7vmLvgGjX40WuHG3i-Ng,ok,true,,56,metadata,27,1722673,1450000,metadata,0,0,0,0,1280,720,0,1,1,1,1,19,20,0.95,0,1,1,0.0,0,1,auto_captions,1,1,1,srt_dedup,159,0,57,0.0000,0.145,0.053,0.034,ta,non_english_text,0
Qz6Y4lo3cJQ,comedy,UC_l1E50_r3p1Gv4_sLYNizg,ok,true,,145,metadata,411,22496483,7330000,metadata,0,0,0,0,1280,720,0,1,1,1,1,20,20,1.0,1,0,1,0.015132669983416261,0,1,auto_captions,1,1,1,srt_dedup,1443,0,490,0.0000,1.000,0.333,0.000,hi,translated_en,1
R8ZI1yFYf3k,comedy,UCM0VDcYvWGbLgX-NJUUUf1w,ok,true,,64,metadata,401,6884342,829000,metadata,0,0,0,0,1280,720,0,1,1,1,1,20,20,1.0,1,0,1,0.10741088180112578,0,1,auto_captions,1,1,1,srt_dedup,226,0,84,0.0000,1.000,0.321,0.000,hi,translated_en,1
R9Oh3X-r6o8,comedy,UC7MgijK9WL_EqCo1juUERwg,ok,false,,621,metadata,45,233474,2390000,metadata,0,0,0,0,1280,720,0,0,1,1,1,12,20,0.6,0,1,0,,0,1,auto_captions,1,1,1,srt_dedup,4470,0,1400,0.0000,1.000,0.355,0.034,en,native_en,1
REGFc0CgcgA,comedy,UCx2NCyudktBrTSdgvlY3weg,ok,false,,266,metadata,64,344613,2090000,metadata,0,0,0,0,1280,720,0,0,1,1,1,20,20,1.0,1,0,1,0.059347850614915945,0,1,auto_captions,1,1,1,srt_dedup,1275,0,453,0.0067,1.000,0.350,0.015,ta,translated_en,1
RFyJWFC-XlE,comedy,UCrwTiQKtQn_JratWV_cnTqQ,ok,true,,11,metadata,3,181300,23700000,metadata,0,0,0,0,1280,720,0,1,1,1,1,20,20,1.0,1,0,1,0.0,0,0,whisper,0,1,0,whisper,3,0,3,0.0000,1.000,0.000,0.000,es,sparse,0
RNw8FIf2tjI,comedy,UCCsjPSePvBP9ZJFX04TgCKQ,ok,true,,39,metadata,14,7273004,117000,metadata,0,0,0,0,1280,720,0,1,1,1,1,20,20,1.0,1,0,1,0.0,0,1,auto_captions,1,1,1,srt_dedup,297,0,107,0.0000,1.000,0.336,0.000,hi,translated_en,1
RO7CovzOCok,comedy,UCgDukAhdTi33HsAQPCP5Ynw,ok,true,,29,metadata,0,73331,131000,metadata,0,0,0,0,1280,720,0,1,1,1,1,20,20,1.0,1,0,1,0.0,0,1,auto_captions,1,1,1,srt_dedup,169,0,70,0.0000,1.000,0.329,0.000,hi,translated_en,1
RPE2gWua5WY,comedy,UCx2NCyudktBrTSdgvlY3weg,ok,false,,1055,metadata,133,2545914,2090000,metadata,0,0,0,0,1280,720,0,0,1,1,1,20,20,1.0,1,0,1,0.011826581378820181,0,1,auto_captions,1,1,1,srt_dedup,8210,0,2890,0.0000,1.000,0.363,0.005,ta,translated_en,1
RUrA1tgz8go,comedy,UCrq11szgal4N031rzisp1rA,ok,true,,19,metadata,25,1236590,1170000,metadata,0,0,0,0,1280,720,0,1,1,1,1,20,20,1.0,1,0,1,0.06119162640901775,0,1,whisper,1,1,1,srt_dedup,26,0,30,0.0000,1.000,0.200,0.000,en,sparse,0
RVXMni9Zb9I,comedy,UCvi4a7mPeq1cv1EYQK4tzRA,ok,true,,32,metadata,7,9319357,13400000,metadata,0,0,0,0,1280,720,0,1,1,1,1,20,20,1.0,1,0,1,0.0,0,1,auto_captions,1,1,1,srt_dedup,280,0,100,0.0000,1.000,0.293,0.000,hi,translated_en,1
RdQy9BYpJ4g,comedy,UCGYuXjjStMAWOR8be11wQ9g,ok,true,,16,metadata,1,135526,97500,metadata,0,0,1,0,1280,720,0,1,1,1,1,20,20,1.0,1,0,1,0.0,0,1,auto_captions,1,1,1,srt_dedup,236,0,78,0.0000,1.000,0.218,0.000,en,native_en,1
RmBJEM05WOw,comedy,UCzkbky4IgfcmGY4oT6v_wFw,ok,false,,1578,metadata,9,344458,407000,metadata,0,0,0,0,640,480,1,0,1,1,1,20,20,1.0,1,0,1,0.007206967368981517,0,1,auto_captions,1,1,1,srt_dedup,10504,0,3655,0.0008,1.000,0.361,0.007,hi,translated_en,1
RodLLFJGqzU,comedy,UCZQKc9FMCvpmVzuhJueWpqw,ok,true,,105,metadata,4,7500436,3260000,metadata,0,0,0,0,1280,720,0,1,1,1,1,20,20,1.0,1,0,1,0.019428571428571437,0,1,auto_captions,1,1,1,srt_dedup,924,0,321,0.0000,1.000,0.352,0.003,hi,translated_en,1
S1opb9LNstk,comedy,UC7VNNISU5rrTiSpUssAViKQ,ok,true,,10,metadata,7,504400,856,metadata,0,0,0,0,1280,720,0,1,1,1,1,20,20,1.0,1,0,1,0.0,0,1,whisper,1,1,1,srt_dedup,1,0,14,0.0000,1.000,0.857,0.222,en,sparse,0
SC3zACofHiY,comedy,UC0D1wPUKAZm9u_p3olRWP-w,ok,true,,10,metadata,0,27670,1290,metadata,0,0,1,1,1280,720,0,1,1,1,1,20,20,1.0,1,0,1,0.08011869436201786,0,1,auto_captions,1,1,1,srt_dedup,53,0,26,0.0000,1.000,0.308,0.000,te,sparse,0
SC57G0okAtQ,comedy,UCRbA0j27RQtZS5HAcPzkUrw,ok,false,,1357,metadata,121,4251454,175000,metadata,0,0,0,0,1280,720,0,0,1,1,1,20,20,1.0,1,0,1,0.025933541155402272,0,1,auto_captions,1,1,1,srt_dedup,1718,0,711,0.0014,1.000,0.250,0.075,or,translated_en,1
SUpBMf1vHxU,comedy,UCG1QXvv8CME3I6yts0IevTA,ok,true,,93,metadata,8,197726,494000,metadata,0,0,0,0,1280,720,0,1,1,1,1,20,20,1.0,1,0,1,0.1044293566117039,0,1,auto_captions,1,1,1,srt_dedup,686,0,227,0.0000,1.000,0.366,0.096,en,native_en,1
SiCeLFdIMpI,comedy,UC4P7fgvQinbOJDEJ9lluZWA,ok,false,,1105,metadata,6,532895,2420000,metadata,0,0,0,0,1280,720,0,0,1,1,1,19,20,0.95,0,1,1,0.009798333469044327,0,1,auto_captions,1,1,1,srt_dedup,6927,0,2531,0.0079,1.000,0.366,0.004,ml,translated_en,1
Sr4Xg7TXhXM,comedy,UCuOwcyyWki0gOk-SwuBlLYw,ok,true,,29,metadata,10,672205,22800,metadata,0,0,0,0,1280,720,0,1,1,1,1,20,20,1.0,1,0,1,0.0,0,1,auto_captions,1,1,1,srt_dedup,195,0,68,0.0000,1.000,0.162,0.029,hi,translated_en,1
SuyHA8n-gkk,comedy,UCx2NCyudktBrTSdgvlY3weg,ok,false,,1731,metadata,62,1353973,2090000,metadata,0,0,0,0,1280,720,0,0,1,1,1,20,20,1.0,1,0,1,0.04710816853562577,0,1,auto_captions,1,1,1,srt_dedup,11237,0,4101,0.0586,1.000,0.347,0.006,ta,translated_en,1
T6Dcc1GhGWI,comedy,UCVeKw_LUFwX1Z2gHka4kMQg,ok,true,,76,metadata,0,130621,1050000,metadata,0,0,0,0,1280,720,0,1,1,1,1,20,20,1.0,1,0,1,0.004365079365079366,0,1,auto_captions,1,1,1,srt_dedup,522,0,187,0.0000,1.000,0.308,0.000,te,translated_en,1
T6iS3P6_rbo,comedy,UCDUgBJnjkswDhJfAsS4GjJg,ok,false,,3042,metadata,127,3033404,327000,metadata,0,0,0,0,1280,720,0,0,1,1,1,20,20,1.0,1,0,1,0.06796958969757325,0,1,auto_captions,1,1,1,srt_dedup,24099,0,8153,0.0006,1.000,0.387,0.027,hi,translated_en,1
T8LY25dJWYs,comedy,UCet9FEXim3LTgRYf3I8F5nA,ok,true,,14,metadata,644,16878475,2830000,metadata,0,0,0,0,1280,720,0,1,1,1,1,20,20,1.0,1,0,1,0.0,0,1,auto_captions,1,1,1,srt_dedup,99,0,37,0.0000,1.000,0.351,0.000,te,sparse,0
TptjpYYCvT8,comedy,UCcr93i1-6gGWnxZmDtEfl6Q,ok,true,,30,metadata,0,196434,7300000,metadata,0,0,0,0,1280,720,0,1,1,1,1,20,20,1.0,1,0,1,0.05115346038114346,0,1,auto_captions,1,1,1,srt_dedup,298,0,105,0.0000,1.000,0.267,0.000,hi,translated_en,1
U-H_oCes6FQ,comedy,UCsq7z22wxgpA4obcSBmqOAw,ok,false,,163,metadata,26,567706,126000,metadata,0,0,0,0,1280,720,0,0,1,1,1,20,20,1.0,1,0,1,0.004955947136563879,0,1,auto_captions,1,1,1,srt_dedup,257,0,111,0.0000,1.000,0.225,0.000,en,native_en,1
UFVo_z-b_g4,comedy,UCEIKJIQXilzGfMRlzfVmIIQ,ok,true,,19,metadata,0,21066,88600,metadata,0,0,0,1,1280,720,0,1,1,1,1,20,20,1.0,1,0,1,0.0,0,1,auto_captions,1,1,1,srt_dedup,151,0,57,0.0000,1.000,0.375,0.000,hi,translated_en,1
UZjhEB9G1Tg,comedy,UCGE-L0dJpos3ut0N96H75Jw,ok,false,,972,metadata,4,1858788,10300000,metadata,0,0,0,0,1280,720,0,0,1,1,1,20,20,1.0,1,0,1,0.00305489554725831,0,1,auto_captions,1,1,1,srt_dedup,1518,0,613,0.0017,1.000,0.313,0.042,en,native_en,1
UkgoHAHCMo4,comedy,UCEB0MOM5MOXghS49OIN7Xyg,ok,false,,1440,metadata,11,21199,2360,metadata,0,0,0,0,1280,720,0,0,1,1,1,20,20,1.0,1,0,1,0.02977083333333335,0,1,auto_captions,1,1,1,srt_dedup,9773,0,3402,0.0015,1.000,0.338,0.011,en,native_en,1
UvRYow1lvX0,comedy,UCOZhfMUMAKDz3gcQ6kgaq5A,ok,true,,12,metadata,0,10318,1940000,metadata,0,0,1,1,1280,720,0,1,1,1,1,20,20,1.0,1,0,1,0.0,0,1,whisper,1,1,1,srt_dedup,17,0,13,0.0000,1.000,0.308,0.071,hi,sparse,0
V5KT6rVRumE,comedy,UCGu6bj0CiE5fSXIGEVjwyiQ,ok,true,,54,metadata,1,599524,925000,metadata,0,0,0,0,1280,720,0,1,1,1,1,20,20,1.0,1,0,1,0.0,0,1,auto_captions,1,1,1,srt_dedup,382,0,127,0.0000,1.000,0.315,0.008,te,translated_en,1
VEnDqbuXPqg,comedy,UCB3mOaCzmqnn1gKOu7BhgOw,ok,true,,13,metadata,0,3058,369,metadata,0,0,1,1,1280,720,0,1,1,1,1,20,20,1.0,1,0,1,0.15212527964205827,0,1,auto_captions,1,1,1,srt_dedup,52,0,18,0.0000,1.000,0.333,0.000,hi,sparse,0
VF1XOdqjB3o,comedy,UCEn7vmLvgGjX40WuHG3i-Ng,ok,true,,43,metadata,521,4454303,1450000,metadata,0,0,0,0,1280,720,0,1,1,1,1,20,20,1.0,1,0,1,0.0,0,0,whisper,0,1,0,whisper,2,0,2,0.0000,1.000,0.500,0.000,ta,sparse,0
VHUQTYWTIJo,comedy,UCGE-L0dJpos3ut0N96H75Jw,ok,false,,904,metadata,10,1776176,10300000,metadata,0,0,0,0,1280,720,0,0,1,1,1,20,20,1.0,1,0,1,0.02590639201247223,0,1,auto_captions,1,1,1,srt_dedup,588,0,262,0.0000,1.000,0.355,0.093,en,native_en,1
VNat_TQAvew,comedy,UC9X97YaH_1_IR8wyZTCRe6A,ok,true,,126,metadata,17,19283692,3130000,metadata,0,0,0,0,1280,720,0,1,1,1,1,20,20,1.0,1,0,1,0.377142857142857,0,1,auto_captions,1,1,1,srt_dedup,401,0,151,0.0000,1.000,0.396,0.000,hi,translated_en,1
VQ_Kh1GTVeU,comedy,UC7MgijK9WL_EqCo1juUERwg,ok,false,,757,metadata,26,432067,2390000,metadata,0,0,0,0,1280,720,0,0,1,1,1,20,20,1.0,1,0,0,,0,1,auto_captions,1,1,1,srt_dedup,5981,0,1935,0.0005,1.000,0.366,0.023,en,native_en,1
VaS1lOYZaBs,comedy,UC64YBTd2J6_747v1p3sSNTQ,ok,false,,1973,metadata,4,1060507,3180000,metadata,0,0,0,0,1280,720,0,0,1,1,1,20,20,1.0,1,0,1,0.025410197533492513,0,1,auto_captions,1,1,1,srt_dedup,12864,0,4593,0.0009,1.000,0.390,0.014,gu,translated_en,1
VbOALuHrK_M,comedy,UCvlVuntLjdURVD3b3Hx7kxw,ok,false,,2353,metadata,162,2638630,3080000,metadata,0,0,0,0,1280,720,0,0,1,1,1,20,20,1.0,1,0,0,,0,1,auto_captions,1,1,1,srt_dedup,12615,0,4088,0.0022,1.000,0.354,0.001,en,native_en,1
Vf2biFRxGF4,comedy,UCmarvOfOC74Qr2uJGbqwKjQ,ok,true,,33,metadata,0,16611,323000,metadata,0,0,1,0,1280,720,0,1,1,1,1,20,20,1.0,1,0,1,0.0,0,1,auto_captions,1,1,1,srt_dedup,331,0,117,0.0000,1.000,0.419,0.000,hi,translated_en,1
VvfGtyVo2_U,comedy,UC6-sonhNC4TKp4RexMA5a8w,ok,true,,28,metadata,733,157712162,4430000,metadata,0,0,0,0,1280,720,0,1,1,1,1,20,20,1.0,1,0,1,0.30250272034820463,0,0,whisper,0,1,0,whisper,1,0,1,0.0000,1.000,0.000,0.000,ur,sparse,0
W757azZ3VAQ,comedy,UCgDxHoam3RE7SX2HTSMqjlA,ok,false,,576,metadata,2033,43562034,4570000,metadata,0,0,0,0,1280,720,0,0,1,1,1,20,20,1.0,1,0,1,0.011254103058406717,0,1,auto_captions,1,1,1,srt_dedup,1057,0,420,0.1211,1.000,0.402,0.021,en,native_en,1
WH2TZGkQmxI,comedy,UCNqA44cRILQDwm9MG0vV-Og,ok,false,,577,metadata,91,1770743,1220000,metadata,0,0,0,0,1280,720,0,0,1,1,1,3,20,0.15,0,1,1,0.020391177694548478,0,1,auto_captions,1,1,1,srt_dedup,3814,0,1333,0.0000,1.000,0.383,0.008,en,native_en,1
WXHd2BW6Wek,comedy,UCHlbZ9NH8aebNJnd1ntmTig,ok,true,,9,metadata,228,129,48600,metadata,0,0,0,1,1280,720,0,1,1,1,1,20,20,1.0,1,0,1,0.03521126760563381,0,0,whisper,0,1,0,whisper,4,0,4,0.0000,1.000,0.500,0.000,en,sparse,0
Whwrc8kPNgo,comedy,UCH8DTKc8hxjEYi_2NYfuriQ,ok,true,,29,metadata,0,118395,1770000,metadata,0,0,0,0,1280,720,0,1,1,1,1,20,20,1.0,1,0,1,0.0,0,1,auto_captions,1,1,1,srt_dedup,136,0,48,0.0000,1.000,0.340,0.000,hi,sparse,0
WlkklNN4nRw,comedy,UCet9FEXim3LTgRYf3I8F5nA,ok,true,,51,metadata,9,896724,2830000,metadata,0,0,0,0,1280,720,0,1,1,1,1,20,20,1.0,1,0,1,0.0,0,1,auto_captions,1,1,1,srt_dedup,406,0,141,0.0000,1.000,0.302,0.021,te,translated_en,1
WnO2-ZiXpwo,comedy,UC58Y9mGoLHC_wW0X-WrgSHg,ok,true,,88,metadata,458,65261627,8250000,metadata,0,0,0,0,1280,720,0,1,1,1,1,20,20,1.0,1,0,1,0.015416238437821176,0,1,whisper,1,1,0,whisper,129,0,129,0.0902,1.000,0.302,0.000,en,native_en,1
WnqITyy3_6o,comedy,UCf-udB1C5rWuvgDSAotUe_g,ok,false,,1135,metadata,8,1839464,1410000,metadata,0,0,0,0,1280,720,0,0,1,1,1,20,20,1.0,1,0,1,0.0062891419813439755,0,1,auto_captions,1,1,1,srt_dedup,5131,0,1886,0.0000,1.000,0.361,0.017,bh,translated_en,1
WpVU2qexLpA,comedy,UCC_oQYNosJfJSNNOfOGqUGA,ok,true,,74,metadata,4,6065720,770000,metadata,0,0,0,0,1280,720,0,1,1,1,1,20,20,1.0,1,0,1,0.010560519902518281,0,1,auto_captions,1,1,1,srt_dedup,445,0,172,0.0000,1.000,0.291,0.006,hi,translated_en,1
WtQ1VMksrco,comedy,UCet9FEXim3LTgRYf3I8F5nA,ok,true,,47,metadata,5,2152323,2830000,metadata,0,0,0,0,1280,720,0,1,1,1,1,20,20,1.0,1,0,1,0.0,0,1,auto_captions,1,1,1,srt_dedup,461,0,163,0.0000,1.000,0.292,0.000,te,translated_en,1
X159heOETjk,comedy,UCZA3ijX3UnZh_WpoL6s2S6g,ok,true,,68,metadata,3,357213,164000,metadata,0,0,0,1,1280,720,0,1,1,1,1,20,20,1.0,1,0,1,0.01632833186231245,0,1,auto_captions,1,1,1,srt_dedup,602,0,217,0.0000,1.000,0.387,0.005,hi,translated_en,1
XHzSkeMX7vg,comedy,UCGYuXjjStMAWOR8be11wQ9g,ok,true,,16,metadata,0,18956,97500,metadata,0,0,1,0,1280,720,0,1,1,1,1,20,20,1.0,1,0,1,0.0,0,1,auto_captions,1,1,1,srt_dedup,232,0,78,0.0000,1.000,0.359,0.000,en,native_en,1
XS9HrHh-0ss,comedy,UCvi4a7mPeq1cv1EYQK4tzRA,ok,true,,33,metadata,20,11298953,13400000,metadata,0,0,0,0,1280,720,0,1,1,1,1,20,20,1.0,1,0,1,0.0,0,1,auto_captions,1,1,1,srt_dedup,280,0,101,0.0000,1.000,0.300,0.020,hi,translated_en,1
XWKdTY9oe00,comedy,UCQTmZczX5kGRgaPIgpy6CyQ,ok,false,,638,metadata,48,1053491,4670000,metadata,0,0,0,0,1280,720,0,0,1,1,1,20,20,1.0,1,0,1,0.04152363037855633,0,1,auto_captions,1,1,1,srt_dedup,3244,0,1125,0.0000,1.000,0.364,0.002,en,native_en,1
XXlg7dmaRaM,comedy,UCOOUu4KDUFxqyAYGHM_nDvA,ok,true,,23,metadata,426,110320364,437000,metadata,0,0,0,0,1280,720,0,1,1,1,1,20,20,1.0,1,0,1,0.0,0,1,auto_captions,1,1,1,srt_dedup,72,0,26,0.0000,1.000,0.385,0.000,en,sparse,0
XandCEsFWoc,comedy,UCet9FEXim3LTgRYf3I8F5nA,ok,true,,12,metadata,628,30027028,2830000,metadata,0,0,0,0,1280,720,0,1,1,1,1,20,20,1.0,1,0,1,0.0,0,1,whisper,1,1,1,srt_dedup,5,0,6,0.0000,1.000,0.333,0.000,te,sparse,0
XbiObxjyAkE,comedy,UC2S0KiGusFDXWcxwEorulsA,ok,false,,677,metadata,235,6493483,1490000,metadata,0,0,0,0,1280,720,0,0,1,1,1,20,20,1.0,1,0,1,0.08356965615030133,0,1,auto_captions,1,1,1,srt_dedup,5219,0,1829,0.0000,1.000,0.397,0.011,en,native_en,1
XiSewRUOVyg,comedy,UCp1m5biWDhP6ogRCpD-qKpw,ok,false,,3897,metadata,62,4133958,1510000,metadata,0,0,0,0,1280,720,0,0,1,1,1,20,20,1.0,1,0,0,,0,1,auto_captions,1,1,1,srt_dedup,22569,0,7835,0.0005,1.000,0.357,0.037,en,native_en,1
XjK4L7P4p5M,comedy,UCrLAoXyUy9XnNmK1rbQ2ZRg,ok,true,,12,metadata,577,3079930,1930000,metadata,0,0,0,0,1280,720,0,1,1,1,1,20,20,1.0,1,0,1,0.0,0,1,auto_captions,1,1,1,srt_dedup,95,0,33,0.0000,1.000,0.273,0.000,en,sparse,0
Xn20COng9F8,comedy,UCx2NCyudktBrTSdgvlY3weg,ok,false,,1321,metadata,19,353633,2090000,metadata,0,0,0,0,1280,720,0,0,1,1,1,20,20,1.0,1,0,1,0.01868416273156557,0,1,whisper,1,1,0,whisper,1486,0,1486,0.0101,1.000,0.335,0.000,ta,whisper_on_non_english,0
Xx7EU2HndmQ,comedy,UCdTk4T481_lEiAhgTCIcLIg,ok,true,,42,metadata,11,760533,116000,metadata,0,0,0,0,1280,720,0,1,1,1,1,20,20,1.0,1,0,1,0.0,0,1,whisper,1,1,1,srt_dedup,5,0,20,0.0000,1.000,0.300,0.000,en,sparse,0
Y4CieN73zYg,comedy,UCRWQmOHvS9hBcXpc6DU4GLw,ok,true,,60,metadata,0,63813,362000,metadata,0,0,0,0,1280,720,0,1,1,1,1,20,20,1.0,1,0,1,0.0,0,1,auto_captions,1,1,1,srt_dedup,473,0,172,0.0000,1.000,0.382,0.000,te,translated_en,1
YAf7E4A3GhY,comedy,UCLHWippxmxx62z9hTQv_QSw,ok,true,,58,metadata,0,206008,232000,metadata,0,0,0,0,1280,720,0,1,1,1,1,20,20,1.0,1,0,1,0.0,0,1,auto_captions,1,1,1,srt_dedup,762,0,263,0.0000,1.000,0.342,0.000,tr,translated_en,1
YFDtS08LwU8,comedy,UCv5G745CB2h14xSkiggSuPA,ok,true,,5,metadata,6,1850557,11600,metadata,0,0,0,0,1280,720,0,1,1,1,1,20,20,1.0,1,0,1,0.0,0,1,whisper,1,1,1,srt_dedup,9,0,4,0.0000,1.000,0.000,0.000,en,sparse,0
YN782GM7KSs,comedy,UC92rZ-OvzaYIvKajXGGVqTQ,ok,true,,124,metadata,3,1480387,3290000,metadata,0,0,0,0,1280,720,0,1,1,1,1,20,20,1.0,1,0,1,0.08003857280617169,0,1,auto_captions,1,1,1,srt_dedup,965,0,327,0.0000,1.000,0.371,0.024,hi,translated_en,1
YgZoBfFGzuk,comedy,UCa5c_8AcqFA1K01EVGno6RQ,ok,true,,21,metadata,3,315308,71900,metadata,0,0,0,1,1280,720,0,1,1,1,1,20,20,1.0,1,0,1,0.0,0,1,whisper,1,1,1,srt_dedup,2,0,9,0.0000,1.000,0.222,0.000,en,sparse,0
YnulGHEDBfc,comedy,UCZhFiJuZE-s8RtSDOP71tFA,ok,true,,37,metadata,0,27706,2210000,metadata,0,0,0,0,1280,720,0,1,1,1,1,20,20,1.0,1,0,1,0.0,0,1,auto_captions,1,1,1,srt_dedup,313,0,108,0.0000,1.000,0.255,0.009,hi,translated_en,1
Z18fKCpZCKc,comedy,UCtfM-QGPa8jcjVbebAIMNqQ,ok,true,,112,metadata,8,3452630,74900,metadata,0,0,0,0,1280,720,0,1,1,1,1,20,20,1.0,1,0,1,0.025517056137523517,0,1,auto_captions,1,1,1,srt_dedup,625,0,216,0.0000,1.000,0.306,0.018,ur,translated_en,1
Z2SKpKcvZsg,comedy,UCtzq9BQwg6j8HWSXWa0Uimw,ok,true,,33,metadata,0,107548,366000,metadata,0,0,0,0,1280,720,0,1,1,1,1,20,20,1.0,1,0,1,0.0,0,1,auto_captions,1,1,1,srt_dedup,198,0,74,0.0000,1.000,0.230,0.026,hi,translated_en,1
Z8I9eJ62itc,comedy,UCvlVuntLjdURVD3b3Hx7kxw,ok,false,,3012,metadata,3,28501,3080000,metadata,0,0,0,0,1280,720,0,0,1,1,1,16,20,0.8,0,1,1,0.030639281231946144,0,1,auto_captions,1,1,1,srt_dedup,25959,0,8725,0.0060,1.000,0.363,0.010,en,native_en,1
Z9l4Ic5vuwA,comedy,UC9YMk4FUWj6LiAS21T7QlAQ,ok,true,,22,metadata,419,93100398,702000,metadata,0,0,0,0,1280,720,0,1,1,1,1,20,20,1.0,1,0,1,0.18934081346423573,0,1,auto_captions,1,1,1,srt_dedup,72,0,30,0.0000,1.000,0.400,0.000,hi,sparse,0
ZELkEQ4ejdg,comedy,UCMYfhi4OkZAl-r63kkTVtVw,ok,false,,384,metadata,37,1431595,2600000,metadata,0,0,0,0,1280,720,0,0,1,1,1,20,20,1.0,1,0,1,0.0,0,1,whisper,1,1,1,srt_dedup,13,0,45,0.0000,1.000,0.022,0.043,en,sparse,0
ZF_tDPRNV5U,comedy,UCwWhs_6x42TyRM4Wstoq8HA,ok,false,,1331,metadata,26,6249893,14000000,metadata,0,0,0,0,1280,720,0,0,1,1,1,16,20,0.8,0,1,1,0.06731571000383113,0,1,auto_captions,1,1,1,srt_dedup,9219,0,2983,0.0044,1.000,0.353,0.001,en,native_en,1
ZStD-d5YPmA,comedy,UCMR-u_ojfE9EdpzYJBzrHuA,ok,true,,11,metadata,426,60059990,5690000,metadata,0,0,0,0,1280,720,0,1,1,1,1,20,20,1.0,1,0,1,0.0828571428571429,0,1,whisper,1,1,1,srt_dedup,10,0,14,0.0000,1.000,0.357,0.000,en,sparse,0
ZU4acatS8sU,comedy,UCo9pzCmSk2WqlbKCjv7KP_w,ok,true,,23,metadata,11,1203090,81600,metadata,0,0,0,0,1280,720,0,1,1,1,1,20,20,1.0,1,0,1,0.08684210526315796,0,0,whisper,0,1,0,whisper,4,0,4,0.0000,0.929,0.000,0.000,hi,sparse,0
ZfJcaPkqHa4,comedy,UC00O7BmiN_sRKZqAH5aZGyg,ok,false,,709,metadata,8,169033,784000,metadata,0,0,0,0,1280,720,0,0,1,1,1,20,20,1.0,1,0,1,0.026580885465165502,0,1,auto_captions,1,1,1,srt_dedup,5615,0,2018,0.0060,1.000,0.353,0.005,en,native_en,1
Zr6ojFVDOao,comedy,UC7MgijK9WL_EqCo1juUERwg,ok,false,,677,metadata,61,465205,2390000,metadata,0,0,0,0,1280,720,0,0,1,1,1,20,20,1.0,1,0,1,0.04587359276659874,0,1,auto_captions,1,1,1,srt_dedup,4887,0,1497,0.0000,1.000,0.326,0.086,en,native_en,1
ZsFiwxJa1Qs,comedy,UCRa3vKZ7BG0Dcv4t_add-KQ,ok,true,,47,metadata,411,1833716,1520000,metadata,0,0,0,0,1280,720,0,1,1,1,1,20,20,1.0,1,0,1,0.0,0,1,auto_captions,1,1,1,srt_dedup,389,0,128,0.0000,1.000,0.281,0.105,en,native_en,1
Zu53F1zX3a0,comedy,UCWAA7dsceBZKMrzqF9xLOiQ,ok,true,,23,metadata,0,4662,20200,metadata,0,0,1,1,1280,720,0,1,1,1,1,20,20,1.0,1,0,1,0.017015706806282727,0,1,auto_captions,1,1,1,srt_dedup,132,0,44,0.0000,1.000,0.318,0.000,hi,sparse,0
_5BJ6XACjgk,comedy,UCESNtmAdI5dOIq0Yl3Bo5zg,ok,true,,23,metadata,24,25648664,208000,metadata,0,0,0,0,1280,720,0,1,1,1,1,20,20,1.0,1,0,1,0.06117021276595747,0,0,whisper,0,1,0,whisper,4,0,4,0.0000,1.000,0.000,0.000,hi,sparse,0
_Dg_3olJzgU,comedy,UCx2NCyudktBrTSdgvlY3weg,ok,false,,2096,metadata,35,646697,2090000,metadata,0,0,0,0,1280,720,0,0,1,1,1,20,20,1.0,1,0,1,0.006699400203272401,0,1,auto_captions,1,1,1,srt_dedup,14272,0,5046,0.0010,1.000,0.341,0.007,ta,translated_en,1
_Xz26gHh2V4,comedy,UCMMz2JpEtiZTo2zmqHhqzKQ,ok,true,,7,metadata,100,15,553,metadata,0,0,0,1,1280,720,0,1,1,1,1,20,20,1.0,1,0,1,0.11013215859030843,0,0,whisper,0,1,0,whisper,1,0,1,0.0000,0.000,0.000,0.000,en,sparse,0
_elzbU-AIdY,comedy,UCGE-L0dJpos3ut0N96H75Jw,ok,false,,84,metadata,14,752938,10300000,metadata,0,0,0,0,1280,720,0,0,1,1,1,20,20,1.0,1,0,1,0.0,0,1,auto_captions,1,1,1,srt_dedup,95,0,47,0.0000,1.000,0.213,0.000,en,sparse,0
_hjSfVsUq0A,comedy,UC58Y9mGoLHC_wW0X-WrgSHg,ok,true,,104,metadata,425,62732754,8250000,metadata,0,0,0,0,1280,720,0,1,1,1,1,20,20,1.0,1,0,1,0.004604316546762592,0,1,auto_captions,1,1,1,srt_dedup,325,0,128,0.0000,1.000,0.344,0.015,hi,translated_en,1
_pFPd2Gdzz8,comedy,UC_15iyVgvQuWC7FNLft77kg,ok,true,,17,metadata,309,16675252,45200,metadata,0,0,0,0,1280,720,0,1,1,1,1,20,20,1.0,1,0,1,0.06964285714285716,0,1,whisper,1,1,1,srt_dedup,30,0,19,0.0000,1.000,0.211,0.000,hi,sparse,0
a3YlpD6yA2A,comedy,UCcr93i1-6gGWnxZmDtEfl6Q,ok,true,,19,metadata,10,385516,7300000,metadata,0,0,0,0,1280,720,0,1,1,1,1,20,20,1.0,1,0,1,0.0,0,1,whisper,1,1,1,srt_dedup,1,0,33,0.0000,1.000,0.394,0.029,en,sparse,0
aEACJV9n3QI,comedy,UCvlVuntLjdURVD3b3Hx7kxw,ok,false,,1483,metadata,975,5066186,3080000,metadata,0,0,0,0,1280,720,0,0,1,1,1,19,20,0.95,0,1,1,0.06316385781050841,0,1,auto_captions,1,1,1,srt_dedup,7084,0,2592,0.0000,1.000,0.360,0.000,en,native_en,1
aOrH8uwDlaA,comedy,UCWb3IZmrZhHAyUyUg9HDHjA,ok,true,,60,metadata,785,72401326,22000000,metadata,0,0,0,0,1280,720,0,1,1,1,1,20,20,1.0,1,0,1,0.0,0,0,whisper,0,1,0,whisper,101,0,101,0.2234,1.000,0.356,0.000,en,native_en,1
aSC9MozK-So,comedy,UC_l1E50_r3p1Gv4_sLYNizg,ok,true,,55,metadata,394,37086845,7330000,metadata,0,0,0,0,1280,720,0,1,1,1,1,20,20,1.0,1,0,1,0.04290429042904292,0,1,auto_captions,1,1,1,srt_dedup,256,0,88,0.0000,1.000,0.345,0.000,hi,translated_en,1
aYJJ5L0RKUQ,comedy,UCEFB4fPJEycg99TBGPTv7oA,missing_from_api,true,,46,metadata,15,491225,1590000,metadata,0,0,0,0,1280,720,0,1,1,1,1,20,20,1.0,1,0,1,0.0,0,1,auto_captions,1,1,1,srt_dedup,200,0,79,0.0000,1.000,0.342,0.013,,native_en,1
aa8n7MZM-tE,comedy,UCjJvvBRawsbNYRLLxYS2CJQ,ok,false,,1246,metadata,36,1134395,13800,metadata,0,0,1,0,1280,720,0,0,1,1,1,20,20,1.0,1,0,1,0.007173635685226645,0,1,auto_captions,1,1,1,srt_dedup,6246,0,2240,0.0000,1.000,0.308,0.015,en,native_en,1
ajIAd_hSQe8,comedy,UCFSI96vClUFIq3P8x5WDSqQ,ok,false,,1605,metadata,16,442787,464000,metadata,0,0,0,0,1280,720,0,0,1,1,1,20,20,1.0,1,0,1,0.00970111590870858,0,1,auto_captions,1,1,1,srt_dedup,6819,0,2443,0.0078,1.000,0.331,0.025,hi,translated_en,1
bWIaa0I2a_0,comedy,UC0-xPTwPhfXnuiI7QIcev3A,ok,true,,60,metadata,435,19776821,2950000,metadata,0,0,0,0,1280,720,0,1,1,1,1,20,20,1.0,1,0,1,0.0,0,1,auto_captions,1,1,1,srt_dedup,461,0,183,0.0000,1.000,0.297,0.000,ta,translated_en,1
bWS7rB8NeoY,comedy,UCGE-L0dJpos3ut0N96H75Jw,ok,false,,770,metadata,32,4156800,10300000,metadata,0,0,0,0,1280,720,0,0,1,1,1,20,20,1.0,1,0,1,0.011293274660228201,0,1,auto_captions,1,1,1,srt_dedup,1207,0,479,0.0000,1.000,0.259,0.048,en,native_en,1
bXEJzKpAlCs,comedy,UCo10yRzepDzIt7B7w2wnM1Q,ok,false,,4429,metadata,3,530514,219000,metadata,0,0,0,0,1280,720,0,0,1,1,1,20,20,1.0,1,0,1,0.001991478639020789,0,1,auto_captions,1,1,1,srt_dedup,40091,0,13520,0.0000,1.000,0.390,0.008,hi,translated_en,1
biaODEUq2xc,comedy,UChJRDTWVS8JaDbhsclfTUKg,ok,true,,40,metadata,414,21557374,9770000,metadata,0,0,0,0,1280,720,0,1,1,1,1,20,20,1.0,1,0,1,0.0,0,1,auto_captions,1,1,1,srt_dedup,407,0,137,0.0000,1.000,0.398,0.000,en,native_en,1
bkTfj66Frro,comedy,UCGE-L0dJpos3ut0N96H75Jw,ok,false,,865,metadata,18,1922231,10300000,metadata,0,0,0,0,1280,720,0,0,1,1,1,20,20,1.0,1,0,1,0.00634953679608619,0,1,auto_captions,1,1,1,srt_dedup,606,0,316,0.0000,1.000,0.322,0.051,en,native_en,1
bn62x3svoqI,comedy,UCFNt89KbCWdfxckw66fbYTQ,ok,true,,24,metadata,87,31972879,55500,metadata,0,0,0,0,1280,720,0,1,1,1,1,20,20,1.0,1,0,1,0.01261034047919294,0,1,auto_captions,1,1,1,srt_dedup,140,0,51,0.0000,1.000,0.294,0.019,hi,translated_en,1
brUy4L0or9s,comedy,UC4PSqrnWlB91Gapiq3ly3ng,ok,true,,10,metadata,0,31434,35300,metadata,0,0,0,0,1280,720,0,1,1,1,1,20,20,1.0,1,0,1,0.0,0,1,auto_captions,1,1,1,srt_dedup,71,0,27,0.0000,1.000,0.308,0.000,de,sparse,0
bt_I3nJmQ3I,comedy,UCnTSUodWTWMMv7QJgdS-8Lw,ok,false,,2542,metadata,27,414865,57000,metadata,0,0,0,0,1280,720,0,0,1,1,1,20,20,1.0,1,0,1,0.17160796903030878,0,1,auto_captions,1,1,1,srt_dedup,12636,0,4268,0.0007,1.000,0.366,0.002,en,native_en,1
bwBpTN_xO4E,comedy,UC6-sonhNC4TKp4RexMA5a8w,ok,true,,21,metadata,7,364548,4430000,metadata,0,0,0,0,1280,720,0,1,1,1,1,20,20,1.0,1,0,1,0.016949152542372888,0,0,whisper,0,1,0,whisper,26,0,26,0.0000,1.000,0.192,0.000,ur,sparse,0
c1X4G4ZCvZA,comedy,UCUAqwHasqrdpSTD7Y6iTZPg,ok,true,,34,metadata,10,16084096,738000,metadata,0,0,0,0,1280,720,0,1,1,1,1,20,20,1.0,1,0,1,0.0,0,1,auto_captions,1,1,1,srt_dedup,319,0,111,0.0000,1.000,0.297,0.000,hi,translated_en,1
caZs9faGMH0,comedy,UCQTmZczX5kGRgaPIgpy6CyQ,ok,false,,1155,metadata,519,4907418,4670000,metadata,0,0,0,0,1280,720,0,0,1,1,1,20,20,1.0,1,0,1,0.05392347853190992,0,1,auto_captions,1,1,1,srt_dedup,6184,0,2190,0.0027,1.000,0.367,0.021,en,native_en,1
cj4SXjeWQ58,comedy,UCcr93i1-6gGWnxZmDtEfl6Q,ok,true,,18,metadata,10,606480,7300000,metadata,0,0,0,0,1280,720,0,1,1,1,1,20,20,1.0,1,0,1,0.0,0,0,whisper,0,1,0,whisper,1,0,1,0.0000,0.000,0.000,0.000,en,sparse,0
dIRq98NU6RE,comedy,UC7mn8IUedabEp5ojU-AZ-GA,ok,true,,48,metadata,526,13601726,4750000,metadata,0,0,0,0,1280,720,0,1,1,1,1,20,20,1.0,1,0,1,0.08084577114427864,0,1,auto_captions,1,1,1,srt_dedup,249,0,89,0.0000,1.000,0.393,0.000,hi,translated_en,1
dgIORIQG7sA,comedy,UCx2NCyudktBrTSdgvlY3weg,ok,false,,1381,metadata,98,2607637,2090000,metadata,0,0,0,0,1280,720,0,0,1,1,1,20,20,1.0,1,0,1,0.057492235181685884,0,1,auto_captions,1,1,1,srt_dedup,2802,0,652,0.1163,1.000,0.356,0.003,ta,translated_en,1
dihYlHt6raE,comedy,UCUAqwHasqrdpSTD7Y6iTZPg,ok,true,,29,metadata,7,1730567,738000,metadata,0,0,0,0,1280,720,0,1,1,1,1,20,20,1.0,1,0,1,0.0,0,1,auto_captions,1,1,1,srt_dedup,251,0,88,0.0000,1.000,0.409,0.000,hi,translated_en,1
dxncLq0f7bQ,comedy,UCtZ7MrWE5bMFlqhj4ajc71w,ok,true,,32,metadata,4,2195523,63600,metadata,0,0,0,0,1280,720,0,1,1,1,1,20,20,1.0,1,0,1,0.0,0,1,auto_captions,1,1,1,srt_dedup,203,0,70,0.0000,1.000,0.271,0.000,hi,translated_en,1
e7H0bTYogdI,comedy,UCet9FEXim3LTgRYf3I8F5nA,ok,true,,31,metadata,4,212257,2830000,metadata,0,0,0,0,1280,720,0,1,1,1,1,20,20,1.0,1,0,1,0.04506232023010549,0,1,auto_captions,1,1,1,srt_dedup,153,0,60,0.0189,1.000,0.383,0.032,te,translated_en,1
ePWUr-rj71U,comedy,UCE60iGtGWXo5ptyflKwhIDg,ok,false,,1363,metadata,6,44181,143000,metadata,0,0,0,0,1280,720,0,0,1,1,1,20,20,1.0,1,0,1,0.00048430414300180524,0,1,whisper,1,1,1,srt_dedup,47,0,109,0.0000,0.974,0.148,0.177,en,non_english_text,0
eVMhRS9LhcM,comedy,UCv8G-xZ_BBGufjbN6jbvLMQ,ok,false,,1943,metadata,111,356109,745000,metadata,0,0,0,0,1280,720,0,0,1,1,1,20,20,1.0,1,0,1,0.08933312750849026,0,1,auto_captions,1,1,1,srt_dedup,13643,0,4413,0.0032,1.000,0.338,0.109,en,native_en,1
eo_LU21YV_I,comedy,UCet9FEXim3LTgRYf3I8F5nA,ok,true,,22,metadata,436,41979478,2830000,metadata,0,0,0,0,1280,720,0,1,1,1,1,20,20,1.0,1,0,1,0.0,0,1,auto_captions,1,1,1,srt_dedup,173,0,65,0.0000,1.000,0.385,0.000,te,translated_en,1
eqry88YcRPY,comedy,UCGE-L0dJpos3ut0N96H75Jw,ok,false,,810,metadata,42,1827121,10300000,metadata,0,0,0,0,1280,720,0,0,1,1,1,19,20,0.95,0,1,1,0.012485643362602354,0,1,auto_captions,1,1,1,srt_dedup,1817,0,679,0.0000,1.000,0.261,0.019,en,native_en,1
fPGu2jD1-bo,comedy,UCZkEAdmuaKMOXVvqWPqs0Gw,ok,false,,585,metadata,232,694276,70800,metadata,0,0,0,0,1280,720,0,0,1,1,1,20,20,1.0,1,0,1,0.012203250781930979,0,1,auto_captions,1,1,1,srt_dedup,5123,0,1769,0.0341,1.000,0.380,0.007,en,native_en,1
fZpFbZ5mOuA,comedy,UC5EQWvy59VeHPJz8mDALPxg,ok,false,,556,metadata,329,1300833,8500000,metadata,0,0,0,0,1280,720,0,0,1,1,1,20,20,1.0,1,0,1,0.03241290044223925,0,1,auto_captions,1,1,1,srt_dedup,2775,0,1003,0.0000,1.000,0.335,0.005,ta,translated_en,1
fn3DYg4w-0o,comedy,UCmH6lvysZOJ0mWvkmzlIFfA,ok,true,,59,metadata,302,19967651,13100000,metadata,0,0,0,0,1280,720,0,1,1,1,1,20,20,1.0,1,0,1,0.0,0,1,auto_captions,1,1,1,srt_dedup,501,0,178,0.0000,1.000,0.333,0.000,hi,translated_en,1
fq08FS2lf18,comedy,UCJ9hfZ2sU7jFT9isA2rN58Q,ok,false,,7470,metadata,42,299559,674000,metadata,0,0,0,0,1280,720,0,0,1,1,1,8,20,0.4,0,1,0,,0,1,auto_captions,1,1,1,srt_dedup,54872,0,18561,0.0023,1.000,0.362,0.014,en,native_en,1
g10DzV7hXPk,comedy,UCHlbZ9NH8aebNJnd1ntmTig,ok,true,,13,metadata,240,88,48600,metadata,0,0,0,1,1280,720,0,1,1,1,1,18,20,0.9,0,1,1,0.07075471698113212,0,1,whisper,1,1,1,srt_dedup,1,0,9,0.0000,1.000,0.111,0.100,en,sparse,0
gHc3pMV5-Kg,comedy,UCeP5_FL11TnvXuvrFvALJyA,ok,false,,1018,metadata,23,1526332,1700000,metadata,0,0,0,0,1280,720,0,0,1,1,1,6,20,0.3,0,1,1,0.016833230152412955,0,1,auto_captions,1,1,1,srt_dedup,8603,0,2938,0.0000,1.000,0.366,0.014,hi,translated_en,1
gcGgSXgF44E,comedy,UCx2NCyudktBrTSdgvlY3weg,ok,false,,1276,metadata,119,2647184,2090000,metadata,0,0,0,0,1280,720,0,0,1,1,1,20,20,1.0,1,0,1,0.02828791120934936,0,1,auto_captions,1,1,1,srt_dedup,6103,0,2257,0.0031,1.000,0.341,0.008,ta,translated_en,1
gcURMXE1h9Y,comedy,UCodptbjdNf75jEmin8sFZrg,ok,false,,3607,metadata,31,86831,176000,metadata,0,0,0,0,1280,720,0,0,1,1,1,16,20,0.8,0,1,0,,0,1,auto_captions,1,1,1,srt_dedup,26616,0,9122,0.0024,1.000,0.374,0.006,en,native_en,1
ghaxttecJmM,comedy,UCxx0xX_KjH0O4nMXiFKgHDw,ok,true,,63,metadata,26,941538,1290000,metadata,0,0,0,0,1280,720,0,1,1,1,1,20,20,1.0,1,0,1,0.0,0,1,auto_captions,1,1,1,srt_dedup,346,0,124,0.0000,1.000,0.323,0.016,hi,translated_en,1
gpLET-NBHng,comedy,UCvi4a7mPeq1cv1EYQK4tzRA,ok,true,,56,metadata,311,183460733,13400000,metadata,0,0,0,0,1280,720,0,1,1,1,1,20,20,1.0,1,0,1,0.01457096600107934,0,1,auto_captions,1,1,1,srt_dedup,319,0,113,0.0000,1.000,0.259,0.026,hi,translated_en,1
grJJjg82aG8,comedy,UC6GUJomHzgg92K7cU8BUZnQ,ok,true,,18,metadata,0,20807,3420,metadata,0,0,0,0,1280,720,0,1,1,1,1,20,20,1.0,1,0,1,0.02564102564102565,0,1,auto_captions,1,1,1,srt_dedup,100,0,35,0.0000,1.000,0.371,0.000,hi,sparse,0
gsyM3K7fNOg,comedy,UC_l1E50_r3p1Gv4_sLYNizg,ok,true,,179,metadata,358,22263786,7330000,metadata,0,0,0,0,1280,720,0,1,1,1,1,20,20,1.0,1,0,1,0.011371237458193986,0,1,auto_captions,1,1,1,srt_dedup,1623,0,561,0.0000,1.000,0.374,0.000,hi,translated_en,1
gtiK_AJ3phs,comedy,UC48vQEzMeEiLViPU5mRhBYg,ok,true,,6,metadata,20,1462197,3310,metadata,0,0,0,0,1280,720,0,1,1,1,1,20,20,1.0,1,0,1,0.0,0,1,whisper,1,1,1,srt_dedup,1,0,3,0.0000,1.000,0.000,0.000,en,sparse,0
gzVtq3WIL9o,comedy,UCAgAsH5n26IHMDyzwhF3wIw,ok,true,,48,metadata,11,1858723,17900000,metadata,0,0,0,0,1280,720,0,1,1,1,1,20,20,1.0,1,0,1,0.014321295143212955,0,1,auto_captions,1,1,1,srt_dedup,401,0,146,0.0000,1.000,0.342,0.000,hi,translated_en,1
gzhUIKkRtEM,comedy,UCanxirjE8FuHkY6iyl7AA4A,ok,true,,15,metadata,365,146228023,65900,metadata,0,0,0,0,1280,720,0,1,1,1,1,20,20,1.0,1,0,1,0.02750491159135561,0,0,whisper,0,1,0,whisper,2,0,2,0.0000,1.000,0.000,0.000,bn,sparse,0
hHa9MdmtRP8,comedy,UCimND93KNLwUj_y25yxRIzg,ok,true,,22,metadata,9,262904,23700,metadata,0,0,0,0,1280,720,0,1,1,1,1,20,20,1.0,1,0,1,0.0,0,1,auto_captions,1,1,1,srt_dedup,192,0,55,0.0000,1.000,0.291,0.000,te,translated_en,1
hPBbDWYx_xU,comedy,UCANhH9-TMAqE0tW3Sd8ej-A,ok,false,,1016,metadata,4,26971,207000,metadata,0,0,0,0,1280,720,0,0,1,1,1,20,20,1.0,1,0,1,0.006464944649446497,0,1,auto_captions,1,1,1,srt_dedup,4685,0,1691,0.0065,1.000,0.318,0.015,hi,translated_en,1
hQIA7TGSAes,comedy,UCvlVuntLjdURVD3b3Hx7kxw,ok,false,,3296,metadata,63,259075,3080000,metadata,0,0,0,0,1280,720,0,0,1,1,1,5,20,0.25,0,1,1,0.013991934382652555,0,1,auto_captions,1,1,1,srt_dedup,31061,0,10248,0.0028,1.000,0.356,0.003,en,native_en,1
hUrcOS4LjLE,comedy,UC003vuy58DQezxjYdEQ0vUg,ok,false,,791,metadata,4,115325,54100,metadata,0,0,0,0,1280,720,0,0,1,1,1,19,20,0.95,0,1,1,0.028506444275966655,0,1,auto_captions,1,1,1,srt_dedup,4540,0,1674,0.0000,1.000,0.344,0.000,hi,translated_en,1
hWzbYOHQgcA,comedy,UCrq11szgal4N031rzisp1rA,ok,true,,14,metadata,15,5608459,1170000,metadata,0,0,0,0,1280,720,0,1,1,1,1,20,20,1.0,1,0,1,0.0,0,1,auto_captions,1,1,1,srt_dedup,66,0,26,0.0000,1.000,0.577,0.000,en,sparse,0
hZ9Hu7DM-v8,comedy,UC4XmmVkTDjkOfFnqt050aog,ok,false,,1922,metadata,13,53212,343000,metadata,0,0,0,0,1280,720,0,0,1,1,1,2,20,0.1,0,1,1,0.0764404769336413,0,1,auto_captions,1,1,1,srt_dedup,13457,0,4263,0.0000,1.000,0.331,0.029,en,native_en,1
haTK9SfHmjc,comedy,UCVPzhcNHMNz1NiINeWcVEbw,ok,true,,23,metadata,0,25384,146000,metadata,0,0,1,0,1280,720,0,1,1,1,1,20,20,1.0,1,0,1,0.0,0,1,auto_captions,1,1,1,srt_dedup,99,0,35,0.0000,1.000,0.314,0.000,hi,sparse,0
hehvvDzuA-4,comedy,UC_l1E50_r3p1Gv4_sLYNizg,ok,true,,180,metadata,521,24364612,7330000,metadata,0,0,0,0,1280,720,0,1,1,1,1,20,20,1.0,1,0,1,0.029328445259123485,0,1,auto_captions,1,1,1,srt_dedup,1042,0,389,0.1885,1.000,0.311,0.008,hi,translated_en,1
hqtkWqFITtM,comedy,UCvlVuntLjdURVD3b3Hx7kxw,ok,false,,3720,metadata,72,255342,3080000,metadata,0,0,0,0,1280,720,0,0,1,1,1,20,20,1.0,1,0,1,0.03261237721972226,0,1,auto_captions,1,1,1,srt_dedup,27653,0,9036,0.0011,1.000,0.359,0.001,en,native_en,1
hsypMyEUSco,comedy,UC2yxPMi2_DXMt9R8Hxpz2pw,ok,true,,31,metadata,25,2108361,104000,metadata,0,0,1,0,1280,720,0,1,1,1,1,20,20,1.0,1,0,1,0.0,0,1,auto_captions,1,1,1,srt_dedup,235,0,84,0.0000,1.000,0.226,0.000,hi,translated_en,1
hyiF_M7jtnQ,comedy,UCet9FEXim3LTgRYf3I8F5nA,ok,true,,25,metadata,316,25070831,2830000,metadata,0,0,0,0,1280,720,0,1,1,1,1,20,20,1.0,1,0,1,0.026410564225690283,0,1,auto_captions,1,1,1,srt_dedup,159,0,56,0.0000,1.000,0.179,0.000,te,translated_en,1
hzDZsuKG6R8,comedy,UCnHcXyiovC7jLLPddc4Ezkw,ok,false,,5066,metadata,116,1380023,99100,metadata,0,0,0,0,1280,720,0,0,1,1,1,20,20,1.0,1,0,1,0.02122355198408234,0,1,auto_captions,1,1,1,srt_dedup,46273,0,15429,0.0002,1.000,0.390,0.023,hi,translated_en,1
i130GMI_7Zg,comedy,UCyKkh4qI4ZJDKNBTPT2JK5Q,ok,false,,631,metadata,17,103281,936000,metadata,0,0,0,0,1280,720,0,0,1,1,1,20,20,1.0,1,0,1,0.030376497432972067,0,0,whisper,0,1,0,whisper,304,0,304,0.0471,0.999,0.245,0.000,hi,whisper_on_non_english,0
iL8GlJ9nrvE,comedy,UC_l1E50_r3p1Gv4_sLYNizg,ok,true,,21,metadata,709,35429304,7350000,metadata,0,0,1,0,1280,720,0,1,1,1,1,20,20,1.0,1,0,1,0.18355359765051357,0,1,auto_captions,1,1,1,srt_dedup,90,0,45,0.0000,1.000,0.356,0.000,hi,sparse,0
iLivnrQ2sEo,comedy,UCxjV5E_JucLX40HwILFN_MQ,ok,false,,4550,metadata,316,816983,237000,metadata,0,0,0,0,1280,720,0,0,1,1,1,6,20,0.3,0,1,1,0.12966675018792304,0,1,auto_captions,1,1,1,srt_dedup,35363,0,12019,0.0037,1.000,0.342,0.016,en,native_en,1
iQJrukKwsuE,comedy,UCQTmZczX5kGRgaPIgpy6CyQ,ok,false,,807,metadata,63,970927,4670000,metadata,0,0,0,0,1280,720,0,0,1,1,1,20,20,1.0,1,0,0,,0,1,auto_captions,1,1,1,srt_dedup,5064,0,1666,0.0000,1.000,0.361,0.005,en,native_en,1
ibVwBUNjgOE,comedy,UCvlVuntLjdURVD3b3Hx7kxw,ok,false,,1540,metadata,605,3760170,3080000,metadata,0,0,0,0,1280,720,0,0,0,1,1,0,20,0.0,0,1,0,,0,1,auto_captions,1,1,1,srt_dedup,11892,0,4109,0.0012,1.000,0.378,0.000,en,native_en,1
j1AxfwQr-GA,comedy,UCJ9hfZ2sU7jFT9isA2rN58Q,ok,false,,3189,metadata,116,164156,800,metadata,0,0,0,0,1280,720,0,0,1,1,1,15,20,0.75,0,1,1,0.01803200045150549,0,1,auto_captions,1,1,1,srt_dedup,28373,0,9248,0.0005,1.000,0.371,0.035,en,native_en,1
j2LtAYtBRQU,comedy,UC7MgijK9WL_EqCo1juUERwg,ok,false,,562,metadata,17,79248,2390000,metadata,0,0,0,0,1280,720,0,0,1,1,1,20,20,1.0,1,0,1,0.030937750467539424,0,1,auto_captions,1,1,1,srt_dedup,4992,0,1574,0.0038,1.000,0.368,0.013,en,native_en,1
j42tnd_AJz4,comedy,UCx2NCyudktBrTSdgvlY3weg,ok,false,,1959,metadata,28,1235723,2090000,metadata,0,0,0,0,1280,720,0,0,1,1,1,20,20,1.0,1,0,1,0.0035068375675717045,0,1,auto_captions,1,1,1,srt_dedup,9016,0,3271,0.0162,1.000,0.338,0.018,ta,translated_en,1
janj66qRALg,comedy,UCx2NCyudktBrTSdgvlY3weg,ok,false,,2559,metadata,68,1976250,2090000,metadata,0,0,0,0,1280,720,0,0,1,1,1,20,20,1.0,1,0,1,0.002157092614302461,0,1,auto_captions,1,1,1,srt_dedup,16570,0,5917,0.0002,1.000,0.356,0.009,ta,translated_en,1
jiVmZzYXx3o,comedy,UCG9qU-cFKC6t6FE8XtZqzRg,ok,false,,520,metadata,57,2410224,10900,metadata,0,0,0,0,640,480,1,0,1,1,1,20,20,1.0,1,0,1,0.07527688047992617,0,1,whisper,1,1,0,whisper,65,0,65,0.0862,1.000,0.262,0.000,en,native_en,1
jozYdBhmlEU,comedy,UC9pK7shVDkHkBeRiXpzXbcQ,ok,false,,301,metadata,141,1317437,2910000,metadata,0,0,0,0,1280,720,0,0,1,1,1,20,20,1.0,1,0,1,0.0,0,1,whisper,1,1,1,srt_dedup,11,0,11,0.0000,1.000,0.182,0.000,en,sparse,0
k5nDbxd0XW4,comedy,UC_l1E50_r3p1Gv4_sLYNizg,ok,true,,142,metadata,2,8621224,7330000,metadata,0,0,0,0,1280,720,0,1,1,1,1,20,20,1.0,1,0,1,0.06145723336853217,0,1,auto_captions,1,1,1,srt_dedup,782,0,287,0.0000,1.000,0.394,0.010,hi,translated_en,1
l-ESjnz6cdY,comedy,UC0u9us5DGZbTamp2x1z1mbw,ok,true,,21,metadata,0,93791,236000,metadata,0,0,0,0,1280,720,0,1,1,1,1,20,20,1.0,1,0,1,0.018544935805991446,0,1,whisper,1,1,1,srt_dedup,3,0,5,0.0000,1.000,0.200,0.375,hi,sparse,0
l5amjQNsKgw,comedy,UCpCLsVt-9LhvDKvEzE7Kw7A,ok,true,,60,metadata,941,287083926,9300000,metadata,0,0,0,0,1280,720,0,1,1,1,1,20,20,1.0,1,0,1,0.007564296520423603,0,1,whisper,1,1,1,srt_dedup,4,0,1,0.0000,1.000,1.000,0.000,en,sparse,0
lM4WTWIBcvo,comedy,UCC_oQYNosJfJSNNOfOGqUGA,ok,true,,75,metadata,7,672676,769000,metadata,0,0,0,0,1280,720,0,1,1,1,1,20,20,1.0,1,0,1,0.0,0,1,auto_captions,1,1,1,srt_dedup,551,0,206,0.0000,1.000,0.320,0.005,hi,translated_en,1
lrSo77HBIik,comedy,UCRbA0j27RQtZS5HAcPzkUrw,ok,false,,1502,metadata,16,1002222,175000,metadata,0,0,0,0,1280,720,0,0,1,1,1,20,20,1.0,1,0,1,0.02293110680542517,0,1,auto_captions,1,1,1,srt_dedup,2883,0,1151,0.0000,1.000,0.281,0.058,or,translated_en,1
m4IMYQF1TnE,comedy,UCrq11szgal4N031rzisp1rA,ok,true,,5,metadata,1,4063463,1180000,metadata,0,0,0,0,1280,720,0,1,1,1,1,20,20,1.0,1,0,1,0.0,0,1,whisper,1,1,1,srt_dedup,9,0,11,0.0000,1.000,0.636,0.000,hi,sparse,0
m52AUk2kOJ4,comedy,UCvi4a7mPeq1cv1EYQK4tzRA,ok,true,,47,metadata,399,93759291,13400000,metadata,0,0,0,0,1280,720,0,1,1,1,1,20,20,1.0,1,0,1,0.0,0,1,auto_captions,1,1,1,srt_dedup,355,0,131,0.0000,1.000,0.313,0.000,hi,translated_en,1
mMYdidMxa5U,comedy,UCHbFjCVeFEEBorATfOjBW2Q,ok,true,,110,metadata,4,1440677,4390000,metadata,0,0,0,0,1280,720,0,1,1,1,1,20,20,1.0,1,0,1,0.0,0,1,auto_captions,1,1,1,srt_dedup,629,0,216,0.0000,1.000,0.361,0.005,hi,translated_en,1
mT8DLv3FOdE,comedy,UCEB0MOM5MOXghS49OIN7Xyg,ok,false,,1523,metadata,10,46700,2340,metadata,0,0,0,0,1280,720,0,0,1,1,1,19,20,0.95,0,1,1,0.028972091465936635,0,1,auto_captions,1,1,1,srt_dedup,10885,0,3816,0.0026,1.000,0.334,0.007,en,native_en,1
mVIKeJYo2Ug,comedy,UC9pK7shVDkHkBeRiXpzXbcQ,ok,false,,420,metadata,50,1341771,2910000,metadata,0,0,0,0,1280,720,0,0,1,1,1,20,20,1.0,1,0,1,0.009632536567962872,0,1,whisper,1,1,1,srt_dedup,15,0,16,0.0000,0.949,0.250,0.200,en,sparse,0
maiSGnTjzpk,comedy,UCEn7vmLvgGjX40WuHG3i-Ng,ok,true,,39,metadata,538,17727288,1450000,metadata,0,0,0,0,1280,720,0,1,1,1,1,20,20,1.0,1,0,1,0.00854700854700855,0,1,auto_captions,1,1,1,srt_dedup,212,0,74,0.0000,1.000,0.378,0.000,ta,translated_en,1
mc82_Gc8Ujk,comedy,UCLATDqR2q9DR_wr-KIZalLQ,ok,true,,13,metadata,375,35387579,20500,metadata,0,0,0,0,1280,720,0,1,1,1,1,20,20,1.0,1,0,1,0.0,0,1,whisper,1,1,1,srt_dedup,3,0,4,0.0000,1.000,0.000,0.200,en,sparse,0
mhGNOYFmh6Q,comedy,UCrq11szgal4N031rzisp1rA,ok,true,,11,metadata,2,2069531,1170000,metadata,0,0,0,0,1280,720,0,1,1,1,1,20,20,1.0,1,0,1,0.1126760563380282,0,1,auto_captions,1,1,1,srt_dedup,86,0,36,0.0000,1.000,0.278,0.000,hi,sparse,0
mlG8s8QrME4,comedy,UC_l1E50_r3p1Gv4_sLYNizg,ok,true,,165,metadata,520,69388482,7350000,metadata,0,0,0,0,1280,720,0,1,1,1,1,20,20,1.0,1,0,1,0.07728677941443904,0,1,auto_captions,1,1,1,srt_dedup,616,0,214,0.0000,1.000,0.272,0.023,hi,translated_en,1
mq1DF_lJ-4s,comedy,UC9pK7shVDkHkBeRiXpzXbcQ,ok,false,,363,metadata,10,2176140,2910000,metadata,0,0,0,0,1280,720,0,0,1,1,1,20,20,1.0,1,0,1,0.011651929592595629,0,1,auto_captions,1,1,1,srt_dedup,153,0,28,0.0000,1.000,0.107,0.000,en,sparse,0
mtpFtHR7XSk,comedy,UCHoulKCHh-mTDqwH9gkB2qQ,ok,true,,24,metadata,7,10730944,849000,metadata,0,0,1,0,1280,720,0,1,1,1,1,20,20,1.0,1,0,1,0.08556832694763737,0,1,auto_captions,1,1,1,srt_dedup,129,0,46,0.0000,1.000,0.244,0.021,hi,sparse,0
mulRP5goa5k,comedy,UC_l1E50_r3p1Gv4_sLYNizg,ok,true,,140,metadata,399,39478839,7330000,metadata,0,0,0,0,1280,720,0,1,1,1,1,20,20,1.0,1,0,1,0.08492386875402103,0,1,auto_captions,1,1,1,srt_dedup,538,0,198,0.0000,1.000,0.298,0.000,hi,translated_en,1
nC01upqoEWc,comedy,UCVeKw_LUFwX1Z2gHka4kMQg,ok,true,,22,metadata,540,21307360,1050000,metadata,0,0,1,0,1280,720,0,1,1,1,1,20,20,1.0,1,0,1,0.0,0,1,auto_captions,1,1,1,srt_dedup,187,0,63,0.0000,1.000,0.349,0.000,te,translated_en,1
nGcB1B82TzE,comedy,UCVycT_OilwV-LfdqTtESCIA,ok,false,,615,metadata,464,11010080,1330000,metadata,0,0,0,0,1280,720,0,0,1,1,1,20,20,1.0,1,0,1,0.014294774845099294,0,1,auto_captions,1,1,1,srt_dedup,4510,0,1630,0.0000,1.000,0.384,0.000,en,native_en,1
nJPankIBoU0,comedy,UCyfBGIcjRt1w9AJ4Jt76Gfw,ok,false,,1736,metadata,17,527333,547000,metadata,0,0,0,0,1280,720,0,0,1,1,1,20,20,1.0,1,0,1,0.08280045625799327,0,1,auto_captions,1,1,1,srt_dedup,3477,0,3310,0.0012,1.000,0.327,0.092,en,native_en,1
nQu5XOgC8Zo,comedy,UCN1ZS0f99wzMPFwljefOXWQ,ok,true,,19,metadata,0,51187,963000,metadata,0,0,0,1,1280,720,0,1,1,1,1,20,20,1.0,1,0,1,0.0,0,0,whisper,0,1,0,whisper,2,0,2,0.0000,1.000,0.000,0.000,bn,sparse,0
nRomHYmKEg0,comedy,UCroZagp-DDJACvBx2c0pGeA,ok,true,,29,metadata,9,53298,404000,metadata,0,0,0,0,1280,720,0,1,1,1,1,20,20,1.0,1,0,1,0.0,0,1,auto_captions,1,1,1,srt_dedup,248,0,86,0.0000,1.000,0.337,0.000,hi,translated_en,1
n_rY7PUF610,comedy,UCE60iGtGWXo5ptyflKwhIDg,ok,false,,1307,metadata,9,18317,143000,metadata,0,0,0,0,1280,720,0,0,1,1,1,20,20,1.0,1,0,1,0.0,0,1,whisper,1,1,0,whisper,68,0,68,0.5902,1.000,0.059,0.000,en,non_english_text,0
nrD6PZo6uQo,comedy,UC7mn8IUedabEp5ojU-AZ-GA,ok,true,,145,metadata,381,17831869,4750000,metadata,0,0,0,0,1280,720,0,1,1,1,1,20,20,1.0,1,0,1,0.0020691082143596113,0,1,auto_captions,1,1,1,srt_dedup,737,0,278,0.0000,1.000,0.345,0.000,hi,translated_en,1
nrgfRKiCGB8,comedy,UCZ2n6UaTdNYLYyIB4ZhNM4Q,ok,true,,56,metadata,652,1862027,3000000,metadata,0,0,0,0,1280,720,0,1,1,1,1,20,20,1.0,1,0,1,0.0,0,1,whisper,1,1,0,whisper,55,0,55,0.0000,1.000,0.255,0.000,en,native_en,1
o1pk001Zi6k,comedy,UC7foTxErVJKorAitAcJuqDA,ok,false,,2085,metadata,3,34581,973000,metadata,0,0,0,0,1280,720,0,0,1,1,1,20,20,1.0,1,0,1,0.19363055491595677,0,1,auto_captions,1,1,1,srt_dedup,12777,0,4114,0.0000,1.000,0.344,0.002,en,native_en,1
oCTOPs_l1IU,comedy,UCet9FEXim3LTgRYf3I8F5nA,ok,true,,54,metadata,8,976330,2830000,metadata,0,0,0,0,1280,720,0,1,1,1,1,20,20,1.0,1,0,1,0.010656197420078525,0,1,auto_captions,1,1,1,srt_dedup,212,0,79,0.0000,1.000,0.190,0.013,te,translated_en,1
oNZptAfNnW4,comedy,UCx2NCyudktBrTSdgvlY3weg,ok,false,,1087,metadata,42,1348092,2090000,metadata,0,0,0,0,1280,720,0,0,1,1,1,20,20,1.0,1,0,1,0.015369757174392935,0,1,auto_captions,1,1,1,srt_dedup,7887,0,2834,0.0064,1.000,0.367,0.003,ta,translated_en,1
oNhRlJcncSM,comedy,UC5CzL1x6Jb9widCZ4KmIOLw,ok,true,,124,metadata,5,450627,540000,metadata,0,0,0,0,1280,720,0,1,1,1,1,20,20,1.0,1,0,1,0.08078128767783944,0,1,auto_captions,1,1,1,srt_dedup,682,0,246,0.0000,1.000,0.341,0.016,hi,translated_en,1
o_ZwOe_jS94,comedy,UCkAmksqC9y1mHyfIDTZr3sA,ok,true,,115,metadata,0,96638,4120000,metadata,0,0,1,0,1280,720,0,1,1,1,1,20,20,1.0,1,0,1,0.0,0,1,auto_captions,1,1,1,srt_dedup,464,0,172,0.0061,1.000,0.287,0.028,hi,translated_en,1
oawMfCMLkHU,comedy,UCX8puwySi2vmz0YxCqoYMCg,ok,false,,1417,metadata,355,1842107,109000,metadata,0,0,0,0,1280,720,0,0,1,1,1,20,20,1.0,1,0,1,0.037670725251455796,0,1,auto_captions,1,1,1,srt_dedup,9930,0,3384,0.0009,1.000,0.390,0.007,en,native_en,1
oghkg2Gywdw,comedy,UCTzdl-tsTLSwmmPcYDuHhNA,ok,true,,44,metadata,0,33981,83800,metadata,0,0,0,0,1280,720,0,1,1,1,1,20,20,1.0,1,0,1,0.0,0,1,auto_captions,1,1,1,srt_dedup,233,0,82,0.0133,1.000,0.256,0.068,hi,translated_en,1
ooBkvv7-bwE,comedy,UCstjsMVvSsV_kT0rworEidA,ok,false,,2095,metadata,6,73794,853000,metadata,0,0,0,0,1280,720,0,0,1,1,1,20,20,1.0,1,0,1,0.04019532033107083,0,1,auto_captions,1,1,1,srt_dedup,14551,0,4725,0.0002,1.000,0.352,0.093,en,native_en,1
oqnWBUAY6ak,comedy,UCESNtmAdI5dOIq0Yl3Bo5zg,ok,true,,21,metadata,22,801885,207000,metadata,0,0,1,0,1280,720,0,1,1,1,1,20,20,1.0,1,0,1,0.022955523672883796,0,0,whisper,0,1,0,whisper,25,0,25,0.0000,1.000,0.200,0.000,hi,sparse,0
ox33jnEDVCI,comedy,UC1QiDkgVLM2OPJK9JjdnYqQ,ok,true,,106,metadata,4,2273875,581000,metadata,0,0,0,0,1280,720,0,1,1,1,1,20,20,1.0,1,0,1,0.0,0,1,auto_captions,1,1,1,srt_dedup,578,0,209,0.0000,1.000,0.346,0.010,hi,translated_en,1
p2O-QuK8nI8,comedy,UCTz5f4ducCzOi1HALyyWKHg,ok,false,,1605,metadata,5,136933,59100,metadata,0,0,0,0,1280,720,0,0,1,1,1,20,20,1.0,1,0,1,0.00870832710420093,0,1,auto_captions,1,1,1,srt_dedup,6893,0,2547,0.0028,1.000,0.319,0.020,hi,translated_en,1
pBmCU4JayZA,comedy,UCw5N06QIrXBg92OfOVpvWkg,ok,false,,1030,metadata,7,531048,3750000,metadata,0,0,0,0,1280,720,0,0,1,1,1,20,20,1.0,1,0,1,0.011067423911460615,0,1,auto_captions,1,1,1,srt_dedup,9748,0,3378,0.0039,1.000,0.346,0.007,hi,translated_en,1
pBvgAMuQR7c,comedy,UC58Y9mGoLHC_wW0X-WrgSHg,ok,true,,159,metadata,372,49441365,8250000,metadata,0,0,0,0,1280,720,0,1,1,1,1,20,20,1.0,1,0,1,0.012100586122140298,0,1,auto_captions,1,1,1,srt_dedup,567,0,216,0.0000,1.000,0.347,0.000,en,native_en,1
pIcnCgkns9s,comedy,UCMuz3501Iy7n-yPIFi1KldQ,ok,false,,504,metadata,8,2449327,7680000,metadata,0,0,0,0,1280,720,0,0,1,1,1,20,20,1.0,1,0,1,0.0007150518412584914,0,1,whisper,1,1,1,srt_dedup,42,0,39,0.0000,1.000,0.410,0.000,bn,sparse,0
pRf596gUjoA,comedy,UCWb3IZmrZhHAyUyUg9HDHjA,ok,true,,60,metadata,621,201035845,22000000,metadata,0,0,0,0,1280,720,0,1,1,1,1,20,20,1.0,1,0,1,0.006015037593984964,0,1,auto_captions,1,1,1,srt_dedup,254,0,69,0.1129,1.000,0.391,0.014,hi,translated_en,1
pYtOX-o688c,comedy,UCPQKqC2ZWkEaVJFyQChQZHw,ok,true,,77,metadata,4,44576,258000,metadata,0,0,0,0,1280,720,0,1,1,1,1,20,20,1.0,1,0,1,0.050834303453628264,0,1,auto_captions,1,1,1,srt_dedup,665,0,224,0.0000,1.000,0.388,0.013,hi,translated_en,1
pfbiVDT2yRg,comedy,UCC2hGC3YYYxiXUjBOk0Fo-g,ok,false,,393,metadata,114,3334051,10900,metadata,0,0,0,0,1280,720,0,0,1,1,1,20,20,1.0,1,0,1,0.07350022897267598,0,1,auto_captions,1,1,1,srt_dedup,1922,0,726,0.0028,1.000,0.305,0.014,hi,translated_en,1
pvwaKrzsZPg,comedy,UCBj1kYByxfCO_eUkawrXLLQ,ok,true,,24,metadata,0,67117,306000,metadata,0,0,0,0,1280,720,0,1,1,1,1,20,20,1.0,1,0,1,0.0,0,1,auto_captions,1,1,1,srt_dedup,109,0,36,0.0000,1.000,0.314,0.027,hi,sparse,0
q-QvT1_JG0o,comedy,UC4cYMHpxYe_3NcqmMp7SJIg,ok,true,,29,metadata,4,6342638,1820000,metadata,0,0,1,0,1280,720,0,1,1,1,1,20,20,1.0,1,0,1,0.011363636363636366,0,1,auto_captions,1,1,1,srt_dedup,128,0,49,0.0000,1.000,0.388,0.020,hi,sparse,0
q2dKjioWFa4,comedy,UC0-xPTwPhfXnuiI7QIcev3A,ok,true,,58,metadata,504,13897409,2950000,metadata,0,0,0,0,1280,720,0,1,1,1,1,20,20,1.0,1,0,1,0.0,0,1,auto_captions,1,1,1,srt_dedup,468,0,166,0.0000,1.000,0.412,0.018,ta,translated_en,1
q3hEZ-KZ7TE,comedy,UC9pK7shVDkHkBeRiXpzXbcQ,ok,false,,304,metadata,43,1952402,2910000,metadata,0,0,0,0,1280,720,0,0,1,1,1,20,20,1.0,1,0,1,0.007195662888122231,0,1,whisper,1,1,1,srt_dedup,27,0,3,0.0000,1.000,0.000,0.250,en,sparse,0
q5O_oq9FicU,comedy,UCstjsMVvSsV_kT0rworEidA,ok,false,,1738,metadata,14,87246,853000,metadata,0,0,0,0,1280,720,0,0,1,1,1,20,20,1.0,1,0,1,0.027542409443111805,0,1,auto_captions,1,1,1,srt_dedup,15294,0,4975,0.0020,1.000,0.366,0.063,en,native_en,1
q8B5E32lnYk,comedy,UCtZ7MrWE5bMFlqhj4ajc71w,ok,true,,29,metadata,0,99695,63600,metadata,0,0,0,0,1280,720,0,1,1,1,1,20,20,1.0,1,0,1,0.0,0,1,auto_captions,1,1,1,srt_dedup,242,0,89,0.0000,1.000,0.315,0.000,hi,translated_en,1
qC5NNRB5c6Q,comedy,UCvlVuntLjdURVD3b3Hx7kxw,ok,false,,1511,metadata,17,62708,3080000,metadata,0,0,0,0,1280,720,0,0,1,1,1,20,20,1.0,1,0,1,0.05375255562833722,0,1,auto_captions,1,1,1,srt_dedup,11005,0,3474,0.0127,1.000,0.360,0.001,en,native_en,1
qPFu7Ecrks0,comedy,UCGu6bj0CiE5fSXIGEVjwyiQ,ok,true,,37,metadata,0,864422,925000,metadata,0,0,0,0,1280,720,0,1,1,1,1,20,20,1.0,1,0,1,0.0,0,1,auto_captions,1,1,1,srt_dedup,238,0,86,0.0000,1.000,0.314,0.000,te,translated_en,1
qRdFOYaTZC0,comedy,UCNTlWxQJRVub7XJu6AWN9uw,ok,false,,1781,metadata,121,364228,110000,metadata,0,0,0,0,1280,720,0,0,1,1,1,20,20,1.0,1,0,1,0.06517380242295573,0,1,auto_captions,1,1,1,srt_dedup,15659,0,5295,0.0112,1.000,0.391,0.020,hi,translated_en,1
qb4kqF4jQFo,comedy,UCsA2hX9s0EdohX-tUi4Uv3w,ok,true,,35,metadata,402,26008914,143000,metadata,0,0,0,0,1280,720,0,1,1,1,1,20,20,1.0,1,0,1,0.0,0,1,auto_captions,1,1,1,srt_dedup,187,0,73,0.0000,1.000,0.315,0.014,hi,translated_en,1
qdaAyCKH940,comedy,UCMuz3501Iy7n-yPIFi1KldQ,ok,false,,500,metadata,291,20062750,7680000,metadata,0,0,0,0,1280,720,0,0,1,1,1,20,20,1.0,1,0,1,0.0,0,1,whisper,1,1,1,srt_dedup,29,0,12,0.0000,1.000,0.000,0.000,bn,sparse,0
qnGEOXA3Ae4,comedy,UC4A9cDRXZLyQASFNPAnRhKA,ok,true,,26,metadata,0,24817,13500,metadata,0,0,0,0,640,480,1,1,1,1,1,20,20,1.0,1,0,1,0.0,0,1,auto_captions,1,1,1,srt_dedup,241,0,83,0.0000,1.000,0.349,0.000,en,native_en,1
qpNB3UHjcm8,comedy,UCg-EvP6gHGuAX9VtoJxm_0Q,ok,true,,42,metadata,574,50135390,5010000,metadata,0,0,1,0,1280,720,0,1,1,1,1,20,20,1.0,1,0,1,0.0,0,0,whisper,0,1,0,whisper,8,0,8,0.0000,1.000,0.250,0.000,ml,sparse,0
qzVR-qF9GR4,comedy,UCH8DTKc8hxjEYi_2NYfuriQ,ok,true,,29,metadata,3,141303,1770000,metadata,0,0,0,0,1280,720,0,1,1,1,1,20,20,1.0,1,0,1,0.0,0,1,auto_captions,1,1,1,srt_dedup,157,0,53,0.0000,1.000,0.283,0.070,hi,translated_en,1
r-mDwAn6Ng8,comedy,UCsB_BonqDV-dLdRr1W2C2Ag,ok,true,,18,metadata,38,586717,40600,metadata,0,0,1,0,1280,720,0,1,1,1,1,16,20,0.8,0,1,1,0.0,0,1,auto_captions,1,1,1,srt_dedup,54,0,15,0.0000,1.000,0.133,0.167,or,sparse,0
r4cg-6qy70Q,comedy,UCvlVuntLjdURVD3b3Hx7kxw,ok,false,,2900,metadata,17,68285,3080000,metadata,0,0,0,0,1280,720,0,0,1,1,1,20,20,1.0,1,0,1,0.058178996378685933,0,1,auto_captions,1,1,1,srt_dedup,26613,0,8957,0.0025,1.000,0.364,0.009,en,native_en,1
rIRvGxbiH_M,comedy,UC8GQvC-_LVH26b8NVW_AAuA,ok,true,,90,metadata,10,12414530,203000,metadata,0,0,1,0,1280,720,0,1,1,1,1,20,20,1.0,1,0,1,0.017281488866733138,0,1,auto_captions,1,1,1,srt_dedup,763,0,264,0.0000,1.000,0.332,0.008,hi,translated_en,1
rSWkWps0oPk,comedy,UCGE-L0dJpos3ut0N96H75Jw,ok,false,,620,metadata,16,1108301,10300000,metadata,0,0,0,0,1280,720,0,0,1,1,1,20,20,1.0,1,0,1,0.0023727664519877984,0,1,whisper,1,1,0,whisper,225,0,225,0.0275,1.000,0.371,0.000,en,native_en,1
rfRiP0xoLr4,comedy,UCUfvYoFXdCJCIb6zT0YvOMg,ok,true,,51,metadata,489,38638202,8720000,metadata,0,0,0,0,1280,720,0,1,1,1,1,20,20,1.0,1,0,1,0.0,0,1,auto_captions,1,1,1,srt_dedup,392,0,139,0.0000,1.000,0.321,0.007,hi,translated_en,1
rj4K6ivQ29E,comedy,UCrjHiiy6Z8OX_7Zr1Rj-Gxg,ok,true,,21,metadata,402,18401262,2650000,metadata,0,0,0,0,1280,720,0,1,1,1,1,20,20,1.0,1,0,1,0.0,0,1,auto_captions,1,1,1,srt_dedup,125,0,44,0.0000,1.000,0.295,0.000,en,sparse,0
s1qfesLZcfU,comedy,UCQTmZczX5kGRgaPIgpy6CyQ,ok,false,,600,metadata,13,531011,4670000,metadata,0,0,0,0,1280,720,0,0,1,1,1,10,20,0.5,0,1,1,0.03344498325251214,0,1,auto_captions,1,1,1,srt_dedup,3995,0,1313,0.0000,1.000,0.353,0.037,en,native_en,1
s2VymO6OgX8,comedy,UCia_meWjLkb7jFExPlxl50w,ok,false,,534,metadata,299,13828073,3330000,metadata,0,0,0,0,1280,720,0,0,1,1,1,20,20,1.0,1,0,1,0.00517231686062855,0,1,auto_captions,1,1,1,srt_dedup,2364,0,854,0.0000,1.000,0.305,0.000,bn,translated_en,1
sKEG4L-IaWg,comedy,UC_rlVXSktgUuorHM1_bEUbA,ok,false,,824,metadata,33,552346,416000,metadata,0,0,0,0,1280,720,0,0,1,1,1,20,20,1.0,1,0,1,0.01980991223917557,0,1,auto_captions,1,1,1,srt_dedup,4386,0,1451,0.0021,1.000,0.312,0.002,en,native_en,1
sLR-1sZqROo,comedy,UCCfKlFlKYBxZ-UU2dWc17IQ,ok,true,,18,metadata,508,39553951,24200000,metadata,0,0,0,0,1280,720,0,1,1,1,1,20,20,1.0,1,0,1,0.0,0,0,whisper,0,1,0,whisper,3,0,3,0.0000,1.000,0.000,0.000,en,sparse,0
sil_8puJamc,comedy,UCdiBqa9NjJD7z0uuto-PFJQ,ok,false,,1693,metadata,4,325418,345000,metadata,0,0,0,0,1280,720,0,0,1,1,1,20,20,1.0,1,0,1,0.02342268917985153,0,1,auto_captions,1,1,1,srt_dedup,12653,0,4284,0.0129,1.000,0.390,0.031,hi,translated_en,1
t1m83tNXiSg,comedy,UCJA0Oea5pKbb0-qUA1RBOog,missing_from_api,,,28,metadata,0,1420,4350,metadata,0,0,0,1,1280,720,0,1,1,1,1,20,20,1.0,1,0,1,0.0,0,1,auto_captions,1,1,1,srt_dedup,214,0,76,0.0290,1.000,0.347,0.013,,native_en,1
t2Onaxk2RHM,comedy,UCvlVuntLjdURVD3b3Hx7kxw,ok,false,,1487,metadata,83,288762,3080000,metadata,0,0,0,0,1280,720,0,0,1,1,1,17,20,0.85,0,1,1,0.04988602666774253,0,1,auto_captions,1,1,1,srt_dedup,13595,0,4423,0.0063,1.000,0.336,0.002,en,native_en,1
t8HrZTLRCeU,comedy,UC4muYPMCSYigqIwRjVWkQ2Q,ok,false,,2415,metadata,975,38929948,5290000,metadata,0,0,0,0,640,480,1,0,1,1,1,19,20,0.95,0,1,1,0.04075928295464457,0,1,auto_captions,1,1,1,srt_dedup,13893,0,5142,0.0014,1.000,0.378,0.003,en,native_en,1
tAjHg3kx_Ww,comedy,UCwTYExL8lx0Bz1w8EGyTS5w,ok,false,,1292,metadata,365,15176740,67000,metadata,0,0,0,0,1280,720,0,0,1,1,1,20,20,1.0,1,0,1,0.005664538595473015,0,0,whisper,0,1,0,whisper,43,0,43,0.9722,1.000,0.000,0.000,hi,sparse,0
tEU84LMvHak,comedy,UCUAqwHasqrdpSTD7Y6iTZPg,ok,true,,33,metadata,20,39053812,738000,metadata,0,0,0,0,1280,720,0,1,1,1,1,20,20,1.0,1,0,1,0.0,0,1,auto_captions,1,1,1,srt_dedup,221,0,77,0.0000,1.000,0.312,0.025,hi,translated_en,1
tKvLUiUseLc,comedy,UCZx43gYkhnWBxm9tdPKgb_A,ok,true,,44,metadata,22,10998122,32800,metadata,0,0,0,0,1280,720,0,1,1,1,1,20,20,1.0,1,0,1,0.020675396278428678,0,1,whisper,1,1,1,srt_dedup,8,0,2,0.0000,1.000,0.500,0.000,hi,sparse,0
tTINrVQ5MSo,comedy,UCvi4a7mPeq1cv1EYQK4tzRA,ok,true,,35,metadata,4,3712702,13400000,metadata,0,0,0,0,1280,720,0,1,1,1,1,20,20,1.0,1,0,1,0.0,0,1,auto_captions,1,1,1,srt_dedup,339,0,113,0.0000,1.000,0.381,0.000,hi,translated_en,1
tqVV3Ch8vrg,comedy,UCSFmpe3S7J2PlvP_99snM-A,ok,false,,1005,metadata,7,119275,520000,metadata,0,0,0,0,1280,720,0,0,1,1,1,20,20,1.0,1,0,1,0.03401523070031358,0,1,auto_captions,1,1,1,srt_dedup,6699,0,2328,0.0030,1.000,0.375,0.010,hi,translated_en,1
txfYLVflQk8,comedy,UC5wuaJnklgYnbJIeTVhPWug,ok,true,,60,metadata,1203,38430706,2980000,metadata,0,0,0,1,1280,720,0,1,1,1,1,20,20,1.0,1,0,1,0.0,0,1,whisper,1,1,1,srt_dedup,45,0,32,0.0000,1.000,0.375,0.030,ta,sparse,0
uDMlwi1iGwg,comedy,UCXYHmRcDHT42w_iz7zBW_pQ,ok,false,,951,metadata,178,1687098,25000,metadata,0,0,0,0,1280,720,0,0,1,1,1,20,20,1.0,1,0,1,0.004384858044164041,0,1,auto_captions,1,1,1,srt_dedup,6444,0,2269,0.0009,1.000,0.346,0.016,hi,translated_en,1
uUnucIzDxyQ,comedy,UCodptbjdNf75jEmin8sFZrg,ok,false,,3604,metadata,66,96836,176000,metadata,0,0,0,0,1280,720,0,0,1,1,1,12,20,0.6,0,1,0,,0,1,auto_captions,1,1,1,srt_dedup,28193,0,9649,0.0019,1.000,0.369,0.006,en,native_en,1
uYqWsDhWkkA,comedy,UCJ9hfZ2sU7jFT9isA2rN58Q,ok,false,,3451,metadata,556,1702113,674000,metadata,0,0,0,0,1280,720,0,0,1,1,1,19,20,0.95,0,1,1,0.045830725363377185,0,1,auto_captions,1,1,1,srt_dedup,18916,0,6840,0.0000,1.000,0.368,0.017,en,native_en,1
ubzGP5Ml8Vo,comedy,UCEn7vmLvgGjX40WuHG3i-Ng,ok,true,,55,metadata,504,14509831,1450000,metadata,0,0,0,0,1280,720,0,1,1,1,1,20,20,1.0,1,0,1,0.0,0,1,auto_captions,1,1,1,srt_dedup,255,0,93,0.0000,1.000,0.322,0.000,ta,translated_en,1
vAMAxS7u6Jo,comedy,UCx2NCyudktBrTSdgvlY3weg,ok,false,,1328,metadata,50,702352,2090000,metadata,0,0,0,0,1280,720,0,0,1,1,1,20,20,1.0,1,0,1,0.061693812546592265,0,1,auto_captions,1,1,1,srt_dedup,8294,0,3006,0.0020,1.000,0.351,0.005,ta,translated_en,1
vHxIrEDeTdo,comedy,UCexFjP5XTqDFrokLWRMtxsg,ok,true,,22,metadata,20,2227333,15800000,metadata,0,0,1,0,1280,720,0,1,1,1,1,20,20,1.0,1,0,1,0.06429548563611492,0,1,auto_captions,1,1,1,srt_dedup,149,0,49,0.0000,1.000,0.250,0.039,hi,sparse,0
vXSqw17QqP0,comedy,UCAOJUP6rPsTwmjE1ItKi7-w,ok,true,,8,metadata,0,101144,314000,metadata,0,0,0,0,1280,720,0,1,1,1,1,20,20,1.0,1,0,1,0.0,0,1,whisper,1,1,1,srt_dedup,2,0,11,0.0000,1.000,0.455,0.083,hi,sparse,0
v_cI2FIJwIQ,comedy,UC31SWVbkuG98CBfjuISTe5w,ok,true,,36,metadata,320,3867572,216000,metadata,0,0,0,0,1280,720,0,1,1,1,1,20,20,1.0,1,0,1,0.0,0,1,auto_captions,1,1,1,srt_dedup,110,0,33,0.0000,1.000,0.606,0.000,en,sparse,0
viRrIXenf_Y,comedy,UCQhkX4n_tv9dIC_utzU57MA,ok,true,,40,metadata,55,84,28,metadata,0,0,0,0,1280,720,0,1,1,1,1,20,20,1.0,1,0,1,0.0,0,1,auto_captions,1,1,1,srt_dedup,323,0,101,0.0532,1.000,0.347,0.090,en,native_en,1
vo45a7qEY2c,comedy,UCAPdVOiIEAUZONlkIJqG6Kw,ok,true,,55,metadata,4,593004,93500,metadata,0,0,0,0,1280,720,0,1,1,1,1,20,20,1.0,1,0,1,0.01577801958650708,0,1,auto_captions,1,1,1,srt_dedup,246,0,87,0.0000,1.000,0.384,0.011,en,native_en,1
voeTqKBpiLg,comedy,UCEn7vmLvgGjX40WuHG3i-Ng,ok,true,,76,metadata,0,95299,1450000,metadata,0,0,0,0,1280,720,0,1,1,1,1,19,20,0.95,0,1,1,0.0,0,1,auto_captions,1,1,1,srt_dedup,403,0,139,0.0000,0.019,0.007,0.000,ta,non_english_text,0
vuEggWiX3zM,comedy,UCmH6lvysZOJ0mWvkmzlIFfA,ok,true,,52,metadata,355,6810070,13100000,metadata,0,0,0,0,1280,720,0,1,1,1,1,20,20,1.0,1,0,1,0.0,0,1,auto_captions,1,1,1,srt_dedup,340,0,133,0.0000,1.000,0.263,0.000,hi,translated_en,1
vvGKmHBc_tI,comedy,UC6-sonhNC4TKp4RexMA5a8w,ok,true,,38,metadata,27,1072392,4430000,metadata,0,0,0,0,1280,720,0,1,1,1,1,20,20,1.0,1,0,1,0.3232484076433123,0,1,auto_captions,1,1,1,srt_dedup,118,0,42,0.0000,1.000,0.357,0.000,ur,sparse,0
vwjXo3RiT7A,comedy,UCHlbZ9NH8aebNJnd1ntmTig,ok,true,,7,metadata,228,121,48600,metadata,0,0,0,1,1280,720,0,1,1,1,1,20,20,1.0,1,0,1,0.0,0,0,whisper,0,1,0,whisper,4,0,4,0.0000,1.000,0.000,0.000,en,sparse,0
vzbSxsEofPw,comedy,UC7mn8IUedabEp5ojU-AZ-GA,ok,true,,178,metadata,384,31629338,4750000,metadata,0,0,0,0,1280,720,0,1,1,1,1,20,20,1.0,1,0,1,0.03244339303818859,0,0,whisper,0,1,0,whisper,139,0,139,0.0682,1.000,0.489,0.000,hi,whisper_on_non_english,0
w-7eXwZvYv0,comedy,UCv8G-xZ_BBGufjbN6jbvLMQ,ok,false,,483,metadata,15,40722,745000,metadata,0,0,0,0,1280,720,0,0,1,1,1,20,20,1.0,1,0,1,0.06363692804370773,0,1,auto_captions,1,1,1,srt_dedup,4370,0,1375,0.0000,1.000,0.375,0.075,en,native_en,1
w-ruaZVvNhQ,comedy,UC5k3-qwva5_gxzaDGfqk0pw,ok,false,,838,metadata,56,2705481,22300000,metadata,0,0,0,0,1280,720,0,0,1,1,1,20,20,1.0,1,0,1,0.001359911247897506,0,1,auto_captions,1,1,1,srt_dedup,6050,0,2105,0.0000,1.000,0.358,0.011,en,native_en,1
w4NvkjUXJEg,comedy,UCrq11szgal4N031rzisp1rA,ok,true,,10,metadata,1,1419760,1170000,metadata,0,0,0,0,1280,720,0,1,1,1,1,20,20,1.0,1,0,1,0.0,0,0,whisper,0,1,0,whisper,27,0,27,0.0000,1.000,0.259,0.000,hi,sparse,0
w6hEkyOqOIQ,comedy,UC6-sonhNC4TKp4RexMA5a8w,ok,true,,19,metadata,552,44577881,4430000,metadata,0,0,0,0,1280,720,0,1,1,1,1,20,20,1.0,1,0,1,0.2548076923076925,0,1,whisper,1,1,1,srt_dedup,9,0,1,0.0000,1.000,0.000,0.000,ur,sparse,0
wB8h_ML41MU,comedy,UC58pZxcPkDi_w4pidgDsmVA,ok,false,,756,metadata,331,1314063,42300,metadata,0,0,0,0,1280,720,0,0,1,1,1,20,20,1.0,1,0,1,0.015202635652760695,0,1,auto_captions,1,1,1,srt_dedup,4865,0,1751,0.0029,1.000,0.370,0.002,en,native_en,1
wTXcSnWJKtI,comedy,UCigihpLqSZ-BE_9KEPmo8Xg,ok,false,,2904,metadata,88,96777,54800,metadata,0,0,0,0,1280,720,0,0,1,1,1,20,20,1.0,1,0,1,0.11958475364115284,0,1,auto_captions,1,1,1,srt_dedup,17297,0,5991,0.0040,1.000,0.312,0.004,en,native_en,1
wb9bAyxtfos,comedy,UCjhGXwHxJVJlQKCqNsGoa0Q,ok,true,,36,metadata,473,33587136,700000,metadata,0,0,0,0,1280,720,0,1,1,1,1,20,20,1.0,1,0,1,0.0,0,1,auto_captions,1,1,1,srt_dedup,86,0,23,0.0000,0.024,0.000,0.233,ta,sparse,0
wl913zByl2E,comedy,UCONMJJCtDHokfPGhVdWF47w,ok,false,,281,metadata,7,302735,1600000,metadata,0,0,0,0,1280,720,0,0,1,1,1,20,20,1.0,1,0,1,0.0,0,1,auto_captions,1,1,1,srt_dedup,167,0,31,0.0000,1.000,0.065,0.000,hi,sparse,0
xOilCSORlHA,comedy,UCUZt4aGPkirYE-CBZm-Wk6w,ok,false,,1843,metadata,16,620744,400000,metadata,0,0,0,0,1280,720,0,0,1,1,1,13,20,0.65,0,1,1,0.043517900460739486,0,0,whisper,0,1,0,whisper,2589,0,2589,0.0201,0.985,0.183,0.000,de,whisper_on_non_english,0
xTR-SYwThlY,comedy,UCZ47n5iadfWBK8E5tmuPSQw,ok,true,,4,metadata,0,102273,1630,metadata,0,0,0,0,1280,720,0,1,1,1,1,20,20,1.0,1,0,1,0.0,0,0,whisper,0,1,0,whisper,10,0,10,0.0000,1.000,0.400,0.000,hi,sparse,0
xTwBmnTi5cc,comedy,UChC8sKYoVE53JU6lbjZwyVw,ok,true,,56,metadata,0,1268,9960,metadata,0,0,0,1,1280,720,0,1,1,1,1,20,20,1.0,1,0,1,0.07765957446808515,0,1,auto_captions,1,1,1,srt_dedup,292,0,113,0.0000,1.000,0.345,0.000,hi,translated_en,1
x_m-C5n0S9c,comedy,UCsJRGD86r-kUw8YlFOn1qxg,ok,true,,38,metadata,718,26181202,147000,metadata,0,0,1,1,1280,720,0,1,1,1,1,20,20,1.0,1,0,1,0.007849293563579279,0,1,auto_captions,1,1,1,srt_dedup,163,0,78,0.0000,1.000,0.346,0.000,hi,translated_en,1
xj3uSsZWmog,comedy,UCEeymg2i7_IevKCsdzAjmOw,ok,false,,1628,metadata,359,2271621,589000,metadata,0,0,0,0,1280,720,0,0,1,1,1,20,20,1.0,1,0,1,0.046739991525267595,0,1,auto_captions,1,1,1,srt_dedup,11472,0,4062,0.0005,1.000,0.348,0.002,hi,translated_en,1
xmD7Ei2VjLY,comedy,UCx2NCyudktBrTSdgvlY3weg,ok,false,,2307,metadata,346,15700548,2090000,metadata,0,0,0,0,1280,720,0,0,1,1,1,20,20,1.0,1,0,1,0.0028614536184381626,0,1,auto_captions,1,1,1,srt_dedup,13521,0,4934,0.0063,1.000,0.364,0.002,ta,translated_en,1
xn7el6bLjtY,comedy,UCXLoqadrTeOqdRAbX7AzbvQ,ok,false,,904,metadata,5,24267,306000,metadata,0,0,0,0,1280,720,0,0,1,1,1,20,20,1.0,1,0,1,0.021978021978021987,0,1,auto_captions,1,1,1,srt_dedup,2808,0,1083,0.0000,1.000,0.296,0.020,hi,translated_en,1
xnNnlvB2vRA,comedy,UCcr93i1-6gGWnxZmDtEfl6Q,ok,true,,20,metadata,0,188613,7300000,metadata,0,0,0,0,1280,720,0,1,1,1,1,20,20,1.0,1,0,1,0.0,0,1,whisper,1,1,1,srt_dedup,2,0,1,0.0000,1.000,0.000,0.000,hi,sparse,0
xr8wW-HNHy0,comedy,UCDsEI0R0nf7GoHBxXe5ZolQ,ok,true,,150,metadata,4,796161,158000,metadata,0,0,0,0,1280,720,0,1,1,1,1,20,20,1.0,1,0,1,0.020600000000000007,0,1,auto_captions,1,1,1,srt_dedup,1102,0,394,0.0000,1.000,0.310,0.010,mr,translated_en,1
xxxsPnU131A,comedy,UCx2NCyudktBrTSdgvlY3weg,ok,false,,1643,metadata,81,1257204,2090000,metadata,0,0,0,0,1280,720,0,0,1,1,1,18,20,0.9,0,1,1,0.040075952602654716,0,1,auto_captions,1,1,1,srt_dedup,9018,0,3221,0.0034,1.000,0.363,0.013,ta,translated_en,1
y8Djz2ewkg8,comedy,UCnTFcs7cSm0HGH7VTvP6t-w,ok,false,,1529,metadata,125,2040641,181000,metadata,0,0,0,0,1280,720,0,0,1,1,1,20,20,1.0,1,0,1,0.011892379849677188,0,1,auto_captions,1,1,1,srt_dedup,8061,0,2913,0.0234,1.000,0.346,0.026,hi,translated_en,1
y9BPA5TXFaA,comedy,UCHbFjCVeFEEBorATfOjBW2Q,ok,true,,72,metadata,15,5016986,4390000,metadata,0,0,0,0,1280,720,0,1,1,1,1,20,20,1.0,1,0,1,0.0,0,1,auto_captions,1,1,1,srt_dedup,473,0,159,0.0000,1.000,0.338,0.012,hi,translated_en,1
y9S5_EabcoE,comedy,UCv8G-xZ_BBGufjbN6jbvLMQ,ok,false,,344,metadata,790,1010370,745000,metadata,0,0,0,0,1280,720,0,0,1,1,1,20,20,1.0,1,0,1,0.05216784436883891,0,1,auto_captions,1,1,1,srt_dedup,2303,0,785,0.0000,1.000,0.356,0.078,en,native_en,1
yB-RQhecMAc,comedy,UCWb3IZmrZhHAyUyUg9HDHjA,ok,true,,60,metadata,870,185439970,22000000,metadata,0,0,0,0,1280,720,0,1,1,1,1,20,20,1.0,1,0,1,0.0,0,1,whisper,1,1,1,srt_dedup,26,0,2,0.0000,1.000,0.500,0.000,en,sparse,0
yL8yYQ4vl5s,comedy,UCrjHiiy6Z8OX_7Zr1Rj-Gxg,ok,true,,60,metadata,768,9220279,2650000,metadata,0,0,0,0,1280,720,0,1,1,1,1,20,20,1.0,1,0,1,0.04302151075537771,0,1,auto_captions,1,1,1,srt_dedup,387,0,129,0.0000,1.000,0.357,0.000,hi,translated_en,1
yM_Kx5kB3ps,comedy,UC58Y9mGoLHC_wW0X-WrgSHg,ok,true,,136,metadata,310,146394906,8250000,metadata,0,0,0,0,1280,720,0,1,1,1,1,20,20,1.0,1,0,1,0.009909711517286946,0,1,auto_captions,1,1,1,srt_dedup,280,0,122,0.0000,1.000,0.314,0.024,en,native_en,1
yPeZ_aJvtiI,comedy,UC2p2xi8BqaobS5dkpADy8EQ,ok,true,,27,metadata,6,2078422,4710,metadata,0,0,0,1,1280,720,0,1,1,1,1,20,20,1.0,1,0,1,0.0,0,1,auto_captions,1,1,1,srt_dedup,167,0,61,0.0000,1.000,0.344,0.000,hi,translated_en,1
ysz7T_UryV0,comedy,UCj9WQWeaY9Jt7RxK1Po-LQA,ok,true,,33,metadata,0,31420,79100,metadata,0,0,0,0,1280,720,0,1,1,1,1,20,20,1.0,1,0,1,0.0,0,1,auto_captions,1,1,1,srt_dedup,220,0,76,0.0000,1.000,0.342,0.026,hi,translated_en,1
z5FBBXR7SvQ,comedy,UCstjsMVvSsV_kT0rworEidA,ok,false,,1696,metadata,21,96724,853000,metadata,0,0,0,0,1280,720,0,0,1,1,1,20,20,1.0,1,0,1,0.02833592755058724,0,1,auto_captions,1,1,1,srt_dedup,14540,0,4727,0.0028,1.000,0.338,0.083,en,native_en,1
zCtiRJyZHp8,comedy,UC7MgijK9WL_EqCo1juUERwg,ok,false,,7406,metadata,14,49827,2390000,metadata,0,0,0,0,1280,720,0,0,1,1,1,19,20,0.95,0,1,1,0.0372332883665723,0,1,auto_captions,1,1,1,srt_dedup,64398,0,21133,0.0008,1.000,0.364,0.044,en,native_en,1
zJMWoWuHPV4,comedy,UCpTzr28IC-HWIjWwt06BoTQ,ok,false,,1017,metadata,28,623593,44100,metadata,0,0,0,0,1280,720,0,0,1,1,1,20,20,1.0,1,0,1,0.009353515682629609,0,0,whisper,0,1,0,whisper,516,0,516,0.0039,1.000,0.314,0.000,en,native_en,1
zYTVLEcBjnQ,comedy,UC7MgijK9WL_EqCo1juUERwg,ok,false,,628,metadata,52,149092,2390000,metadata,0,0,0,0,1280,720,0,0,1,1,1,20,20,1.0,1,0,1,0.04977548485717018,0,1,auto_captions,1,1,1,srt_dedup,4052,0,1347,0.0000,1.000,0.321,0.030,en,native_en,1
zmhTPxwkjX8,comedy,UCVeKw_LUFwX1Z2gHka4kMQg,ok,true,,38,metadata,4,136649,1050000,metadata,0,0,1,0,1280,720,0,1,1,1,1,20,20,1.0,1,0,1,0.0,0,1,auto_captions,1,1,1,srt_dedup,369,0,129,0.0000,1.000,0.320,0.000,te,translated_en,1
zsyGZAtghdQ,comedy,UChE9si1iCHv-SDPpt0X2xbA,ok,false,,670,metadata,1,389695,34100,metadata,0,0,0,0,1280,720,0,0,1,1,1,20,20,1.0,1,0,1,0.09011992124574905,0,1,auto_captions,1,1,1,srt_dedup,3840,0,1313,0.0000,1.000,0.380,0.044,hi,translated_en,1
zxYuHXB0tt8,comedy,UCx_wVpf59cvUvaXqWVngTWw,ok,true,,123,metadata,10,275889,314000,metadata,0,0,0,0,1280,720,0,1,1,1,1,20,20,1.0,1,0,1,0.029799706888128986,0,1,auto_captions,1,1,1,srt_dedup,710,0,242,0.0000,1.000,0.351,0.000,en,native_en,1
-AslLWhuWsQ,howto,UCP4JX0XS64fmC_wnITdPuow,ok,true,,45,metadata,1740,9379931,6720000,metadata,0,0,0,0,1280,720,0,1,1,1,1,20,20,1.0,1,0,1,0.0,0,1,auto_captions,1,1,1,srt_dedup,437,0,152,0.0000,1.000,0.421,0.000,en,native_en,1
-TyihOEvJ8E,howto,UCXrEE1TyCslZgsH1Pql51-Q,ok,false,,1141,metadata,2907,3128218,977000,metadata,0,0,0,0,1280,720,0,0,1,1,1,20,20,1.0,1,0,1,0.09675807851076694,0,1,auto_captions,1,1,1,srt_dedup,9856,0,3318,0.0000,1.000,0.374,0.000,en,native_en,1
-WS7ptWFB_k,howto,UCcfPMysiDf21rHQ2L5r32NQ,ok,false,,1061,metadata,1837,694574,15800,metadata,0,0,0,0,1280,720,0,0,1,1,1,20,20,1.0,1,0,1,0.08785675897377876,0,1,auto_captions,1,1,1,srt_dedup,7913,0,2677,0.0011,1.000,0.353,0.000,en,native_en,1
-fHPHxm6GlA,howto,UCNBSX1hc45orvpONETi1BVQ,ok,false,,123,metadata,3147,301252,105000,metadata,0,0,0,0,480,360,1,0,1,1,1,20,20,1.0,1,0,1,0.018110621634850717,0,1,auto_captions,1,1,1,srt_dedup,1040,0,348,0.0000,1.000,0.342,0.000,en,native_en,1
-fdPfUh7wuE,howto,UCVJ5hHQMXBiRwNv394EOj_w,ok,false,,1072,metadata,1598,2356068,1240000,metadata,0,0,0,0,1280,720,0,0,1,1,1,20,20,1.0,1,0,1,0.11056050170782253,0,0,whisper,0,1,0,whisper,2603,0,2603,0.0046,1.000,0.370,0.000,en,native_en,1
-pKzXYfA5Xs,howto,UCfJrdVVcWZMHLC--a4ovLLQ,ok,true,,33,metadata,1928,2061969,1570000,metadata,0,0,0,0,1280,720,0,1,1,1,1,20,20,1.0,1,0,1,0.0,0,1,auto_captions,1,1,1,srt_dedup,217,0,73,0.0000,1.000,0.370,0.000,en,native_en,1
-xbK1_HILi0,howto,UCmiXIyxezqfLXIw1BQmSNmg,ok,true,,23,metadata,472,68866,267000,metadata,0,0,0,0,1280,720,0,1,1,1,1,20,20,1.0,1,0,1,0.0,0,0,whisper,0,1,0,whisper,1,0,1,0.0000,0.000,0.000,0.000,en,sparse,0
00nnuddI4Ow,howto,UCHzMgRlktHyJ04V84KyFOfA,ok,true,,15,metadata,1708,26595430,912000,metadata,0,0,0,0,1280,720,0,1,1,1,1,20,20,1.0,1,0,1,0.0,0,1,auto_captions,1,1,1,srt_dedup,190,0,63,0.0000,1.000,0.333,0.000,en,native_en,1
04DarPVWkpI,howto,UCP98fshDAd5bCKCGd0VRhng,ok,false,,580,metadata,1987,2077407,243000,metadata,0,0,0,0,1280,720,0,0,1,1,1,20,20,1.0,1,0,1,0.19346655622282047,0,1,auto_captions,1,1,1,srt_dedup,3784,0,1326,0.0000,1.000,0.369,0.000,en,native_en,1
04vt8YfT7XM,howto,UCGbxOeCBuGSsKvt4g9lEv3A,ok,false,,422,metadata,4420,1511094,1150000,metadata,0,0,0,0,1280,720,0,0,1,1,1,20,20,1.0,1,0,1,0.026617322610490372,0,1,auto_captions,1,1,1,srt_dedup,3247,0,1085,0.0000,1.000,0.375,0.000,en,native_en,1
0AvwUwA8r-M,howto,UC8DobRnJwEnPXWIVIP8IeZQ,ok,true,,24,metadata,566,72713,399000,metadata,0,0,1,0,1280,720,0,1,1,1,1,20,20,1.0,1,0,1,0.0,0,0,whisper,0,1,0,whisper,40,0,40,0.0000,1.000,0.250,0.000,it,sparse,0
0FMpXg5t9II,howto,UCm5-v6Z2w0wWG8Xfr6CZr1w,ok,true,,19,metadata,1941,1459240,371000,metadata,0,0,0,0,1280,720,0,1,1,1,1,20,20,1.0,1,0,1,0.03416149068322983,0,1,auto_captions,1,1,1,srt_dedup,216,0,74,0.0000,1.000,0.378,0.000,en,native_en,1
0XI_6ZQX_DE,howto,UCqEel6bV8TM1DIJeyA1przQ,ok,true,,11,metadata,3,623453,165000,metadata,0,0,0,0,1280,720,0,1,1,1,1,20,20,1.0,1,0,1,0.0,0,1,auto_captions,1,1,1,srt_dedup,138,0,47,0.0000,1.000,0.255,0.021,en,sparse,0
0dB7JjpBMtI,howto,UCTBjtACFlDmd-g6Gtva9biQ,ok,false,,626,metadata,2880,5887981,3480000,metadata,0,0,0,0,1280,720,0,0,1,1,1,20,20,1.0,1,0,1,0.0029729081754974835,0,1,auto_captions,1,1,1,srt_dedup,6291,0,2097,0.0014,1.000,0.342,0.000,en,native_en,1
0gGQgkMYYpk,howto,UCcGEpumTSyFtPaoGiKiT0qg,ok,false,,615,metadata,180,395112,765000,metadata,0,0,0,0,1280,720,0,0,1,1,1,20,20,1.0,1,0,0,,0,1,auto_captions,1,1,1,srt_dedup,5532,0,1838,0.0000,1.000,0.371,0.004,en,native_en,1
0ki_KKWfhz8,howto,UCymaZ4zY4-VlSMOz-SUq_Xg,ok,true,,15,metadata,1621,1615405,50200,metadata,0,0,0,0,1280,720,0,1,1,1,1,20,20,1.0,1,0,1,0.11377245508982042,0,1,whisper,1,0,1,srt_dedup,0,0,1,0.0000,1.000,1.000,0.000,en,sparse,0
0vXHNlyx_YA,howto,UCAaLvz5xOyGDQ5Kun16D7zw,ok,false,,1723,metadata,1570,390541,1220000,metadata,0,0,0,0,1280,720,0,0,1,1,1,20,20,1.0,1,0,1,0.04272432884153349,0,1,auto_captions,1,1,1,srt_dedup,13849,0,4655,0.0006,1.000,0.348,0.000,en,native_en,1
1G_6IaCC-yo,howto,UCC1Nuo1vpn_1h4_sRuE40ZQ,ok,true,,15,metadata,1,1139,13600,metadata,0,0,0,1,1280,720,0,1,1,1,1,20,20,1.0,1,0,1,0.0,0,0,whisper,0,1,0,whisper,1,0,1,0.0000,0.000,0.000,0.000,bn,sparse,0
1Ht986DK9Mk,howto,UCc8JDGCBSGMjdWCYitNyiAw,ok,true,,16,metadata,0,6698,43900,metadata,0,0,1,0,1280,720,0,1,1,1,1,20,20,1.0,1,0,1,0.0,0,1,whisper,1,1,1,srt_dedup,6,0,10,0.0000,1.000,0.300,0.000,hi,sparse,0
1JaZbTfgCpM,howto,UCAN3MXVzhO3SWDDriytwN9w,ok,true,,19,metadata,489,2472058,720000,metadata,0,0,0,0,1280,720,0,1,1,1,1,20,20,1.0,1,0,1,0.0,0,1,auto_captions,1,1,1,srt_dedup,143,0,55,0.0000,0.995,0.436,0.000,es,translated_en,1
1V7nJJz9EyA,howto,UCTWm0GP4hAQ9Ov-FErl1_3g,ok,true,,23,metadata,1166,66234,8120,metadata,0,0,0,1,1280,720,0,1,1,1,1,20,20,1.0,1,0,1,0.0,0,1,whisper,1,1,1,srt_dedup,3,0,2,0.0000,1.000,0.000,0.000,de,sparse,0
1c_gHonRtYI,howto,UCdtRI1LNu7RjIDqXWwUBlDA,ok,false,,130,metadata,1654,5463622,971000,metadata,0,0,0,0,1280,720,0,0,1,1,1,20,20,1.0,1,0,1,0.0,0,1,auto_captions,1,1,1,srt_dedup,1324,0,442,0.0000,1.000,0.328,0.000,en,native_en,1
1zNfh_g8jXM,howto,UCp7EwodJcppc6GqiRcnCpOw,ok,true,,60,metadata,2289,328959,289000,metadata,0,0,0,0,640,480,1,0,1,1,1,20,20,1.0,1,0,1,0.1014056224899598,0,1,auto_captions,1,1,1,srt_dedup,527,0,179,0.0000,1.000,0.369,0.000,en,native_en,1
29IKvPetR34,howto,UCg2yB7xVVRBDOxY3l_ur5MA,ok,false,,1831,metadata,6,5665,226000,metadata,0,0,0,0,1280,720,0,0,1,1,1,20,20,1.0,1,0,1,0.009029086439983618,0,1,auto_captions,1,1,1,srt_dedup,18460,0,6173,0.0019,1.000,0.387,0.005,en,native_en,1
2EgVjMvKsao,howto,UCixexRrgWKp8lC-oW1s2RcQ,ok,true,,24,metadata,352,523365,10100000,metadata,0,0,0,1,1280,720,0,1,1,1,1,16,20,0.8,0,1,1,0.0,0,1,whisper,1,1,1,srt_dedup,1,0,2,0.0000,1.000,0.000,0.000,de,sparse,0
2Nvm9p_kPoo,howto,UCLcqYXYacj_KAJYMhOIayuQ,ok,true,,33,metadata,2,28840,9490,metadata,0,0,0,0,1280,720,0,1,1,1,1,20,20,1.0,1,0,1,0.0,0,0,whisper,0,1,0,whisper,33,0,33,0.0000,1.000,0.333,0.000,en,sparse,0
2vAp_a7WyBg,howto,UC5K6iDmk9to5iSSOIj-KhFA,ok,true,,59,metadata,127,1541647,265000,metadata,0,0,0,0,1280,720,0,1,1,1,1,20,20,1.0,1,0,1,0.0,0,1,auto_captions,1,1,1,srt_dedup,637,0,215,0.0000,1.000,0.335,0.000,en,native_en,1
2xCcSfw4rHQ,howto,UCJw6mvMFO5YaK-rMcQRQ0Ew,ok,false,,297,metadata,2745,1145169,516000,metadata,0,0,0,0,1280,720,0,0,1,1,1,20,20,1.0,1,0,1,0.07883565797453004,0,0,whisper,0,1,0,whisper,801,0,801,0.0982,1.000,0.282,0.000,en,native_en,1
3U0JTCLOSBA,howto,UC_0cZVAIcWOWiYxnY32gSgg,ok,false,,367,metadata,3141,236264,1000000,metadata,0,0,0,0,1280,720,0,0,1,1,1,20,20,1.0,1,0,1,0.004498241596466837,0,1,auto_captions,1,1,1,srt_dedup,3120,0,1046,0.0038,1.000,0.358,0.000,en,native_en,1
3dbmsdprJoA,howto,UC71_mrmoliZQgd0rfhShGfg,ok,false,,1509,metadata,2302,13428513,750000,metadata,0,0,0,0,1280,720,0,0,1,1,1,20,20,1.0,1,0,1,0.06783839669158581,0,1,auto_captions,1,1,1,srt_dedup,10184,0,3576,0.0137,1.000,0.402,0.000,en,native_en,1
3pIW8QYCV0I,howto,UCM4mUayOV-yfqPNzePbHKsw,ok,true,,31,metadata,1994,67757,3460000,metadata,0,0,0,0,1280,720,0,1,1,1,1,20,20,1.0,1,0,1,0.14327202323330082,0,1,auto_captions,1,1,1,srt_dedup,292,0,98,0.0000,1.000,0.245,0.000,en,native_en,1
3wa5MAS8sj8,howto,UCP4JX0XS64fmC_wnITdPuow,ok,false,,55,metadata,1640,14652387,6720000,metadata,0,0,0,0,1280,720,0,1,1,1,1,20,20,1.0,1,0,1,0.0,0,1,auto_captions,1,1,1,srt_dedup,577,0,200,0.0000,1.000,0.430,0.000,hi,translated_en,1
3zCdiGz2oTY,howto,UCSdTeN3uqScZy3XAWO_D9OQ,ok,true,,31,metadata,3,37971,93100,metadata,0,0,0,0,1280,720,0,1,1,1,1,20,20,1.0,1,0,1,0.0,0,1,auto_captions,1,1,1,srt_dedup,317,0,107,0.0000,1.000,0.402,0.000,en,native_en,1
4-K8xwb_yD8,howto,UCMOG9ad8MQo0Tl1vq2PnM-g,ok,true,,14,metadata,1397,1763295,14300,metadata,0,0,0,0,1280,720,0,1,1,1,1,20,20,1.0,1,0,1,0.0,0,1,whisper,1,1,1,srt_dedup,8,0,5,0.0000,1.000,0.000,0.000,de,sparse,0
4G1yjPG8WdU,howto,UCunSyeojAOG-lOjcwdmUvug,ok,true,,25,metadata,1,1685,94100,metadata,0,0,0,1,1280,720,0,1,1,1,1,20,20,1.0,1,0,1,0.0,0,0,whisper,0,1,0,whisper,1,0,1,0.0000,0.000,0.000,0.000,bn,sparse,0
4H5J8la6rNk,howto,UCi0o9irT_KUpHmACT2VLiwg,ok,false,,344,metadata,2906,226263,888000,metadata,0,0,1,0,1280,720,0,0,1,1,1,20,20,1.0,1,0,1,0.036041539401343935,0,1,auto_captions,1,1,1,srt_dedup,2568,0,862,0.0000,1.000,0.336,0.000,en,native_en,1
4XTCQsSLBFw,howto,UCZ7Dw5XxGtMK14ABu2thgwg,ok,false,,278,metadata,3697,1300844,755000,metadata,0,0,0,0,1280,720,0,0,1,1,1,20,20,1.0,1,0,1,0.04987585015653677,0,1,auto_captions,1,1,1,srt_dedup,2399,0,803,0.0025,1.000,0.352,0.000,en,native_en,1
4gm5k8tjWUc,howto,UCwaPTAgqVs0NgbjYgIRWSPA,ok,true,,42,metadata,1699,3825804,2680000,metadata,0,0,0,0,1280,720,0,1,1,1,1,20,20,1.0,1,0,1,0.0,0,1,auto_captions,1,1,1,srt_dedup,522,0,176,0.0000,1.000,0.352,0.000,en,native_en,1
5Qz520tzebw,howto,UCvrHpsyTMiwH8UmuAdtBbkQ,ok,true,,11,metadata,2006,12537015,1190000,metadata,0,0,0,0,1280,720,0,1,1,1,1,20,20,1.0,1,0,1,0.031161473087818706,0,1,whisper,1,1,1,srt_dedup,4,0,1,0.0000,1.000,0.000,0.000,en,sparse,0
5amBt3huPlc,howto,UCOrjcZ7dL3GyRGuI37gi0Og,ok,true,,23,metadata,1748,296343,751000,metadata,0,0,0,0,1280,720,0,1,1,1,1,20,20,1.0,1,0,1,0.0,0,0,whisper,0,1,0,whisper,2,0,2,0.0000,1.000,0.500,0.000,en,sparse,0
5wJPtYDWEeU,howto,UCxt9VUrBMIlKnOtHnp8cqLg,ok,true,,39,metadata,1169,1793625357,1740000,metadata,0,0,0,1,1280,720,0,1,1,1,1,20,20,1.0,1,0,1,0.0,0,0,whisper,0,1,0,whisper,11,0,11,0.7500,1.000,0.000,0.000,id,sparse,0
6Qu7sNgMnRs,howto,UCWfwA2Rcw6GRFESo8o622Bw,ok,true,,27,metadata,1856,166594,671000,metadata,0,0,0,0,1280,720,0,1,1,1,1,20,20,1.0,1,0,1,0.0,0,0,whisper,0,1,0,whisper,1,0,1,0.0000,0.000,0.000,0.000,en,sparse,0
6YMNd2S7Dyo,howto,UCmCA4r34rSqtrkjmgGUOIGA,ok,false,,424,metadata,1529,297764,236000,metadata,0,0,0,0,1280,720,0,0,0,1,0,20,20,1.0,1,1,1,0.1381872213967306,0,1,auto_captions,1,1,1,srt_dedup,3712,0,1250,0.0000,1.000,0.340,0.000,en,native_en,1
6plPaUuYcdc,howto,UCC-RMEXNNbgWUZJohvTjNBg,ok,true,,15,metadata,1795,394969,445000,metadata,0,0,0,0,1280,720,0,1,1,1,1,20,20,1.0,1,0,1,0.0,0,0,whisper,0,1,0,whisper,31,0,31,0.0000,1.000,0.161,0.000,en,sparse,0
6zvqhRKDEgo,howto,UCMPbyI4fkFC0aOS72HE-mqA,ok,true,,50,metadata,1752,3322264,106000,metadata,0,0,0,0,1280,720,0,1,1,1,1,20,20,1.0,1,0,1,0.013213213213213216,0,1,whisper,1,1,1,srt_dedup,19,0,2,0.0000,1.000,0.500,0.000,en,sparse,0
7Op3gCArRFQ,howto,UCAN3MXVzhO3SWDDriytwN9w,ok,true,,17,metadata,456,528011,720000,metadata,0,0,0,0,1280,720,0,1,1,1,1,20,20,1.0,1,0,1,0.0,0,1,whisper,1,1,1,srt_dedup,40,0,40,0.0000,1.000,0.300,0.000,es,sparse,0
7WdfJYPFJdo,howto,UCpZrdHP125sfiCDdQ3uveaA,ok,false,,2415,metadata,1870,385904,129000,metadata,0,0,0,0,1280,720,0,0,1,1,1,20,20,1.0,1,0,1,0.010548287301054832,0,1,whisper,1,1,0,whisper,170,0,170,0.5092,1.000,0.576,0.000,en,native_en,0
7YjO5jr34nY,howto,UClVOq27XNy7DnXU7Dc0pJhw,ok,true,,11,metadata,1594,410184,1480000,metadata,0,0,0,0,1280,720,0,1,1,1,1,20,20,1.0,1,0,1,0.03448275862068967,0,1,auto_captions,1,1,1,srt_dedup,128,0,44,0.0000,1.000,0.341,0.000,en,sparse,0
7Zv0AV0Vsu0,howto,UCIYMgDtU7R_2uf3xhtoocew,ok,true,,59,metadata,1268,16407863,6650000,metadata,0,0,0,1,1280,720,0,1,1,1,1,20,20,1.0,1,0,1,0.0,0,1,whisper,1,1,0,whisper,129,0,129,0.0082,1.000,0.341,0.000,en,native_en,1
7nO8iV1e2vg,howto,UCVJ5hHQMXBiRwNv394EOj_w,ok,true,,16,metadata,1649,1116620,1240000,metadata,0,0,0,0,1280,720,0,1,1,1,1,10,20,0.5,0,1,1,0.0,0,1,auto_captions,1,1,1,srt_dedup,157,0,53,0.0000,1.000,0.340,0.000,en,native_en,1
7sb9fl6UVlg,howto,UCM4mUayOV-yfqPNzePbHKsw,ok,true,,55,metadata,1993,5271468,3470000,metadata,0,0,0,0,1280,720,0,1,1,1,1,20,20,1.0,1,0,1,0.031181619256017527,0,1,auto_captions,1,1,1,srt_dedup,526,0,178,0.0000,1.000,0.270,0.000,en,native_en,1
81mbU1fM8pQ,howto,UC0Ecc319FKu9rf6mkBIT1TA,ok,false,,1380,metadata,2251,581200,464000,metadata,0,0,0,0,1280,720,0,0,1,1,1,20,20,1.0,1,0,1,0.17355300049990222,0,1,auto_captions,1,1,1,srt_dedup,15770,0,5276,0.0260,1.000,0.359,0.000,en,native_en,1
893Qn4TR9i4,howto,UCWNuTLzpx4Bz7fEhNK5-BFQ,ok,true,,26,metadata,1,1109,1390,metadata,0,0,1,1,1280,720,0,1,1,1,1,20,20,1.0,1,0,1,0.0,0,1,auto_captions,1,1,1,srt_dedup,115,0,44,0.0000,1.000,0.364,0.064,hi,sparse,0
89LCuhngfos,howto,UCBILwZIxF-GtGkNLIEvKh-Q,ok,true,,160,metadata,350,22838371,1200000,metadata,0,0,0,0,1280,720,0,1,1,1,1,20,20,1.0,1,0,1,0.001873711823121604,0,1,auto_captions,1,1,1,srt_dedup,2072,0,691,0.0000,1.000,0.347,0.000,en,native_en,1
8AbGc1cF76U,howto,UCLi-NtVnuk8yvMpnAUgDDhw,ok,true,,19,metadata,1231,418882,175000,metadata,0,0,0,0,1280,720,0,1,1,1,1,20,20,1.0,1,0,1,0.021705426356589154,0,1,auto_captions,1,1,1,srt_dedup,162,0,54,0.0000,1.000,0.259,0.000,de,translated_en,1
8CEPGfzxefY,howto,UC9deX25Xus0U-Znt3_ILSpw,ok,false,,842,metadata,4,21612,3630000,metadata,0,0,0,0,1280,720,0,0,1,1,1,20,20,1.0,1,0,0,,0,1,auto_captions,1,1,1,srt_dedup,5126,0,1687,0.0000,1.000,0.372,0.026,es,translated_en,1
8IJN-SLY_UY,howto,UCCEvlNIdyJAJlj_pE2a1y0Q,ok,true,,15,metadata,1733,124282,99,metadata,0,0,0,0,1280,720,0,1,1,1,1,20,20,1.0,1,0,1,0.0,0,1,whisper,1,0,1,srt_dedup,0,0,18,0.0000,1.000,0.500,0.000,de,sparse,0
8L0qsZE5gys,howto,UC2jMg1QoiXJlysB22fB-oEQ,ok,true,,10,metadata,1687,643361,27500,metadata,0,0,0,0,1280,720,0,1,1,1,1,20,20,1.0,1,0,1,0.0,0,1,auto_captions,1,1,1,srt_dedup,103,0,41,0.0000,1.000,0.317,0.000,en,sparse,0
8PLjXDvTta8,howto,UCntTPedT1KshQ7pR1vLyD5w,ok,false,,1132,metadata,1514,4498008,540000,metadata,0,0,0,0,1280,720,0,0,1,1,1,20,20,1.0,1,0,1,0.10646418064721319,0,1,auto_captions,1,1,1,srt_dedup,8307,0,2871,0.0000,1.000,0.382,0.000,en,native_en,1
8Q_5T7-hKhY,howto,UCrKHE_80h4u7m-7wNODaGMA,ok,true,,25,metadata,3,17828,9350,metadata,0,0,0,0,1280,720,0,1,1,1,1,20,20,1.0,1,0,1,0.0,0,1,whisper,1,1,1,srt_dedup,7,0,3,0.0000,1.000,0.000,0.250,en,sparse,0
8fH4ZSEcizg,howto,UCyq3dR0AdOQug0WgjudFutQ,ok,true,,14,metadata,1211,4538362,276000,metadata,0,0,0,0,1280,720,0,1,1,1,1,20,20,1.0,1,0,1,0.0,0,1,whisper,1,1,1,srt_dedup,1,0,3,0.0000,1.000,0.333,0.000,en,sparse,0
8wj_gkYdCp8,howto,UCgVX9yL0pP-MPXGOGnDgnMw,ok,true,,20,metadata,449,185430,81200,metadata,0,0,0,0,1280,720,0,1,1,1,1,20,20,1.0,1,0,1,0.0,0,1,whisper,1,1,1,srt_dedup,1,0,4,0.0000,1.000,0.250,0.000,en,sparse,0
95iKaeKxt7c,howto,UCJlUTcM1WumXIB0E0beO-Pg,ok,true,,58,metadata,1180,61581,25900,metadata,0,0,0,0,1280,720,0,1,1,1,1,20,20,1.0,1,0,1,0.0,0,1,whisper,1,1,1,srt_dedup,6,0,2,0.0000,1.000,0.500,0.000,en,sparse,0
9MlBl-Qj9bE,howto,UCFYBFDDaELrTI-sO-otKtkg,ok,true,,50,metadata,1,1771,2020,metadata,0,0,0,1,1280,720,0,1,1,1,1,20,20,1.0,1,0,1,0.0,0,1,auto_captions,1,1,1,srt_dedup,144,0,48,0.0000,1.000,0.319,0.148,id,sparse,0
9NPRuPqLhsk,howto,UChvCZItJwXEJGXMucP2o_7Q,ok,true,,58,metadata,1141,48132,18200,metadata,0,0,0,0,1280,720,0,1,1,1,1,20,20,1.0,1,0,1,1.0000000000000249,1,0,whisper,0,1,0,whisper,2,0,2,0.0000,1.000,1.000,0.000,en,sparse,0
9S9HT1AqaJQ,howto,UCtmleJLvEyPBY-qytueB9-w,ok,true,,7,metadata,2,18740,4840,metadata,0,0,0,1,1280,720,0,1,1,1,1,20,20,1.0,1,0,1,0.0,0,0,whisper,0,1,0,whisper,1,0,1,0.0000,1.000,0.000,0.000,en,sparse,0
9WQLeZc2GO8,howto,UC0YvTCy1I4_a-3pn47_5DBA,ok,false,,1166,metadata,3574,127092612,10600000,metadata,0,0,0,0,1280,720,0,0,1,1,1,20,20,1.0,1,0,1,0.011218319825035376,0,1,auto_captions,1,1,1,srt_dedup,11316,0,3848,0.0008,1.000,0.342,0.000,en,native_en,1
9c-w3487-lw,howto,UCfP32aiFOIOUULH-mSdQpmA,ok,true,,56,metadata,320,10056584,1440000,metadata,0,0,0,0,1280,720,0,1,1,1,1,20,20,1.0,1,0,1,0.014516129032258074,0,1,auto_captions,1,1,1,srt_dedup,187,0,63,0.0000,1.000,0.333,0.000,en,native_en,1
9lIS1m6BbNQ,howto,UCM4mUayOV-yfqPNzePbHKsw,ok,true,,22,metadata,1995,580387,3460000,metadata,0,0,0,0,1280,720,0,1,1,1,1,20,20,1.0,1,0,1,0.0,0,1,auto_captions,1,1,1,srt_dedup,267,0,91,0.0000,1.000,0.308,0.000,en,native_en,1
9p7jRIn8VbI,howto,UCGbRYhxhgxau3h92-SiEuxA,ok,true,,94,metadata,1,24870,100000,metadata,0,0,0,0,1280,720,0,1,1,1,1,20,20,1.0,1,0,1,0.4966442953020136,0,1,auto_captions,1,1,1,srt_dedup,290,0,118,0.0000,1.000,0.345,0.008,ko,translated_en,1
9vviSJdToUg,howto,UCqMRqTb5jmblkT32_UiKrhQ,ok,true,,11,metadata,1590,16502374,2790000,metadata,0,0,0,0,1280,720,0,1,1,1,1,20,20,1.0,1,0,1,0.0,0,0,whisper,0,1,0,whisper,11,0,11,0.0000,1.000,0.182,0.000,en,sparse,0
A4GvfCyEqv0,howto,UCvteDnBMWUr1JO2Wd7xr09A,ok,true,,48,metadata,1105,259143,1550,metadata,0,0,0,0,1280,720,0,1,1,1,1,20,20,1.0,1,0,1,0.0,0,1,auto_captions,1,1,1,srt_dedup,584,0,198,0.0000,1.000,0.409,0.000,id,translated_en,1
AAY5J5bwRDU,howto,UCPWnwdObFjdQY36gwDGJ8qA,ok,false,,424,metadata,5761,1318900,9180,metadata,0,0,0,0,480,360,1,0,1,1,1,20,20,1.0,1,0,1,0.001769034814605152,0,1,auto_captions,1,1,1,srt_dedup,2812,0,962,0.0000,1.000,0.374,0.000,en,native_en,1
AL_fHb7vRoo,howto,UC7F1_XUGsf9EQQK2TLfZ4Ig,ok,false,,1339,metadata,2939,335561,494000,metadata,0,0,0,0,1280,720,0,0,1,1,1,20,20,1.0,1,0,1,0.09329060595195408,0,1,auto_captions,1,1,1,srt_dedup,10535,0,3549,0.0003,1.000,0.374,0.000,en,native_en,1
AOpi-p0cJkc,howto,UCRp-32Yi0KC2YMgHIg6mTag,ok,false,,137,metadata,3415,1663168,549000,metadata,0,0,0,0,1280,720,0,0,1,1,1,19,20,0.95,0,1,1,0.005243609351103344,0,1,auto_captions,1,1,1,srt_dedup,1290,0,434,0.0000,1.000,0.295,0.000,en,native_en,1
AX84Qc0dwo4,howto,UCVJ5hHQMXBiRwNv394EOj_w,ok,false,,1361,metadata,1689,1692173,1240000,metadata,0,0,0,0,1280,720,0,0,1,1,1,14,20,0.7,0,1,1,0.09776739470610282,0,1,auto_captions,1,1,1,srt_dedup,10948,0,3705,0.0049,1.000,0.390,0.000,en,native_en,1
Adnhq2KLDwA,howto,UCbc3oglqvTDrLofnF-FdcyA,ok,true,,14,metadata,1176,13988937,569000,metadata,0,0,0,0,1280,720,0,1,1,1,1,20,20,1.0,1,0,0,,0,1,auto_captions,1,1,1,srt_dedup,142,0,48,0.0000,1.000,0.250,0.000,en,sparse,0
B-nvQZZrKMQ,howto,UCmC0-DKbuBCx94SA9xxSutQ,ok,true,,47,metadata,308,31796,38300,metadata,0,0,0,0,1280,720,0,1,1,1,1,20,20,1.0,1,0,1,0.0,0,1,auto_captions,1,1,1,srt_dedup,526,0,176,0.0000,1.000,0.383,0.000,id,translated_en,1
B4Nb-kwYM3c,howto,UCMLVVDl7si6Xwi1OdM1ax_Q,ok,true,,10,metadata,0,26117,37200,metadata,0,0,0,0,1280,720,0,1,1,1,1,20,20,1.0,1,0,1,0.0,0,1,whisper,1,1,1,srt_dedup,2,0,1,0.0000,1.000,0.000,0.500,bn,sparse,0
B8Sa1vU7W4s,howto,UC_ruB7qtdk4KufASPRuWhZA,ok,true,,55,metadata,1998,132022,377000,metadata,0,0,0,0,1280,720,0,1,1,1,1,20,20,1.0,1,0,1,0.0808464460119371,0,1,auto_captions,1,1,1,srt_dedup,445,0,151,0.0000,1.000,0.318,0.000,en,native_en,1
BTI4wm5wRGg,howto,UCXrEE1TyCslZgsH1Pql51-Q,ok,false,,809,metadata,2657,824709,977000,metadata,0,0,0,0,1280,720,0,0,1,1,1,20,20,1.0,1,0,1,0.3154439581633404,0,1,auto_captions,1,1,1,srt_dedup,5331,0,1844,0.0027,1.000,0.377,0.000,en,native_en,1
BUCAFaU7TPs,howto,UC5WjSDvuDlAHEyuO4rPplDg,ok,true,,26,metadata,7,160802,163000,metadata,0,0,0,0,1280,720,0,1,1,1,1,20,20,1.0,1,0,1,0.0,0,0,whisper,0,1,0,whisper,14,0,14,0.0000,0.983,0.571,0.000,en,sparse,0
BUQGJYO0VOE,howto,UCfxc_fHFnziFkrSNtY0_zxg,ok,true,,8,metadata,15,149858,47300,metadata,0,0,0,0,1280,720,0,1,1,1,1,20,20,1.0,1,0,1,0.0,0,0,whisper,0,1,0,whisper,11,0,11,0.0000,1.000,0.000,0.000,en,sparse,0
BxPY47Pz6u8,howto,UC1WX30bR2q7NB1gCoq28q_A,ok,true,,10,metadata,2,9891,1100000,metadata,0,0,0,0,1280,720,0,1,1,1,1,20,20,1.0,1,0,1,0.9999999999999977,1,0,whisper,0,1,0,whisper,1,0,1,0.0000,1.000,1.000,0.000,en,sparse,0
CYBTm7Z3l-E,howto,UClNK2f7gwU5BaLIfuWd_72g,ok,false,,1200,metadata,16,35951,54000,metadata,0,0,0,0,1280,720,0,0,1,1,1,20,20,1.0,1,0,1,0.18809678548217787,0,0,whisper,0,1,0,whisper,32,0,32,0.9200,1.000,0.969,0.000,en,sparse,0
Ca-0Yd6uAKc,howto,UCO4AaIooUgGTlBH64KWO76w,ok,false,,1236,metadata,2089,7038251,724000,metadata,0,0,0,0,1280,720,0,0,1,1,1,20,20,1.0,1,0,1,0.0853321033210332,0,1,auto_captions,1,1,1,srt_dedup,10253,0,3494,0.0000,1.000,0.411,0.000,en,native_en,1
DKbe-098ZOw,howto,UC2NmVnV1HIgJMGAEpPJdCfQ,ok,true,,51,metadata,300,124429,254,metadata,0,0,0,1,1280,720,0,1,1,1,1,20,20,1.0,1,0,1,0.005844535359438925,0,1,auto_captions,1,1,1,srt_dedup,115,0,39,0.0000,1.000,0.333,0.000,en,sparse,0
DTpYEODeE8E,howto,UCGVBwnzyt0LRjwQxZPFUg8g,ok,true,,17,metadata,1677,11382866,2770000,metadata,0,0,0,0,1280,720,0,0,1,1,1,20,20,1.0,1,0,1,0.0,0,1,whisper,1,1,1,srt_dedup,1,0,1,0.0000,1.000,1.000,0.000,en,sparse,0
Dgha6qBtAwQ,howto,UCC8wczy7734jKPhiR2UkS9A,ok,false,,3549,metadata,245,250339,1480000,metadata,0,0,0,0,1280,720,0,0,1,1,1,20,20,1.0,1,0,1,0.004573003220543858,0,0,whisper,0,1,0,whisper,12304,0,12304,0.0010,1.000,0.394,0.000,en,native_en,1
DqftfjFq7t0,howto,UC6mbyqHqkmYIy9z68gpEq-w,ok,true,,20,metadata,1406,1033691,954000,metadata,0,0,0,0,1280,720,0,1,1,1,1,20,20,1.0,1,0,1,0.0,0,1,auto_captions,1,1,1,srt_dedup,224,0,76,0.0000,1.000,0.316,0.000,de,translated_en,1
E9v8HFMGMzQ,howto,UC9x1egq6PNyY2wI1lvkqkvA,ok,false,,860,metadata,2124,1324968,19200,metadata,0,0,0,0,1280,720,0,0,1,1,1,20,20,1.0,1,0,1,0.06303195200223245,0,1,auto_captions,1,1,1,srt_dedup,6280,0,2152,0.0172,1.000,0.362,0.000,en,native_en,1
EH-0DzxxCzw,howto,UCWZZowzfDwihJ8VbQ3H8ivw,ok,true,,30,metadata,1666,4429701,3260000,metadata,0,0,0,0,1280,720,0,1,1,1,1,20,20,1.0,1,0,1,0.131048387096774,0,1,auto_captions,1,1,1,srt_dedup,235,0,85,0.0000,1.000,0.282,0.000,en,native_en,1
EV0rBxu4UKk,howto,UC8LaBH9v0bSEcEFck0RAfeg,ok,false,,110,metadata,22,28010,3010000,metadata,0,0,0,0,1280,720,0,0,1,1,1,20,20,1.0,1,0,1,0.015027322404371588,0,1,auto_captions,1,1,1,srt_dedup,1116,0,376,0.0027,1.000,0.277,0.005,en,native_en,1
EW2RUAhkSJ0,howto,UCOAivX4hehwYpTxSX6sHarQ,ok,false,,920,metadata,1641,326183,385000,metadata,0,0,0,0,1280,720,0,0,1,1,1,20,20,1.0,1,0,1,0.025894400417441243,0,1,auto_captions,1,1,1,srt_dedup,7605,0,2561,0.0012,1.000,0.395,0.000,en,native_en,1
EZngDWBk0xE,howto,UCI76QID4NG3MwCDwnUaVY3Q,ok,false,,331,metadata,2034,4614811,75800,metadata,0,0,0,0,1280,720,0,0,1,1,1,20,20,1.0,1,0,1,0.16120838247301117,0,1,auto_captions,1,1,1,srt_dedup,2696,0,908,0.0000,1.000,0.381,0.000,en,native_en,1
EqLEWV63Zng,howto,UCrKHE_80h4u7m-7wNODaGMA,ok,true,,25,metadata,3,29207,9350,metadata,0,0,0,0,1280,720,0,1,1,1,1,20,20,1.0,1,0,1,0.0,0,1,whisper,1,0,1,srt_dedup,0,0,3,0.0000,1.000,0.000,0.250,en,sparse,0
F401lhmfh6Q,howto,UCHhwQRNZRr4UAg1rXzdyLmw,ok,true,,39,metadata,1838,3512123,43900,metadata,0,0,0,1,1280,720,0,1,1,1,1,20,20,1.0,1,0,1,0.016079632465543652,0,0,whisper,0,1,0,whisper,15,0,15,0.0000,1.000,0.400,0.000,en,sparse,0
F_e2VcpPmdc,howto,UCcVLr2oFhRFSx3mcOlMZRTQ,ok,true,,20,metadata,371,33339450,4100000,metadata,0,0,0,0,1280,720,0,1,1,1,1,20,20,1.0,1,0,1,0.015197568389057755,0,0,whisper,0,1,0,whisper,1,0,1,0.0000,1.000,0.000,0.000,en,sparse,0
FacdsR8bCCc,howto,UC8pxqLYuwyQkZH8yUDJC5RA,ok,false,,214,metadata,2962,1706303,687000,metadata,0,0,0,0,1280,720,0,0,1,1,1,20,20,1.0,1,0,1,0.0359550561797753,0,1,auto_captions,1,1,1,srt_dedup,2371,0,791,0.0013,1.000,0.377,0.000,en,native_en,1
Fdbx1uLjKZU,howto,UCW-hOrdU3aclVUd6oICDfgQ,ok,true,,30,metadata,1673,375046,100000,metadata,0,0,0,0,1280,720,0,1,1,1,1,20,20,1.0,1,0,1,0.020181634712411717,0,1,auto_captions,1,1,1,srt_dedup,354,0,120,0.0000,1.000,0.358,0.000,en,native_en,1
FsAFT0UQsMo,howto,UCQtT5NhGnmeKZIovapqNWHA,ok,true,,47,metadata,1929,556580,21100,metadata,0,0,0,1,480,360,1,1,1,1,1,20,20,1.0,1,0,1,0.025706940874036008,0,1,whisper,1,1,1,srt_dedup,10,0,15,0.0000,1.000,0.000,0.000,en,sparse,0
FvtkgKdcu6I,howto,UC1WX30bR2q7NB1gCoq28q_A,ok,true,,9,metadata,1,2112,1100000,metadata,0,0,0,1,1280,720,0,1,1,1,1,20,20,1.0,1,0,1,1.0000000000000007,1,0,whisper,0,1,0,whisper,1,0,1,0.0000,1.000,1.000,0.000,pa,sparse,0
G8aU-8S0WpA,howto,UCKe0ZL65SBDPe40zJVY07jA,ok,true,,15,metadata,1259,3039628,7930,metadata,0,0,0,0,1280,720,0,1,1,1,1,20,20,1.0,1,0,1,0.04000000000000002,0,1,whisper,1,1,1,srt_dedup,22,0,17,0.0000,1.000,0.412,0.000,id,sparse,0
GExOET54h1Y,howto,UCM4mUayOV-yfqPNzePbHKsw,ok,true,,32,metadata,1996,470019,3460000,metadata,0,0,0,0,1280,720,0,1,1,1,1,20,20,1.0,1,0,1,0.06635071090047397,0,1,auto_captions,1,1,1,srt_dedup,387,0,133,0.0000,1.000,0.323,0.000,en,native_en,1
GMilyQoedjc,howto,UCOVbSeKZgRtfgseGVO65cXQ,ok,true,,7,metadata,435,35786678,596000,metadata,0,0,0,0,1280,720,0,1,1,1,1,20,20,1.0,1,0,1,1.0000000000000022,1,0,whisper,0,1,0,whisper,1,0,1,0.0000,1.000,1.000,0.000,en,sparse,0
GOv85SJbTU0,howto,UC0j4LSwYeD63QCQXO_UdlDA,ok,false,,782,metadata,2531,1106234,1090000,metadata,0,0,0,0,1280,720,0,0,1,1,1,20,20,1.0,1,0,1,0.3271687833326944,0,1,auto_captions,1,1,1,srt_dedup,3839,0,1336,0.0083,1.000,0.317,0.000,en,native_en,1
GQTUYAhJzY8,howto,UCIH9-O5pX3Qr9bESZB3LYdw,ok,true,,14,metadata,885,1139444300,8400000,metadata,0,0,0,0,1280,720,0,1,1,1,1,20,20,1.0,1,0,1,0.0,0,1,whisper,1,0,1,srt_dedup,0,0,1,0.0000,1.000,0.000,0.000,en,sparse,0
GSjm29FESiQ,howto,UCp8IrfyoobKSXtVuC53CvTA,ok,true,,19,metadata,1485,1061150,48300,metadata,0,0,0,0,1280,720,0,1,1,1,1,20,20,1.0,1,0,1,0.0,0,1,auto_captions,1,1,1,srt_dedup,205,0,71,0.0000,1.000,0.408,0.000,en,native_en,1
GrrfjAV3rDA,howto,UCeD1USYxuRnh3yfiydz6cTQ,ok,false,,2306,metadata,15,46819,235000,metadata,0,0,0,0,1280,720,0,0,1,1,1,20,20,1.0,1,0,1,0.0333996903339969,0,1,auto_captions,1,1,1,srt_dedup,18135,0,6088,0.0020,1.000,0.376,0.010,en,native_en,1
H2V_YP03oC8,howto,UCi-_UkGE5zWegBwI8kqlnzg,ok,false,,239,metadata,2841,643058,860000,metadata,0,0,0,0,1280,720,0,0,1,1,1,20,20,1.0,1,0,1,0.012451263991950701,0,1,auto_captions,1,1,1,srt_dedup,2313,0,771,0.0000,1.000,0.346,0.000,en,native_en,1
HXdqBcwyiYo,howto,UCMcMROmEPiyJnkvt3SdK29Q,ok,true,,15,metadata,1578,2158058,156000,metadata,0,0,0,0,1280,720,0,1,1,1,1,20,20,1.0,1,0,1,0.0,0,1,auto_captions,1,1,1,srt_dedup,164,0,58,0.0000,1.000,0.345,0.000,en,native_en,1
HvI2Pgc2EBE,howto,UCTaIpCp6GdPOtzNfVBVVqFA,ok,true,,22,metadata,1447,275012,21800,metadata,0,0,0,0,1280,720,0,1,1,1,1,20,20,1.0,1,0,1,0.0,0,1,whisper,1,0,1,srt_dedup,0,0,1,0.0000,1.000,0.000,0.000,en,sparse,0
IAtDdOhvovQ,howto,UCQlq8NbKmHYNoTz8DlHJwLA,ok,true,,180,metadata,1,1090,24900,metadata,0,0,1,0,1280,720,0,1,1,1,1,20,20,1.0,1,0,1,0.05682386268955177,0,1,auto_captions,1,1,1,srt_dedup,1575,0,531,0.0000,1.000,0.399,0.000,en,native_en,1
IP_wfMeCIIY,howto,UCDkJEEIifDzR_2K2p9tnwYQ,ok,false,,3868,metadata,3603,518810,1660000,metadata,0,0,0,0,1280,720,0,0,1,1,1,20,20,1.0,1,0,1,0.0707050337392383,0,1,auto_captions,1,1,1,srt_dedup,36104,0,12092,0.0001,1.000,0.350,0.000,en,native_en,1
Ifdag7m2CoE,howto,UCM4mUayOV-yfqPNzePbHKsw,ok,true,,28,metadata,1992,824044,3460000,metadata,0,0,0,0,1280,720,0,1,1,1,1,20,20,1.0,1,0,1,0.0,0,1,auto_captions,1,1,1,srt_dedup,328,0,110,0.0000,1.000,0.327,0.000,en,native_en,1
J-QHYBj07fU,howto,UCp7EwodJcppc6GqiRcnCpOw,ok,true,,55,metadata,2288,137330,289000,metadata,0,0,0,0,640,480,1,0,1,1,1,20,20,1.0,1,0,1,0.19078590785907876,0,1,auto_captions,1,1,1,srt_dedup,389,0,133,0.0000,1.000,0.376,0.000,en,native_en,1
J3b9UnDK1fQ,howto,UCFjARwLMCXs640hNJO6wnOQ,ok,false,,325,metadata,4554,733189,48600,metadata,0,0,0,0,1280,720,0,0,1,1,1,20,20,1.0,1,0,1,0.1495473859227785,0,1,auto_captions,1,1,1,srt_dedup,2929,0,985,0.0000,1.000,0.348,0.000,en,native_en,1
J4-GRH2nDvw,howto,UCuYx81nzzz4OFQrhbKDzTng,ok,false,,519,metadata,6165,69483001,8510000,metadata,0,0,0,0,480,360,1,0,1,1,1,20,20,1.0,1,0,1,0.005663430420711966,0,0,whisper,0,1,0,whisper,788,0,788,0.0000,1.000,0.297,0.000,en,native_en,1
J4wqsXG9wRw,howto,UCvsawWNt6dkM8NiABEMhB_w,ok,true,,49,metadata,1,2851,15900,metadata,0,0,1,0,1280,720,0,1,1,1,1,20,20,1.0,1,0,1,0.0,0,1,auto_captions,1,1,1,srt_dedup,366,0,118,0.0000,1.000,0.373,0.041,en,native_en,1
JnPoIzwK4JI,howto,UCDKZvGE5oveW1lHNVghDuLg,ok,true,,17,metadata,4,145801,418000,metadata,0,0,0,0,1280,720,0,1,1,1,1,20,20,1.0,1,0,1,0.0,0,1,auto_captions,1,1,1,srt_dedup,62,0,21,0.0000,1.000,0.333,0.192,ur,sparse,0
JrrSBVWFMmk,howto,UCp7EwodJcppc6GqiRcnCpOw,ok,true,,43,metadata,1945,216199,289000,metadata,0,0,0,0,1280,720,0,0,1,1,1,20,20,1.0,1,0,1,0.01976005645730418,0,1,auto_captions,1,1,1,srt_dedup,302,0,102,0.0000,1.000,0.314,0.000,en,native_en,1
K0X17fTJ6dU,howto,UCXDwBQTr45SpTwgtWP5qSyQ,ok,false,,1688,metadata,1566,1979707,181000,metadata,0,0,1,0,640,480,1,0,1,1,1,20,20,1.0,1,0,1,0.05489680183463402,0,0,whisper,0,1,0,whisper,2448,0,2448,0.0008,1.000,0.382,0.000,en,native_en,1
KChUsEJPHqk,howto,UC7F1_XUGsf9EQQK2TLfZ4Ig,ok,false,,1317,metadata,4003,484024,494000,metadata,0,0,0,0,1280,720,0,0,1,1,1,20,20,1.0,1,0,1,0.06936060681989023,0,1,auto_captions,1,1,1,srt_dedup,10834,0,3658,0.0003,1.000,0.379,0.000,en,native_en,1
KDvvKWi0ijs,howto,UCVeEx96wzFgzhXsy7cBC8hw,ok,false,,286,metadata,2770,3457996,168000,metadata,0,0,0,0,1280,720,0,0,1,1,1,18,20,0.9,0,1,1,0.034721493758523035,0,1,auto_captions,1,1,1,srt_dedup,2432,0,822,0.0012,1.000,0.333,0.000,en,native_en,1
KKu_h2Gg6x0,howto,UCkKPEBiDHAou_SYV3XMvM8g,ok,true,,36,metadata,0,1281,134,metadata,0,0,0,1,1280,720,0,1,1,1,1,20,20,1.0,1,0,1,0.0,0,1,whisper,1,1,1,srt_dedup,2,0,21,0.0000,1.000,0.286,0.045,en,sparse,0
KMK5IiyVDis,howto,UC76vuUkGWnPUDFWcgM2_yMg,ok,true,,30,metadata,1832,551387,2870000,metadata,0,0,0,0,1280,720,0,1,1,1,1,20,20,1.0,1,0,1,0.0,0,1,auto_captions,1,1,1,srt_dedup,214,0,72,0.0000,1.000,0.443,0.000,it,translated_en,1
KOmiITD-gCk,howto,UCPT1UnLY3LtWlmk0EdDRGfQ,ok,false,,129,metadata,5243,186102,1630,metadata,0,0,0,0,1280,720,0,0,1,1,1,19,20,0.95,0,1,1,0.06358783940589458,0,1,auto_captions,1,1,1,srt_dedup,975,0,327,0.0000,1.000,0.346,0.000,en,native_en,1
KTLfVHinI2g,howto,UCLhU6Ror2kjx3_SKqiHfcug,ok,true,,14,metadata,1517,401906,1210000,metadata,0,0,0,0,1280,720,0,1,1,1,1,20,20,1.0,1,0,1,0.0,0,1,auto_captions,1,1,1,srt_dedup,145,0,53,0.0000,1.000,0.358,0.000,en,native_en,1
KXbiy4afrog,howto,UCi-_UkGE5zWegBwI8kqlnzg,ok,false,,709,metadata,2753,19318752,860000,metadata,0,0,0,0,1280,720,0,0,1,1,1,20,20,1.0,1,0,1,0.14438050101557223,0,1,auto_captions,1,1,1,srt_dedup,6967,0,2337,0.0056,1.000,0.407,0.000,en,native_en,1
KeK6XUDz5rc,howto,UCtveOhkqSOeBBChaKfbNfZA,ok,true,,21,metadata,321,69923,943,metadata,0,0,0,0,1280,720,0,1,1,1,1,20,20,1.0,1,0,1,0.0,0,0,whisper,0,1,0,whisper,1,0,1,0.0000,0.000,0.000,0.000,en,sparse,0
LGiJe7IAixc,howto,UCT_cyyW_Kgp77kHnX--mjAA,ok,true,,78,metadata,4,12992,799000,metadata,0,0,0,0,1280,720,0,1,1,1,1,20,20,1.0,1,0,1,0.0,0,1,auto_captions,1,1,1,srt_dedup,955,0,321,0.0000,1.000,0.483,0.000,en,native_en,1
LK5dhpDPjy8,howto,UCWZZowzfDwihJ8VbQ3H8ivw,ok,true,,28,metadata,1845,249933,3260000,metadata,0,0,0,0,640,480,1,1,1,1,1,20,20,1.0,1,0,1,0.0,0,1,auto_captions,1,1,1,srt_dedup,252,0,88,0.0000,1.000,0.330,0.000,en,native_en,1
LSfZkx2G_6o,howto,UCQy-Vk9G4gwy2Jk_h3Fb0CQ,ok,true,,53,metadata,1501,1803925,372000,metadata,0,0,0,0,1280,720,0,1,1,1,1,20,20,1.0,1,0,1,0.11547212741751992,0,1,auto_captions,1,1,1,srt_dedup,529,0,181,0.0000,1.000,0.381,0.000,en,native_en,1
LXjSduaOXEk,howto,UCnzCSbvTWDvty7Hr9Ind4ow,ok,false,,502,metadata,1527,1657108,2150000,metadata,0,0,0,0,1280,720,0,0,1,1,1,20,20,1.0,1,0,1,0.0640497102228596,0,1,auto_captions,1,1,1,srt_dedup,3829,0,1299,0.0000,1.000,0.346,0.000,en,native_en,1
LqPiUGSMnns,howto,UC6ARwyr_g2yoErVs3H9FEFw,ok,true,,24,metadata,1,37071,14200000,metadata,0,0,0,1,1280,720,0,1,1,1,1,20,20,1.0,1,0,1,0.0,0,1,auto_captions,1,1,1,srt_dedup,251,0,89,0.0000,1.000,0.281,0.000,ay,translated_en,1
MFDo-dtr9mk,howto,UCcsJvB1ntSJd4AjLSTOBHCA,ok,false,,655,metadata,2592,2835692,157000,metadata,0,0,0,0,1280,720,0,0,1,1,1,20,20,1.0,1,0,1,0.2633797653958943,0,1,auto_captions,1,1,1,srt_dedup,3525,0,1209,0.0000,1.000,0.409,0.000,en,native_en,1
MKPJLPy6N4o,howto,UCRXiA3h1no_PFkb1JCP0yMA,ok,false,,614,metadata,2700,18668926,16800000,metadata,0,0,0,0,1280,720,0,0,1,1,1,20,20,1.0,1,0,1,0.06437432841652828,0,1,auto_captions,1,1,1,srt_dedup,4036,0,1352,0.0000,1.000,0.366,0.000,en,native_en,1
MLMCgtufyFE,howto,UCbc0ikNuFbIQkSQAu6WlrIQ,ok,false,,598,metadata,1900,481867,171000,metadata,0,0,0,0,1280,720,0,0,1,1,1,20,20,1.0,1,0,1,0.1816356242783273,0,1,auto_captions,1,1,1,srt_dedup,4137,0,1417,0.0064,1.000,0.385,0.000,en,native_en,1
MWa-WNG3KAM,howto,UCj4nCgtjKJppK_IZeY8TUJg,ok,true,,29,metadata,1154,958830,483000,metadata,0,0,0,0,1280,720,0,1,1,1,1,20,20,1.0,1,0,1,0.022105263157894742,0,0,whisper,0,1,0,whisper,92,0,92,0.0000,1.000,0.293,0.000,en,native_en,1
MYDydK9r0Wk,howto,UC4F2RFnt91BXXmrY-tZOUgA,ok,true,,49,metadata,6,41608,318000,metadata,0,0,0,0,1280,720,0,1,1,1,1,20,20,1.0,1,0,1,0.0,0,1,auto_captions,1,1,1,srt_dedup,485,0,155,0.1284,1.000,0.413,0.049,id,translated_en,1
MyDpp-fY0yo,howto,UCIYMgDtU7R_2uf3xhtoocew,ok,true,,159,metadata,458,2311495,6650000,metadata,0,0,0,1,1280,720,0,1,1,1,1,20,20,1.0,1,0,1,0.07091663523198792,0,1,auto_captions,1,1,1,srt_dedup,1447,0,491,0.0000,1.000,0.338,0.000,en,native_en,1
MywbYrTPz6E,howto,UCzzCo7lZGJ-sTCgpI7BJKEg,ok,true,,26,metadata,407,1221341,291000,metadata,0,0,0,0,1280,720,0,1,1,1,1,20,20,1.0,1,0,1,0.0,0,1,auto_captions,1,1,1,srt_dedup,271,0,93,0.0000,1.000,0.323,0.000,en,native_en,1
N032aA98gq8,howto,UCKRetft0FYUq06bDGtCjPqA,ok,true,,29,metadata,325,7467971,460000,metadata,0,0,0,1,1280,720,0,1,1,1,1,20,20,1.0,1,0,1,0.0,0,1,auto_captions,1,1,1,srt_dedup,163,0,51,0.0000,1.000,0.360,0.000,id,translated_en,1
N_62ngX3FhI,howto,UCx0hrzDBdrduAHZHw7LjMDA,ok,false,,1101,metadata,44,76228,332000,metadata,0,0,0,0,1280,720,0,0,1,1,1,20,20,1.0,1,0,1,0.2945136409473712,0,1,auto_captions,1,1,1,srt_dedup,7173,0,2487,0.0250,1.000,0.327,0.000,en,native_en,1
Nf0mdo6lHv8,howto,UCBFf2rNtbzTusCL-M46KEMQ,ok,false,,81,metadata,1877,975120,49500,metadata,0,0,0,0,1280,720,0,0,1,1,1,20,20,1.0,1,0,1,0.21737523105360443,0,1,auto_captions,1,1,1,srt_dedup,276,0,94,0.0000,1.000,0.351,0.000,en,native_en,1
NhrOS2gXNlU,howto,UCcx52IM2OikhWgVF_TPzqrQ,ok,false,,1699,metadata,1835,2049983,738000,metadata,0,0,0,0,1280,720,0,0,1,1,1,20,20,1.0,1,0,1,0.09725337808001408,0,1,auto_captions,1,1,1,srt_dedup,12688,0,4260,0.0207,1.000,0.338,0.000,en,native_en,1
Nj0FVxyhUhA,howto,UCByJu2_r9tyQPHtyIW0Z8gA,ok,false,,990,metadata,2,4327,366000,metadata,0,0,0,0,1280,720,0,0,1,1,1,14,20,0.7,0,1,1,0.09131686619184731,0,1,auto_captions,1,1,1,srt_dedup,8293,0,2787,0.0040,1.000,0.427,0.000,en,native_en,1
Nln6qcFEKuw,howto,UCqEel6bV8TM1DIJeyA1przQ,ok,true,,18,metadata,2,164340,165000,metadata,0,0,0,0,1280,720,0,1,1,1,1,20,20,1.0,1,0,1,0.0,0,1,auto_captions,1,1,1,srt_dedup,253,0,82,0.0000,1.000,0.317,0.035,en,native_en,1
NngDbZqdJHY,howto,UC1iNAqzpZw9wFl8HmtwqCnA,ok,true,,60,metadata,2,7274,93300,metadata,0,0,0,0,1280,720,0,1,1,1,1,20,20,1.0,1,0,1,0.02551275637818911,0,1,auto_captions,1,1,1,srt_dedup,500,0,168,0.0000,1.000,0.429,0.000,en,native_en,1
O8Tc_eRbuu8,howto,UC8pxqLYuwyQkZH8yUDJC5RA,ok,false,,384,metadata,4169,1200542,687000,metadata,0,0,0,0,1280,720,0,0,1,1,1,20,20,1.0,1,0,1,0.0,0,1,auto_captions,1,1,1,srt_dedup,4052,0,1356,0.0000,1.000,0.377,0.000,en,native_en,1
OD3l-dYMxkA,howto,UCrHkd2JpNZ84Wgd6SRuxLVw,ok,true,,13,metadata,1860,1590906,130000,metadata,0,0,0,0,640,480,1,1,1,1,1,20,20,1.0,1,0,1,0.0,0,1,auto_captions,1,1,1,srt_dedup,146,0,54,0.0000,1.000,0.407,0.000,en,native_en,1
Oa_IAvV86Cg,howto,UCBOi-FcfyG2jsZlvoJ-86JQ,ok,true,,27,metadata,830,560447,175000,metadata,0,0,0,0,1280,720,0,1,1,1,1,20,20,1.0,1,0,1,0.0,0,1,auto_captions,1,1,1,srt_dedup,271,0,96,0.0000,1.000,0.417,0.000,de,translated_en,1
OjRVfS8irB4,howto,UC8Y-jrV8oR3s2Ix4viDkZtA,ok,true,,38,metadata,1460,9509366,3300000,metadata,0,0,0,0,1280,720,0,1,1,1,1,20,20,1.0,1,0,1,0.009561752988047812,0,1,auto_captions,1,1,1,srt_dedup,423,0,143,0.0000,1.000,0.385,0.000,en,native_en,1
Oq3KsRXB0IE,howto,UC7aD9a7f_v59msgJ2g8w2tw,ok,true,,22,metadata,1,1285,379,metadata,0,0,0,1,1280,720,0,1,1,1,1,20,20,1.0,1,0,1,0.0,0,1,whisper,1,1,1,srt_dedup,1,0,2,0.0000,1.000,0.000,0.333,en,sparse,0
OqoMQ57hJeU,howto,UCOWKwl9lasOMhuAA_r4tFiw,ok,true,,56,metadata,1560,905993,91400,metadata,0,0,0,0,480,360,1,1,1,1,1,20,20,1.0,1,0,1,0.0226781857451404,0,1,auto_captions,1,1,1,srt_dedup,550,0,184,0.0000,1.000,0.321,0.000,en,native_en,1
Ov1oFfDA-9Q,howto,UCBINFWq52ShSgUFEoynfSwg,ok,true,,20,metadata,1228,21886871,6740000,metadata,0,0,0,0,1280,720,0,1,0,1,0,0,20,0.0,0,1,1,0.019461077844311385,0,1,auto_captions,1,1,1,srt_dedup,124,0,46,0.0000,1.000,0.435,0.000,en,sparse,0
Oz2oG9F5EQ4,howto,UCFJfRJxHYc81y2gh_JItTKA,ok,true,,25,metadata,158,626486,344000,metadata,0,0,0,0,1280,720,0,1,1,1,1,20,20,1.0,1,0,1,0.0,0,0,whisper,0,1,0,whisper,78,0,78,0.0000,1.000,0.436,0.000,en,native_en,1
P-xZoDj3Evo,howto,UCAN3MXVzhO3SWDDriytwN9w,ok,true,,15,metadata,724,3544120,720000,metadata,0,0,0,0,1280,720,0,1,1,1,1,20,20,1.0,1,0,1,0.0,0,1,auto_captions,1,1,1,srt_dedup,159,0,57,0.0000,1.000,0.333,0.000,es,translated_en,1
PGPQNsIYUZk,howto,UC1WX30bR2q7NB1gCoq28q_A,ok,true,,10,metadata,6,22907,1100000,metadata,0,0,0,1,1280,720,0,1,1,1,1,20,20,1.0,1,0,1,0.9999999999999972,1,0,whisper,0,1,0,whisper,1,0,1,0.0000,1.000,1.000,0.000,en,sparse,0
PP3GCMLIDhE,howto,UCunSyeojAOG-lOjcwdmUvug,ok,true,,29,metadata,1,3412,94100,metadata,0,0,0,1,1280,720,0,1,1,1,1,20,20,1.0,1,0,1,0.0,0,0,whisper,0,1,0,whisper,1,0,1,0.0000,0.000,0.000,0.000,en,sparse,0
PiksvI3epxc,howto,UCCjU4GBJZvb2YcrlKs_cvEA,ok,true,,40,metadata,5,45091,171000,metadata,0,0,0,0,1280,720,0,1,1,1,1,20,20,1.0,1,0,1,0.0,0,1,auto_captions,1,1,1,srt_dedup,448,0,164,0.0000,1.000,0.386,0.000,en,native_en,1
PnkVLApVejc,howto,UCk4Zj1DLlgIbApcahKa90VQ,ok,false,,628,metadata,2268,1823698,101000,metadata,0,0,0,0,640,480,1,0,1,1,1,20,20,1.0,1,0,1,0.01529125053758303,0,1,auto_captions,1,1,1,srt_dedup,5884,0,1964,0.0000,1.000,0.397,0.000,en,native_en,1
Q9kbxClEzAE,howto,UCXQrCymKl0Wizho8yck1FUw,ok,true,,30,metadata,3,130162,129000,metadata,0,0,0,0,1280,720,0,1,1,1,1,20,20,1.0,1,0,1,0.0,0,0,whisper,0,1,0,whisper,6,0,6,0.0000,1.000,0.333,0.000,hi,sparse,0
QGm6v9-1ZBU,howto,UC-ZaFVre7Koir_VcaM2LpNA,ok,false,,415,metadata,3489,15073197,2750000,metadata,0,0,0,0,1280,720,0,0,1,1,1,20,20,1.0,1,0,0,,0,1,auto_captions,1,1,1,srt_dedup,3108,0,1035,0.0000,1.000,0.301,0.000,en,native_en,1
QXO1fG4QnMY,howto,UCLcqYXYacj_KAJYMhOIayuQ,ok,true,,18,metadata,0,11099,9060,metadata,0,0,0,0,1280,720,0,1,1,1,1,20,20,1.0,1,0,1,0.0,0,0,whisper,0,1,0,whisper,1,0,1,0.0000,0.000,0.000,0.000,en,sparse,0
Qu_en98RaJk,howto,UCM4mUayOV-yfqPNzePbHKsw,ok,true,,26,metadata,1991,814953,3460000,metadata,0,0,0,0,1280,720,0,1,1,1,1,20,20,1.0,1,0,1,0.0,0,1,auto_captions,1,1,1,srt_dedup,302,0,102,0.0000,1.000,0.255,0.000,en,native_en,1
R6TGEnhcxw4,howto,UCVJ5hHQMXBiRwNv394EOj_w,ok,true,,29,metadata,1669,1917615,1240000,metadata,0,0,0,0,1280,720,0,1,1,1,1,20,20,1.0,1,0,1,0.06133056133056136,0,1,auto_captions,1,1,1,srt_dedup,235,0,79,0.0000,1.000,0.266,0.000,en,native_en,1
REwwqm_g1kk,howto,UCSDzbRWL7DkSKdVhLz628Xw,ok,true,,59,metadata,3,16447,84600,metadata,0,0,0,0,1280,720,0,1,1,1,1,20,20,1.0,1,0,1,0.0,0,0,whisper,0,1,0,whisper,51,0,51,0.0000,1.000,0.373,0.000,pt,whisper_on_non_english,0
RQG3L-Mu8tc,howto,UCjFnbvqNRolBwpybOy1UHBg,ok,false,,927,metadata,1530,2439487,111000,metadata,0,0,0,0,640,480,1,0,1,1,1,20,20,1.0,1,0,1,0.39202797655668215,0,1,auto_captions,1,1,1,srt_dedup,4767,0,1701,0.0035,1.000,0.343,0.000,en,native_en,1
Rk6nQCZfARo,howto,UCPIavfNa4DTfHXDBaFOHuKA,ok,false,,340,metadata,1955,883149,14700000,metadata,0,0,0,1,1280,720,0,0,1,1,1,20,20,1.0,1,0,1,0.005915592442168464,0,1,auto_captions,1,1,1,srt_dedup,2087,0,718,0.0028,1.000,0.344,0.000,en,native_en,1
Rp58sR3WbW4,howto,UCyo6an_E8nl5sxiTm6tB3vw,ok,true,,33,metadata,1482,1579602,598000,metadata,0,0,0,0,1280,720,0,1,1,1,1,20,20,1.0,1,0,1,0.0,0,1,auto_captions,1,1,1,srt_dedup,261,0,91,0.0000,1.000,0.396,0.000,id,translated_en,1
RuxU7g7hx7I,howto,UCl7id-iQPjYdwVcVV95j8ww,ok,true,,44,metadata,1977,19610107,1280000,metadata,0,0,0,0,1280,720,0,0,1,1,1,20,20,1.0,1,0,1,0.0887818306951136,0,1,whisper,1,1,1,srt_dedup,1,0,2,0.0000,1.000,1.000,0.000,en,sparse,0
S-nHYzK-BVg,howto,UCYUPLUCkMiUgiyVuluCc7tQ,ok,false,,1107,metadata,3254,8073280,1940000,metadata,0,0,0,0,1280,720,0,0,1,1,1,14,20,0.7,0,1,1,0.0013818142408149998,0,1,auto_captions,1,1,1,srt_dedup,3892,0,3892,0.0010,1.000,0.402,0.000,en,native_en,1
S4riD5a_vKg,howto,UC-a6wH804vbNhS_lTQNp7ZA,ok,false,,537,metadata,1742,1192535,351000,metadata,0,0,0,0,640,480,1,0,1,1,1,20,20,1.0,1,0,1,0.005364027490640891,0,1,auto_captions,1,1,1,srt_dedup,4518,0,1532,0.0007,1.000,0.407,0.000,en,native_en,1
SSOn0XsmQRc,howto,UCXrEE1TyCslZgsH1Pql51-Q,ok,false,,1438,metadata,3425,3139207,977000,metadata,0,0,0,0,1280,720,0,0,1,1,1,20,20,1.0,1,0,1,0.23240244436565377,0,1,auto_captions,1,1,1,srt_dedup,10175,0,3478,0.0055,1.000,0.362,0.000,en,native_en,1
SXw24eZTjVI,howto,UCCTbeNTBRhLEV2IZ_EpEiSQ,ok,false,,310,metadata,1689,32213,2810,metadata,0,0,0,0,1280,720,0,0,1,1,1,18,20,0.9,0,1,1,0.0,0,1,auto_captions,1,1,1,srt_dedup,2289,0,771,0.0000,1.000,0.358,0.000,en,native_en,1
SboKtsBY1G0,howto,UCWdCOEFAsnzUJQgQOw3vu5Q,ok,false,,78,metadata,1,1698,2030000,metadata,0,0,0,0,1280,720,0,0,1,1,1,20,20,1.0,1,0,1,0.04049363671423063,0,1,auto_captions,1,1,1,srt_dedup,822,0,278,0.0148,1.000,0.432,0.000,en,native_en,1
SiefJJv-Qho,howto,UC3KGOt3IfrVxDNtz5o7H-5A,ok,false,,487,metadata,1836,2273506,391000,metadata,0,0,0,0,1280,720,0,0,1,1,1,20,20,1.0,1,0,1,0.024444307616526082,0,1,auto_captions,1,1,1,srt_dedup,4038,0,1354,0.0000,1.000,0.394,0.000,en,native_en,1
SjnlkK3tSig,howto,UCrRT4LwemxYrZxj-HeCkK9Q,ok,false,,2180,metadata,3834,277416,537000,metadata,0,0,0,0,1280,720,0,0,1,1,1,20,20,1.0,1,0,1,0.2398678868781395,0,1,auto_captions,1,1,1,srt_dedup,14933,0,5171,0.0083,1.000,0.386,0.000,en,native_en,1
TIz1hG_NT_w,howto,UCRhP5GQez7dvIiinmZVj6_Q,ok,true,,23,metadata,766,907184,67800,metadata,0,0,0,0,1280,720,0,1,1,1,1,20,20,1.0,1,0,1,0.0,0,1,auto_captions,1,1,1,srt_dedup,284,0,96,0.0000,1.000,0.396,0.000,en,native_en,1
TJ02eD8Kcks,howto,UCJBLhP4-o1aD1ZrTbJiiLRA,ok,false,,2653,metadata,3,484,7620,metadata,0,0,0,0,1280,720,0,0,1,1,1,20,20,1.0,1,0,1,0.1824523715303299,0,1,auto_captions,1,1,1,srt_dedup,20396,0,7121,0.0003,1.000,0.397,0.000,en,native_en,1
TPKqIScLKmk,howto,UCk6v9ai2v8TLqgnHZqzqlkw,ok,false,,357,metadata,3870,8779057,678000,metadata,0,0,0,0,1280,720,0,0,1,1,1,20,20,1.0,1,0,1,0.07970405246342689,0,1,auto_captions,1,1,1,srt_dedup,3217,0,1081,0.0009,1.000,0.390,0.000,en,native_en,1
T_EHSvcWblQ,howto,UCQEzmjboJ_6-uG8-1j4coNw,ok,false,,831,metadata,2009,581936,1930000,metadata,0,0,0,0,1280,720,0,0,1,1,1,20,20,1.0,1,0,1,0.2086117834049777,0,1,auto_captions,1,1,1,srt_dedup,5001,0,1727,0.0349,1.000,0.351,0.000,en,native_en,1
UDBA6DVuSFc,howto,UC-1-zPmT368J8JRbsK_1keA,ok,false,,109,metadata,4508,342802,1520000,metadata,0,0,0,0,1280,720,0,0,1,1,1,20,20,1.0,1,0,1,0.003845097500686626,0,1,auto_captions,1,1,1,srt_dedup,364,0,136,0.0000,1.000,0.324,0.000,en,native_en,1
Ufuyn5qA6GU,howto,UCp-oS-GBudIPdLrfV_EuSxQ,ok,true,,10,metadata,348,3635297,6280000,metadata,0,0,0,0,1280,720,0,1,1,1,1,20,20,1.0,1,0,1,0.0,0,0,whisper,0,1,0,whisper,1,0,1,0.0000,1.000,0.000,0.000,hi,sparse,0
V3UJZqXTN_U,howto,UCGb34D3ThpmjLNn-FLv2_yQ,ok,false,,700,metadata,3657,5907581,3990000,metadata,0,0,0,1,1280,720,0,0,1,1,1,20,20,1.0,1,0,1,0.06664951106536283,0,1,auto_captions,1,1,1,srt_dedup,5693,0,1921,0.0000,1.000,0.319,0.000,en,native_en,1
V6u-SMh4y0w,howto,UCcx52IM2OikhWgVF_TPzqrQ,ok,false,,2235,metadata,1966,1418071,738000,metadata,0,0,0,0,1280,720,0,0,1,1,1,20,20,1.0,1,0,1,0.0647893373421204,0,1,auto_captions,1,1,1,srt_dedup,16784,0,5693,0.0102,1.000,0.358,0.000,en,native_en,1
VKG_M__Ysb0,howto,UCtb80P7saiNRY126C_BGA4Q,ok,false,,3040,metadata,1865,1245258,403000,metadata,0,0,0,0,1280,720,0,0,1,1,1,20,20,1.0,1,0,1,0.16461867961586657,0,1,auto_captions,1,1,1,srt_dedup,20681,0,7071,0.0071,1.000,0.356,0.000,en,native_en,1
VPTWv8YKpTw,howto,UCp_pWVypOJNcZtKMnt1hlQQ,ok,true,,18,metadata,1795,2105193,4850,metadata,0,0,0,0,1280,720,0,1,1,1,1,20,20,1.0,1,0,1,0.15666666666666645,0,1,whisper,1,1,1,srt_dedup,4,0,0,0.0000,0.000,0.000,0.000,en,sparse,0
VRR1ts95Cuw,howto,UCYWMHVeeDesx3jLVr7vRiNQ,ok,true,,14,metadata,1192,47282260,1450000,metadata,0,0,0,1,1280,720,0,1,1,1,1,20,20,1.0,1,0,1,0.0,0,1,auto_captions,1,1,1,srt_dedup,117,0,45,0.0000,1.000,0.467,0.000,en,sparse,0
VUnkenMZDcQ,howto,UCG8GPKrbHekwDD6GqX2D_Og,ok,false,,484,metadata,2185,9374910,164000,metadata,0,0,0,1,1280,720,0,0,1,1,1,20,20,1.0,1,0,1,0.0232673574486567,0,1,auto_captions,1,1,1,srt_dedup,2699,0,931,0.0097,1.000,0.353,0.000,en,native_en,1
WQKRQ37eqD8,howto,UCmaPlbMX6i0B6tY8n7OmpdA,ok,true,,10,metadata,501,51334318,228000,metadata,0,0,0,0,1280,720,0,1,1,1,1,20,20,1.0,1,0,1,0.0,0,0,whisper,0,1,0,whisper,25,0,25,0.0000,1.000,0.160,0.000,en,sparse,0
WTnX4G0waFc,howto,UCkGTFTzyErrQW1QwqEM8xcg,ok,true,,59,metadata,2008,107332,304000,metadata,0,0,0,0,1280,720,0,1,1,1,1,20,20,1.0,1,0,1,0.39057750759878385,0,1,auto_captions,1,1,1,srt_dedup,78,0,78,0.0000,1.000,0.282,0.000,en,native_en,1
WU5lH5o3JLI,howto,UCAN3MXVzhO3SWDDriytwN9w,ok,true,,15,metadata,345,13721668,720000,metadata,0,0,0,0,1280,720,0,1,1,1,1,20,20,1.0,1,0,1,0.0,0,1,auto_captions,1,1,1,srt_dedup,72,0,23,0.0000,1.000,0.273,0.042,es,sparse,0
WZpCNEo9zQU,howto,UCd0pUnH7i5CM-Y8xRe7cZVg,ok,true,,24,metadata,1091,3207681,2590000,metadata,0,0,0,0,1280,720,0,1,1,1,1,20,20,1.0,1,0,0,,0,1,auto_captions,1,1,1,srt_dedup,120,0,44,0.0000,1.000,0.227,0.000,ja,sparse,0
WbE5hXt27uU,howto,UCndGQlzTcnrFNIXGF119cKQ,ok,false,,130,metadata,4328,8808182,325000,metadata,0,0,0,0,640,480,1,0,1,1,1,20,20,1.0,1,0,1,0.049988428604489724,0,1,auto_captions,1,1,1,srt_dedup,805,0,271,0.0000,1.000,0.387,0.000,en,native_en,1
Ws1GY-mTYk4,howto,UC23_P1UBvt7hWRLyMKAMwPw,ok,true,,39,metadata,0,458,7,metadata,0,0,0,1,1280,720,0,1,1,1,1,20,20,1.0,1,0,1,0.025581395348837212,0,0,whisper,0,1,0,whisper,106,0,106,0.0505,1.000,0.349,0.000,en,native_en,1
WwyMMLxmjeA,howto,UCKVqnev2idvmUNKc2b91B8g,ok,true,,57,metadata,2044,32630704,2140000,metadata,0,0,0,0,1280,720,0,1,1,1,1,20,20,1.0,1,0,1,0.0,0,1,auto_captions,1,1,1,srt_dedup,466,0,158,0.0000,1.000,0.297,0.000,en,native_en,1
WxrKIPbeQP8,howto,UCp8IrfyoobKSXtVuC53CvTA,ok,true,,15,metadata,1553,2020649,48300,metadata,0,0,0,1,1280,720,0,1,1,1,1,20,20,1.0,1,0,1,0.0,0,1,auto_captions,1,1,1,srt_dedup,174,0,60,0.0000,1.000,0.400,0.000,en,native_en,1
X9r07yc6KRI,howto,UCdi8AikRyO1NeT3TQuquHwA,ok,true,,39,metadata,1,1706,777,metadata,0,0,0,1,1280,720,0,1,1,1,1,20,20,1.0,1,0,1,0.0,0,1,auto_captions,1,1,1,srt_dedup,167,0,53,0.0000,1.000,0.472,0.102,bn,translated_en,1
XFdYDpTVSVk,howto,UC6mbyqHqkmYIy9z68gpEq-w,ok,true,,60,metadata,1352,1025812,955000,metadata,0,0,0,0,1280,720,0,1,1,1,1,20,20,1.0,1,0,1,0.010075566750629728,0,1,auto_captions,1,1,1,srt_dedup,612,0,208,0.0000,1.000,0.356,0.000,de,translated_en,1
XYTqEXI0N4Y,howto,UCDKZvGE5oveW1lHNVghDuLg,ok,true,,22,metadata,1,289500,418000,metadata,0,0,0,0,1280,720,0,1,1,1,1,20,20,1.0,1,0,1,0.0,0,1,auto_captions,1,1,1,srt_dedup,111,0,34,0.0000,1.000,0.382,0.081,ur,sparse,0
XtlXPwvaWjs,howto,UCPNqPbXJHMvrH3NwRKKR5IQ,ok,true,,41,metadata,1193,233976,2210000,metadata,0,0,0,0,1280,720,0,1,1,1,1,20,20,1.0,1,0,1,0.0,0,1,auto_captions,1,1,1,srt_dedup,407,0,148,0.0000,1.000,0.324,0.000,de,translated_en,1
Y2-25TTbxPQ,howto,UCLGIyHrm62vVrRu7T3G2PIA,ok,false,,803,metadata,156,125396,24900,metadata,0,0,0,0,1280,720,0,0,1,1,1,20,20,1.0,1,0,1,0.06003065076813818,0,1,auto_captions,1,1,1,srt_dedup,2973,0,974,0.0021,1.000,0.298,0.040,en,native_en,1
Y51_dwCIKL0,howto,UC-K2dAF6o-4grg_HpUVNJVQ,ok,true,,19,metadata,10,685957,7900000,metadata,0,0,0,0,1280,720,0,1,1,1,1,20,20,1.0,1,0,1,0.0,0,1,auto_captions,1,1,1,srt_dedup,62,0,19,0.1667,1.000,0.000,0.050,en,sparse,0
YlMBfnzR1eY,howto,UCtmleJLvEyPBY-qytueB9-w,ok,true,,14,metadata,6,24731,4840,metadata,0,0,0,0,1280,720,0,1,1,1,1,20,20,1.0,1,0,1,0.0,0,1,auto_captions,1,1,1,srt_dedup,128,0,46,0.0000,1.000,0.333,0.042,pt,sparse,0
Yru_dp0-_4M,howto,UC71_mrmoliZQgd0rfhShGfg,ok,false,,494,metadata,1898,8265695,750000,metadata,0,0,0,0,1280,720,0,0,1,1,1,20,20,1.0,1,0,1,0.049359480298706834,0,1,auto_captions,1,1,1,srt_dedup,3555,0,1231,0.0008,1.000,0.411,0.000,en,native_en,1
ZqcQF7_82n0,howto,UCp-oS-GBudIPdLrfV_EuSxQ,ok,true,,15,metadata,503,237172,6280000,metadata,0,0,0,0,1280,720,0,1,1,1,1,20,20,1.0,1,0,1,0.0,0,0,whisper,0,1,0,whisper,3,0,3,0.0000,1.000,0.333,0.000,hi,sparse,0
ZzULnmuWlS4,howto,UCrx2gk28TFhnU-Jc1Qf6Kig,ok,true,,9,metadata,2,39141,1540,metadata,0,0,1,0,1280,720,0,1,1,1,1,20,20,1.0,1,0,1,0.0,0,1,whisper,1,1,1,srt_dedup,2,0,4,0.0000,1.000,0.000,0.000,en,sparse,0
ZzYg5O-Hv5o,howto,UCOAivX4hehwYpTxSX6sHarQ,ok,false,,486,metadata,2323,1375205,385000,metadata,0,0,0,0,1280,720,0,0,1,1,1,20,20,1.0,1,0,1,0.10037633413535693,0,1,auto_captions,1,1,1,srt_dedup,3883,0,1299,0.0039,1.000,0.372,0.000,en,native_en,1
_MMsqHsWYGE,howto,UC1r80brC9Uya5IGR0dFru8Q,ok,true,,171,metadata,361,1134889,963000,metadata,0,0,0,0,1280,720,0,1,1,1,1,20,20,1.0,1,0,1,0.0598591549295775,0,1,auto_captions,1,1,1,srt_dedup,1589,0,541,0.0000,1.000,0.356,0.000,de,translated_en,1
_N0fp4MnrQg,howto,UCgaloyss4X-dseYBbZSWbJw,ok,true,,12,metadata,1,869,8800,metadata,0,0,0,1,1280,720,0,1,1,1,1,19,20,0.95,0,1,1,0.0,0,1,whisper,1,1,1,srt_dedup,1,0,1,0.0000,1.000,0.000,0.000,en,sparse,0
_S4E8g52U0w,howto,UCQEzmjboJ_6-uG8-1j4coNw,ok,false,,954,metadata,4221,2560490,1930000,metadata,0,0,0,0,1280,720,0,0,1,1,1,20,20,1.0,1,0,1,0.25815072153928365,0,1,auto_captions,1,1,1,srt_dedup,5521,0,1894,0.0366,1.000,0.329,0.000,en,native_en,1
_cPqnVahtPk,howto,UCN9KJcXJVRfZ8BXb__fjMhQ,ok,true,,59,metadata,1763,45699212,301000,metadata,0,0,0,0,480,360,1,1,1,1,1,20,20,1.0,1,0,1,0.12226184411614881,0,1,auto_captions,1,1,1,srt_dedup,582,0,198,0.0785,1.000,0.394,0.000,en,native_en,1
_toOymeX9jE,howto,UC6mbyqHqkmYIy9z68gpEq-w,ok,true,,22,metadata,914,254547,954000,metadata,0,0,0,0,1280,720,0,1,1,1,1,20,20,1.0,1,0,1,0.0,0,1,auto_captions,1,1,1,srt_dedup,153,0,56,0.0000,1.000,0.482,0.051,de,translated_en,1
a1IxVKQeZx8,howto,UCOxYQWajq1tDHImNL1h08bw,ok,false,,77,metadata,664,739844,439000,metadata,0,0,0,0,1280,720,0,0,1,1,1,20,20,1.0,1,0,1,0.25733281188893237,0,1,auto_captions,1,1,1,srt_dedup,389,0,131,0.0000,1.000,0.369,0.000,id,translated_en,1
a1whu6Gub1M,howto,UCk0vBcM_k9-OZKzk6hw6AIQ,ok,false,,67,metadata,1483,2304629,1410000,metadata,0,0,0,0,1280,720,0,0,1,1,1,20,20,1.0,1,0,1,0.09342869915064825,0,1,auto_captions,1,1,1,srt_dedup,544,0,182,0.0800,1.000,0.390,0.000,en,native_en,1
a8gart_8ndY,howto,UCfaLGE_kWjbbYVSBGYlbTeg,ok,false,,1057,metadata,2300,8999357,767000,metadata,0,0,0,0,1280,720,0,0,1,1,1,20,20,1.0,1,0,1,0.058137224288188016,0,0,whisper,0,1,0,whisper,2974,0,2974,0.0027,1.000,0.363,0.000,en,native_en,1
aGwVKdjMils,howto,UCa53GFyem6cgf6etoIpoIdQ,ok,true,,57,metadata,1838,14769280,1360000,metadata,0,0,0,0,1280,720,0,1,1,1,1,20,20,1.0,1,0,1,0.005798629414865579,0,1,auto_captions,1,1,1,srt_dedup,540,0,182,0.0000,1.000,0.423,0.000,en,native_en,1
aM14SMEiv9s,howto,UC5HcKPXW3Woormn7ZV4yCDQ,ok,true,,12,metadata,1,1131,1180,metadata,0,0,0,1,1280,720,0,1,1,1,1,20,20,1.0,1,0,1,0.0,0,1,whisper,1,1,1,srt_dedup,1,0,1,0.0000,0.000,0.000,0.000,en,sparse,0
aQ2JIAfs0hc,howto,UCIYMgDtU7R_2uf3xhtoocew,ok,true,,28,metadata,1315,24324619,6650000,metadata,0,0,0,0,1280,720,0,1,1,1,1,20,20,1.0,1,0,1,0.013001083423618639,0,1,whisper,1,1,0,whisper,95,0,95,0.0000,1.000,0.316,0.000,en,native_en,1
aQgQKL7AdnM,howto,UCwgtd-ETKcv5-08r5POdBrw,ok,false,,1263,metadata,17,55482,876000,metadata,0,0,0,0,1280,720,0,0,1,1,1,20,20,1.0,1,0,1,0.3916399477496733,0,1,auto_captions,1,1,1,srt_dedup,4918,0,1797,0.0112,1.000,0.319,0.007,en,native_en,1
aUi-wLZqXj0,howto,UCWjgzVRdoEaZxiF_kVbrtsA,ok,false,,1384,metadata,1564,230148,798000,metadata,0,0,0,0,1280,720,0,0,1,1,1,20,20,1.0,1,0,1,0.023142931437982153,0,1,auto_captions,1,1,1,srt_dedup,13988,0,4676,0.0002,1.000,0.375,0.000,en,native_en,1
aqJiCfBOqrw,howto,UCaOjW-BalX2rE9kmGGYxmbA,ok,true,,11,metadata,2091,597515,130000,metadata,0,0,0,0,1280,720,0,1,1,1,1,20,20,1.0,1,0,1,0.0,0,0,whisper,0,1,0,whisper,8,0,8,0.0000,1.000,0.500,0.000,en,sparse,0
awuzPl_P1vI,howto,UCNo9Nzbs6kfcCtKCJyD6TDA,ok,false,,2372,metadata,1106,786145,187000,metadata,0,0,0,0,1280,720,0,0,1,1,1,20,20,1.0,1,0,1,0.16453758980066793,0,1,auto_captions,1,1,1,srt_dedup,14491,0,4962,0.0038,1.000,0.340,0.000,en,native_en,1
ayGlsX7tHPw,howto,UChVRfsT_ASBZk10o0An7Ucg,ok,true,,31,metadata,1317,3309524,10800000,metadata,0,0,0,0,1280,720,0,1,1,1,1,20,20,1.0,1,0,1,0.0,0,0,whisper,0,1,0,whisper,102,0,102,0.3474,1.000,0.343,0.000,en,native_en,1
bAH7eLgsEYE,howto,UCfsm8X18UWGUVVJVuFQE7JA,ok,true,,16,metadata,83,33973,253000,metadata,0,0,0,0,1280,720,0,1,1,1,1,20,20,1.0,1,0,1,0.0,0,0,whisper,0,1,0,whisper,28,0,28,0.0000,1.000,0.250,0.000,en,sparse,0
bAQPuPrIwUc,howto,UCf2EnDJDeI_NdbzxrO9LXLg,ok,true,,13,metadata,2,25848,94500,metadata,0,0,0,0,1280,720,0,1,1,1,1,20,20,1.0,1,0,1,0.0,0,1,whisper,1,1,1,srt_dedup,2,0,7,0.0000,1.000,0.286,0.125,en,sparse,0
bPWbSwee0A0,howto,UCfP32aiFOIOUULH-mSdQpmA,ok,true,,13,metadata,343,5088848,1440000,metadata,0,0,0,0,1280,720,0,1,1,1,1,20,20,1.0,1,0,1,0.0,0,0,whisper,0,1,0,whisper,31,0,31,0.0000,1.000,0.419,0.000,en,sparse,0
bcU7H3zA5jc,howto,UCytjv6YvzaiXdUlMjyCb5BA,ok,true,,59,metadata,2,1133,2650,metadata,0,0,0,0,1280,720,0,1,1,1,1,20,20,1.0,1,0,1,0.0,0,1,auto_captions,1,1,1,srt_dedup,211,0,66,0.3390,1.000,0.379,0.120,hi,translated_en,1
cMkqx2IEKkY,howto,UCo5zIpjl2OQkYatd8R0bDaw,ok,false,,381,metadata,4338,297931,2030000,metadata,0,0,0,0,640,480,1,0,1,1,1,20,20,1.0,1,0,1,0.0762197525025617,0,1,auto_captions,1,1,1,srt_dedup,2683,0,927,0.0000,1.000,0.378,0.000,en,native_en,1
cN_oC4s8p4o,howto,UCwvmLuNMfETrx7OYBCN6CNA,ok,true,,10,metadata,1,1882,21200,metadata,0,0,0,1,1280,720,0,1,1,1,1,20,20,1.0,1,0,1,0.08108108108108111,0,1,whisper,1,1,1,srt_dedup,2,0,1,0.0000,1.000,0.000,0.000,en,sparse,0
cRT8nUgImbg,howto,UCbd2_2B6ypy3eTsFt3WW-mA,ok,true,,43,metadata,1,1525,47800,metadata,0,0,0,0,1280,720,0,1,1,1,1,20,20,1.0,1,0,1,0.0,0,1,auto_captions,1,1,1,srt_dedup,90,0,32,0.0000,1.000,0.125,0.111,pt,sparse,0
cV73f4Ywa04,howto,UCPZb-josPD4jRjSK7L0OAag,ok,false,,512,metadata,2474,2551163,594000,metadata,0,0,0,0,1280,720,0,0,1,1,1,20,20,1.0,1,0,1,0.007268038215813847,0,1,auto_captions,1,1,1,srt_dedup,4725,0,1583,0.0000,1.000,0.398,0.000,en,native_en,1
cYo-Cq-FLL8,howto,UCp-oS-GBudIPdLrfV_EuSxQ,ok,true,,11,metadata,485,6331327,6280000,metadata,0,0,0,0,1280,720,0,1,1,1,1,20,20,1.0,1,0,1,0.0,0,1,whisper,1,1,1,srt_dedup,2,0,2,0.0000,1.000,0.500,0.000,hi,sparse,0
cqZQZ-YX9H4,howto,UCctjAAIUSW3DRS-5Phh_hgQ,ok,false,,451,metadata,3904,2417301,1740000,metadata,0,0,0,0,1280,720,0,0,1,1,1,20,20,1.0,1,0,1,0.035269847607639605,0,1,auto_captions,1,1,1,srt_dedup,5261,0,1757,0.0000,1.000,0.380,0.000,en,native_en,1
d8bct2_ix4U,howto,UC-1-zPmT368J8JRbsK_1keA,ok,false,,242,metadata,2869,9487475,1520000,metadata,0,0,0,0,1280,720,0,0,1,1,1,20,20,1.0,1,0,1,0.1256965944272446,0,1,auto_captions,1,1,1,srt_dedup,2252,0,766,0.0026,1.000,0.367,0.000,en,native_en,1
dCYDZDlcO6g,howto,UCu9jokE-5IbdN8mHy-hH7Og,ok,false,,817,metadata,2532,2843276,88400,metadata,0,0,0,0,1280,720,0,0,1,1,1,20,20,1.0,1,0,1,0.1485548496088729,0,1,auto_captions,1,1,1,srt_dedup,8120,0,2724,0.0007,1.000,0.329,0.000,en,native_en,1
dHwXV7IwEQs,howto,UCVJ5hHQMXBiRwNv394EOj_w,ok,true,,54,metadata,1699,38041737,1240000,metadata,0,0,0,0,1280,720,0,1,1,1,1,20,20,1.0,1,0,1,0.021264689423615004,0,0,whisper,0,1,0,whisper,150,0,150,0.0000,1.000,0.380,0.000,en,native_en,1
dJzhJd_T2jM,howto,UCPuI6BuxfLHN5si8lFroQPQ,ok,true,,27,metadata,1654,2182086,696000,metadata,0,0,0,0,1280,720,0,1,1,1,1,20,20,1.0,1,0,1,0.016741071428571435,0,1,auto_captions,1,1,1,srt_dedup,296,0,102,0.0000,1.000,0.412,0.000,en,native_en,1
dP4SmUFCrEM,howto,UC6VroAlEXUAT1OkH61TK_KA,ok,true,,49,metadata,1528,2778836,1150000,metadata,0,0,0,0,1280,720,0,1,1,1,1,20,20,1.0,1,0,1,0.0,0,1,auto_captions,1,1,1,srt_dedup,530,0,180,0.0000,1.000,0.294,0.000,en,native_en,1
dPMLssNaQm8,howto,UC9PgszLOAWhQC6orYejcJlw,ok,false,,529,metadata,3771,2393999,5660000,metadata,0,0,0,0,1280,720,0,0,1,1,1,20,20,1.0,1,0,1,0.03977756341145097,0,1,auto_captions,1,1,1,srt_dedup,5280,0,1764,0.0091,1.000,0.366,0.000,en,native_en,1
dUrPDsKZfnw,howto,UC3OfVoaofoujhzRw4lOQMtA,ok,true,,17,metadata,2041,3664766,21600,metadata,0,0,0,0,1280,720,0,1,1,1,1,20,20,1.0,1,0,1,0.3975265017667847,0,1,auto_captions,1,1,1,srt_dedup,114,0,42,0.0000,1.000,0.429,0.000,en,sparse,0
dajIBYfgBPA,howto,UCIjc3McSyWGtKjFIz439AWg,ok,false,,407,metadata,2698,1534792,271000,metadata,0,0,0,0,1280,720,0,0,1,1,1,20,20,1.0,1,0,1,0.5320999484042173,1,0,whisper,0,1,0,whisper,727,0,727,0.0000,1.000,0.349,0.000,en,native_en,1
dhLCzSwUTvc,howto,UCzTKskwIc_-a0cGvCXA848Q,ok,false,,1212,metadata,2612,6733359,15300000,metadata,0,0,0,0,640,480,1,0,1,1,1,20,20,1.0,1,0,1,0.044975247524752494,0,1,auto_captions,1,1,1,srt_dedup,9733,0,3303,0.0000,1.000,0.393,0.000,en,native_en,1
dmwrHmSTIjQ,howto,UCmemlxKbH7a_CLYx886j1ww,ok,true,,59,metadata,1612,1851325,180000,metadata,0,0,0,0,1280,720,0,1,1,1,1,20,20,1.0,1,0,1,0.03266972945380296,0,1,auto_captions,1,1,1,srt_dedup,423,0,150,0.0000,1.000,0.400,0.000,en,native_en,1
dnbYbMl3xZo,howto,UCVjcRxbhhoFrbsiM5tUnD0A,ok,true,,27,metadata,1,1505,38900,metadata,0,0,0,1,1280,720,0,1,1,1,1,20,20,1.0,1,0,1,0.10792951541850228,0,0,whisper,0,1,0,whisper,1,0,1,0.0000,0.000,0.000,0.000,en,sparse,0
dxJA2MF6F0M,howto,UCAxu71H4R7-dm1L1aGEdmnQ,ok,true,,28,metadata,1,50252,273000,metadata,0,0,0,0,1280,720,0,1,1,1,1,20,20,1.0,1,0,1,0.0,0,0,whisper,0,1,0,whisper,30,0,30,0.0000,1.000,0.333,0.000,ko,sparse,0
dy8DLkKZyxc,howto,UCi0o9irT_KUpHmACT2VLiwg,ok,false,,278,metadata,2845,1972234,888000,metadata,0,0,1,0,640,480,1,0,1,1,1,19,20,0.95,0,1,1,0.00743694761802113,0,1,auto_captions,1,1,1,srt_dedup,1513,0,507,0.0000,1.000,0.308,0.000,en,native_en,1
eTYpQZFPbws,howto,UC-wJYSF_65IhGwbMgFrukIA,ok,false,,1872,metadata,595,1126100,129000,metadata,0,0,0,0,1280,720,0,0,1,1,1,20,20,1.0,1,0,1,0.011489832219604831,0,1,auto_captions,1,1,1,srt_dedup,19176,0,6408,0.0052,1.000,0.395,0.000,en,native_en,1
ey0Xj9Xe2xg,howto,UC2F01_5h4X7P3V3ur38ThiA,ok,false,,627,metadata,2315,1825338,21200,metadata,0,0,0,0,1280,720,0,0,1,1,1,20,20,1.0,1,0,1,0.03584246542565921,0,1,auto_captions,1,1,1,srt_dedup,3211,0,1091,0.0000,1.000,0.385,0.000,en,native_en,1
fACEzzmXelY,howto,UCTiyliqjYQm_xjXi065nQww,ok,false,,1243,metadata,2042,6154118,567000,metadata,0,0,0,0,1280,720,0,0,1,1,1,20,20,1.0,1,0,1,0.043455181565930735,0,1,auto_captions,1,1,1,srt_dedup,11348,0,3788,0.0026,1.000,0.398,0.000,en,native_en,1
fDUhLOuGT4k,howto,UCzz3U-WXnl3PgvmcdpBZxMA,ok,false,,881,metadata,190,970170,112000,metadata,0,0,0,0,1280,720,0,0,1,1,1,20,20,1.0,1,0,1,0.009503048468953307,0,0,whisper,0,1,0,whisper,13,0,13,0.0000,1.000,0.231,0.000,en,sparse,0
fLnKtPVpofM,howto,UCFghPtzFcmyDiID1ASMA4Dg,ok,false,,447,metadata,4839,3368246,2120000,metadata,0,0,0,0,1280,720,0,0,1,1,1,20,20,1.0,1,0,1,0.20773725569212168,0,1,auto_captions,1,1,1,srt_dedup,3725,0,1251,0.0000,1.000,0.345,0.000,en,native_en,1
fgXSA2-o0NM,howto,UCp8IrfyoobKSXtVuC53CvTA,ok,true,,13,metadata,1560,5248542,48300,metadata,0,0,0,0,1280,720,0,1,1,1,1,20,20,1.0,1,0,1,0.0,0,1,auto_captions,1,1,1,srt_dedup,136,0,48,0.0000,1.000,0.354,0.000,en,sparse,0
fr9HxkVm10M,howto,UCzNkbJnniO94vDCPwWyCUFA,ok,true,,58,metadata,782,7192503,1660000,metadata,0,0,0,0,1280,720,0,1,1,1,1,20,20,1.0,1,0,1,0.028409090909090922,0,0,whisper,0,0,0,none,0,0,0,0.0000,0.000,0.000,0.000,id,missing,0
gA8lTuMYHuk,howto,UCgwtTwvRclD1pBTS5BZIZnA,ok,false,,143,metadata,3601,527265,8500,metadata,0,0,0,0,1280,720,0,0,1,1,1,19,20,0.95,0,1,1,0.002728226652675762,0,1,auto_captions,1,1,1,srt_dedup,813,0,287,0.0000,1.000,0.317,0.000,de,translated_en,1
gRVjAtPip0Y,howto,UCKf0UqBiCQI4Ol0To9V0pKQ,ok,false,,177,metadata,4857,4278694,2760000,metadata,0,0,0,0,1280,720,0,0,1,1,1,19,20,0.95,0,1,1,0.0016998130205677377,0,1,auto_captions,1,1,1,srt_dedup,994,0,332,0.0031,1.000,0.301,0.000,en,native_en,1
h2KaP_XySlY,howto,UCrKHE_80h4u7m-7wNODaGMA,ok,true,,20,metadata,1,2542,9350,metadata,0,0,0,1,1280,720,0,1,1,1,1,20,20,1.0,1,0,1,0.0,0,1,whisper,1,0,1,srt_dedup,0,0,3,0.0000,1.000,0.000,0.250,en,sparse,0
h559qrc1MQU,howto,UCQoFvV5L1R1y2jWZzlaK7nQ,ok,true,,13,metadata,1842,9422338,3020000,metadata,0,0,0,0,1280,720,0,1,1,1,1,20,20,1.0,1,0,1,0.023364485981308414,0,1,auto_captions,1,1,1,srt_dedup,103,0,37,0.0000,1.000,0.297,0.000,en,sparse,0
h6gtj7mhsJ4,howto,UCZ5FV000uOKva7-9p34bVQw,ok,true,,50,metadata,370,118417044,12600000,metadata,0,0,0,1,1280,720,0,1,1,1,1,20,20,1.0,1,0,1,0.0459492140266022,0,0,whisper,0,1,0,whisper,38,0,38,0.0000,1.000,0.026,0.000,en,sparse,0
h9gFVzu5VNk,howto,UCDJF-LRw3I_yy21a5Qk7aHg,ok,true,,32,metadata,1,1908,2760,metadata,0,0,0,1,1280,720,0,1,1,1,1,20,20,1.0,1,0,1,0.28089887640449424,0,1,auto_captions,1,1,1,srt_dedup,91,0,33,0.0000,1.000,0.424,0.000,en,sparse,0
hB8OlziECUI,howto,UCfk9uH4qd5Q7eIYb56jwIOw,ok,true,,52,metadata,1486,874585,383000,metadata,0,0,0,0,1280,720,0,1,1,1,1,20,20,1.0,1,0,1,0.2852213916043701,0,1,auto_captions,1,1,1,srt_dedup,321,0,115,0.0000,1.000,0.278,0.000,en,native_en,1
hFPdfg9fpmo,howto,UC4F2RFnt91BXXmrY-tZOUgA,ok,true,,41,metadata,0,17339,318000,metadata,0,0,0,0,1280,720,0,1,1,1,1,20,20,1.0,1,0,1,0.0,0,0,whisper,0,1,0,whisper,77,0,77,0.0000,1.000,0.260,0.000,id,whisper_on_non_english,0
hPs5cj_tdAM,howto,UCvrHpsyTMiwH8UmuAdtBbkQ,ok,true,,13,metadata,2112,15580608,1190000,metadata,0,0,0,0,1280,720,0,1,1,1,1,20,20,1.0,1,0,1,0.03348214285714287,0,1,whisper,1,1,1,srt_dedup,1,0,2,0.0000,1.000,0.000,0.000,en,sparse,0
hUuTI5Cfq6Y,howto,UCq61C4_wCg7i_eHbNSha8Bw,ok,true,,53,metadata,669,541613,563,metadata,0,0,0,0,1280,720,0,1,1,1,1,20,20,1.0,1,0,1,0.0,0,1,auto_captions,1,1,1,srt_dedup,468,0,158,0.0000,1.000,0.354,0.000,en,native_en,1
hVJWbBsU0d8,howto,UC9r2oUdhFC8e88_hwzUnybQ,ok,true,,64,metadata,0,4428,26300,metadata,0,0,0,0,1280,720,0,1,1,1,1,20,20,1.0,1,0,1,0.0,0,1,auto_captions,1,1,1,srt_dedup,534,0,173,0.0000,1.000,0.335,0.039,id,translated_en,1
h_0ZenIME_0,howto,UCvrHpsyTMiwH8UmuAdtBbkQ,ok,true,,12,metadata,2123,5461068,1190000,metadata,0,0,0,0,1280,720,0,1,1,1,1,20,20,1.0,1,0,1,0.038659793814433005,0,0,whisper,0,1,0,whisper,2,0,2,0.0000,1.000,0.500,0.000,en,sparse,0
iK6uporE6Yo,howto,UCeasbjVyx227l2ETO-xAssw,ok,true,,60,metadata,1350,382894,1090000,metadata,0,0,0,0,1280,720,0,1,1,1,1,20,20,1.0,1,0,1,0.0,0,1,auto_captions,1,1,1,srt_dedup,485,0,167,0.0000,1.000,0.335,0.000,en,native_en,1
iW3AULgs2uU,howto,UCP98fshDAd5bCKCGd0VRhng,ok,false,,741,metadata,2315,4597451,243000,metadata,0,0,0,0,1280,720,0,0,1,1,1,20,20,1.0,1,0,1,0.22070249271608927,0,0,whisper,0,1,0,whisper,1744,0,1744,0.0012,1.000,0.394,0.000,en,native_en,1
inZEmFLQ2eA,howto,UCTkRSas9afBDvqOh7nhA4Dw,ok,true,,24,metadata,541,45249213,4270000,metadata,0,0,0,1,1280,720,0,1,1,1,1,20,20,1.0,1,0,1,0.0,0,1,auto_captions,1,1,1,srt_dedup,130,0,46,0.0000,1.000,0.283,0.000,en,sparse,0
jAySTDXTwSc,howto,UC194vsP3e5igiA6YMab-2Wg,ok,false,,260,metadata,3009,366176,13700,metadata,0,0,0,0,1280,720,0,0,1,1,1,20,20,1.0,1,0,1,0.2878105141536684,0,1,auto_captions,1,1,1,srt_dedup,1357,0,479,0.0042,1.000,0.390,0.000,en,native_en,1
jDmB0VFZq_g,howto,UCsAIlWdyXrLE1hgujwNkHGg,ok,false,,3433,metadata,1674,304562,299000,metadata,0,0,0,0,1280,720,0,0,1,1,1,20,20,1.0,1,0,1,0.040124805537590263,0,0,whisper,0,1,0,whisper,7682,0,7682,0.0040,1.000,0.369,0.000,en,native_en,1
jdpOhWcO_70,howto,UChMAQe93L_kfEKPMuUBvXzg,ok,true,,33,metadata,1,1157,8320,metadata,0,0,0,1,1280,720,0,1,1,1,1,20,20,1.0,1,0,1,0.0,0,1,auto_captions,1,1,1,srt_dedup,127,0,42,0.0000,1.000,0.452,0.125,it,sparse,0
jem5nQqXOzg,howto,UCk6v9ai2v8TLqgnHZqzqlkw,ok,false,,701,metadata,2768,263931,678000,metadata,0,0,0,0,1280,720,0,0,1,1,1,19,20,0.95,0,1,1,0.0031657754010695196,0,1,auto_captions,1,1,1,srt_dedup,6444,0,2148,0.0033,1.000,0.349,0.000,en,native_en,1
jk0oXRUSNb0,howto,UC-I0Sbm2ETO0nf2RNuFQlWQ,ok,true,,16,metadata,964,1455633,19500,metadata,0,0,0,0,1280,720,0,1,1,1,1,20,20,1.0,1,0,1,0.0,0,0,whisper,0,1,0,whisper,1,0,1,0.0000,1.000,0.000,0.000,en,sparse,0
jtJK2zIIcCs,howto,UCZ7Dw5XxGtMK14ABu2thgwg,ok,false,,332,metadata,3705,1100088,755000,metadata,0,0,0,1,1280,720,0,0,1,1,1,20,20,1.0,1,0,1,0.04282229650374922,0,1,auto_captions,1,1,1,srt_dedup,2692,0,918,0.0033,1.000,0.359,0.000,en,native_en,1
jtl_NtxiReI,howto,UCUCRKFasGHLgV057NziOLJg,ok,false,,409,metadata,1635,1533451,2310000,metadata,0,0,0,0,1280,720,0,0,1,1,1,20,20,1.0,1,0,1,0.04485816902440814,0,1,auto_captions,1,1,1,srt_dedup,3876,0,1294,0.0000,1.000,0.390,0.000,en,native_en,1
jvwM0pNxb2I,howto,UCvrHpsyTMiwH8UmuAdtBbkQ,ok,true,,15,metadata,2090,3331547,1190000,metadata,0,0,0,0,1280,720,0,1,1,1,1,20,20,1.0,1,0,1,0.04373757455268392,0,1,auto_captions,1,1,1,srt_dedup,125,0,45,0.0000,1.000,0.333,0.000,en,sparse,0
jwKBQbq-BwA,howto,UC6wopwMVP7AGxN4WGX7CeRA,ok,true,,14,metadata,1707,912256,32000,metadata,0,0,0,0,1280,720,0,1,1,1,1,20,20,1.0,1,0,1,0.8682505399568032,1,0,whisper,0,0,0,none,0,0,0,0.0000,0.000,0.000,0.000,en,missing,0
ka3KYiV_b6E,howto,UC7F1_XUGsf9EQQK2TLfZ4Ig,ok,false,,827,metadata,3891,240007,494000,metadata,0,0,0,0,1280,720,0,0,1,1,1,20,20,1.0,1,0,1,0.13335025748893894,0,1,auto_captions,1,1,1,srt_dedup,6566,0,2236,0.0000,1.000,0.381,0.000,en,native_en,1
kcBBhKkyCaI,howto,UCscXLocJa8v2zVCQBeH9N7Q,ok,false,,2887,metadata,1,3703,176000,metadata,0,0,0,0,1280,720,0,0,1,1,1,20,20,1.0,1,0,0,,0,1,auto_captions,1,1,1,srt_dedup,12026,0,4349,0.0083,1.000,0.329,0.005,en,native_en,1
khYZTmm7S5I,howto,UCPKAKrjoMz7POptCloy7AIQ,ok,false,,685,metadata,1534,1011849,1280000,metadata,0,0,0,0,1280,720,0,0,1,1,1,20,20,1.0,1,0,1,0.008237304473557378,0,1,auto_captions,1,1,1,srt_dedup,7483,0,2499,0.0000,1.000,0.361,0.000,en,native_en,1
kwXsI8JCA9c,howto,UCb0ypa_S_-r_8kJa9O00Uzw,ok,true,,31,metadata,1710,309334,4670000,metadata,0,0,0,0,1280,720,0,1,1,1,1,20,20,1.0,1,0,1,0.01162790697674419,0,1,whisper,1,1,1,srt_dedup,2,0,1,0.0000,1.000,0.000,0.000,en,sparse,0
l6rOAIyLyis,howto,UCyeZfmyCDFVlOvckcKe9Vjw,ok,true,,85,metadata,13,48754,525000,metadata,0,0,0,0,1280,720,0,1,1,1,1,20,20,1.0,1,0,1,0.00878734622144113,0,1,whisper,1,1,1,srt_dedup,13,0,2,0.0000,0.000,0.000,0.600,pt,sparse,0
lCiPzwY-Yw8,howto,UCMbmp7MHyCyfsmWTyZiajOA,ok,true,,15,metadata,1199,2223438,37300,metadata,0,0,0,0,1280,720,0,1,1,1,1,20,20,1.0,1,0,1,0.159680638722555,0,0,whisper,0,0,0,none,0,0,0,0.0000,0.000,0.000,0.000,en,missing,0
likJ0W8S_Cw,howto,UCpoAZCCpfQztD6Yx-mrYS6g,ok,true,,59,metadata,1741,216651,107000,metadata,0,0,0,0,1280,720,0,0,1,1,1,20,20,1.0,1,0,1,0.07168276563294361,0,1,auto_captions,1,1,1,srt_dedup,609,0,207,0.0000,1.000,0.333,0.000,en,native_en,1
lxq_46nY43g,howto,UCYUPLUCkMiUgiyVuluCc7tQ,ok,false,,1218,metadata,3399,6489244,1940000,metadata,0,0,0,0,1280,720,0,0,1,1,1,20,20,1.0,1,0,1,0.0074876847290640414,0,1,auto_captions,1,1,1,srt_dedup,11647,0,3883,0.0000,1.000,0.398,0.000,en,native_en,1
m8hto-uUAhI,howto,UCkGTFTzyErrQW1QwqEM8xcg,ok,true,,55,metadata,1962,752344,304000,metadata,0,0,0,0,1280,720,0,1,1,1,1,20,20,1.0,1,0,1,0.0726287262872629,0,0,whisper,0,1,0,whisper,87,0,87,0.0000,1.000,0.414,0.000,en,native_en,1
m91md4RBR48,howto,UC1OhTkGKC_gYJJFURYgOqPQ,ok,true,,36,metadata,1504,1314446,25100,metadata,0,0,0,0,1280,720,0,1,1,1,1,20,20,1.0,1,0,1,0.09567387687188023,0,1,auto_captions,1,1,1,srt_dedup,336,0,116,0.0000,1.000,0.353,0.000,en,native_en,1
mMFeGKGzFks,howto,UCIPR-5DeST83HuLGdDhuelw,ok,false,,175,metadata,5003,2249301,17100,metadata,0,0,0,0,1280,720,0,0,1,1,1,20,20,1.0,1,0,1,0.019049253475201658,0,1,auto_captions,1,1,1,srt_dedup,1415,0,477,0.0000,1.000,0.300,0.000,en,native_en,1
mOsqJuf6jL8,howto,UClpfrjjKWzGnzRNG_YLAfPw,ok,true,,21,metadata,1,136747,93200,metadata,0,0,1,0,1280,720,0,1,1,1,1,20,20,1.0,1,0,1,0.0,0,1,auto_captions,1,1,1,srt_dedup,291,0,97,0.0000,1.000,0.278,0.020,en,native_en,1
mQWlqt4xOY0,howto,UCAaLvz5xOyGDQ5Kun16D7zw,ok,false,,2808,metadata,2637,4842453,1220000,metadata,0,0,0,0,1280,720,0,0,1,1,1,20,20,1.0,1,0,1,0.06672150235544212,0,1,auto_captions,1,1,1,srt_dedup,23124,0,7740,0.0005,1.000,0.394,0.000,en,native_en,1
mWNb06qZDfQ,howto,UC4DV4apsj0VIEdjRodxHvvw,ok,false,,788,metadata,1483,138332,27100,metadata,0,0,0,0,1280,720,0,0,1,1,1,20,20,1.0,1,0,1,0.00932374319747308,0,1,auto_captions,1,1,1,srt_dedup,4716,0,1592,0.0000,1.000,0.357,0.000,en,native_en,1
mbUHW92wqNE,howto,UCIVgwNInFTcstc0cILr5Kpg,ok,false,,686,metadata,1964,2181287,1160000,metadata,0,0,0,0,1280,720,0,0,1,1,1,19,20,0.95,0,1,1,0.09790546154182524,0,1,auto_captions,1,1,1,srt_dedup,5368,0,1829,0.0274,1.000,0.377,0.000,en,native_en,1
mt9WERAv1lU,howto,UCvrHpsyTMiwH8UmuAdtBbkQ,ok,true,,16,metadata,1983,2375202,1190000,metadata,0,0,0,0,1280,720,0,1,1,1,1,20,20,1.0,1,0,1,0.0,0,0,whisper,0,1,0,whisper,1,0,1,0.0000,0.000,0.000,0.000,en,sparse,0
mzh9-V4PRH4,howto,UCHC3591sIiS1hRVLfR8hBHg,ok,true,,41,metadata,7,461226,80000,metadata,0,0,0,0,1280,720,0,1,1,1,1,20,20,1.0,1,0,1,0.0,0,0,whisper,0,1,0,whisper,15,0,15,0.0000,0.000,0.000,0.000,en,sparse,0
nCKjWoIV6Ro,howto,UCkWOpf05w9dPthQ-2tXndfA,ok,true,,49,metadata,2016,9249791,3900000,metadata,0,0,0,0,1280,720,0,1,1,1,1,20,20,1.0,1,0,1,0.006711409395973156,0,1,auto_captions,1,1,1,srt_dedup,403,0,137,0.0000,1.000,0.314,0.000,en,native_en,1
naBal346_9c,howto,UCnorhjQR4zJkT7AVNhu395Q,ok,false,,5596,metadata,1654,3270277,4260000,metadata,0,0,0,0,1280,720,0,0,1,1,1,20,20,1.0,1,0,1,0.06785785125739131,0,0,whisper,0,1,0,whisper,15994,0,15994,0.0004,1.000,0.369,0.000,en,native_en,1
nf8ySuesAPg,howto,UCXoY0ZeHZBe0p-ByCiYP_XQ,ok,false,,1070,metadata,2207,12649028,8400000,metadata,0,0,0,0,1280,720,0,0,1,1,1,20,20,1.0,1,0,0,,0,1,auto_captions,1,1,1,srt_dedup,9058,0,3061,0.0013,1.000,0.339,0.000,en,native_en,1
npmgH5PJA-Q,howto,UCM4mUayOV-yfqPNzePbHKsw,ok,true,,22,metadata,1489,4026160,3460000,metadata,0,0,0,0,1280,720,0,1,1,1,1,20,20,1.0,1,0,1,0.03537414965986396,0,1,auto_captions,1,1,1,srt_dedup,262,0,88,0.0000,1.000,0.216,0.000,en,native_en,1
nvRoDbpFtXc,howto,UC8NuG6iLt2DBM2yqGK5eX_w,ok,false,,344,metadata,1766,2636366,53300,metadata,0,0,0,0,1280,720,0,0,1,1,1,20,20,1.0,1,0,1,0.18713450292397668,0,1,auto_captions,1,1,1,srt_dedup,2035,0,723,0.0000,1.000,0.396,0.000,en,native_en,1
nzAN3K2I5aA,howto,UCcON-KKQkdWJax91hkzOMnw,ok,true,,20,metadata,1,8012,23200,metadata,0,0,0,1,1280,720,0,1,1,1,1,20,20,1.0,1,0,1,0.018045112781954892,0,1,whisper,1,1,1,srt_dedup,7,0,1,0.0000,1.000,0.000,0.000,en,sparse,0
o-Il8OcNAZA,howto,UCZ7Dw5XxGtMK14ABu2thgwg,ok,false,,192,metadata,2852,697506,755000,metadata,0,0,0,0,1280,720,0,0,1,1,1,20,20,1.0,1,0,1,0.03381869422263971,0,1,auto_captions,1,1,1,srt_dedup,1181,0,399,0.0000,1.000,0.363,0.000,en,native_en,1
o3rVJih3tzk,howto,UCqDVtZqwlJmQIYEkYVG9z9A,ok,true,,51,metadata,470,3221,9230,metadata,0,0,1,1,1280,720,0,1,1,1,1,16,20,0.8,0,1,1,0.0,0,1,auto_captions,1,1,1,srt_dedup,193,0,78,0.0000,1.000,0.338,0.013,en,native_en,1
orjAYDDB2go,howto,UCAN3MXVzhO3SWDDriytwN9w,ok,true,,15,metadata,597,14712280,720000,metadata,0,0,0,0,1280,720,0,1,1,1,1,20,20,1.0,1,0,1,0.0,0,1,whisper,1,1,1,srt_dedup,24,0,19,0.0833,1.000,0.368,0.000,es,sparse,0
ou7iku82E6Y,howto,UC-K2dAF6o-4grg_HpUVNJVQ,ok,true,,20,metadata,22,611990,7900000,metadata,0,0,0,0,1280,720,0,1,1,1,1,20,20,1.0,1,0,1,0.0,0,1,auto_captions,1,1,1,srt_dedup,61,0,21,0.0000,1.000,0.000,0.087,en,sparse,0
pZANjr6OJGY,howto,UCfxc_fHFnziFkrSNtY0_zxg,ok,true,,6,metadata,2,16543,47100,metadata,0,0,0,0,1280,720,0,1,1,1,1,20,20,1.0,1,0,1,0.0,0,0,whisper,0,1,0,whisper,1,0,1,0.0000,1.000,0.000,0.000,en,sparse,0
plnnatStxfo,howto,UC-7tX_bfXIDMa4-zaLnSdMA,ok,true,,15,metadata,1517,3064477,90500,metadata,0,0,0,1,1280,720,0,1,1,1,1,20,20,1.0,1,0,1,0.0219560878243513,0,1,auto_captions,1,1,1,srt_dedup,175,0,61,0.0000,1.000,0.443,0.000,en,native_en,1
ps7lSAG1nIg,howto,UCcx52IM2OikhWgVF_TPzqrQ,ok,false,,841,metadata,1899,6955878,738000,metadata,0,0,0,0,1280,720,0,0,1,1,1,20,20,1.0,1,0,1,0.04728933937685141,0,1,auto_captions,1,1,1,srt_dedup,2180,0,2166,0.0079,1.000,0.385,0.007,en,native_en,1
qC2Kv0QcCEc,howto,UCHhwQRNZRr4UAg1rXzdyLmw,ok,true,,35,metadata,1776,426474,44000,metadata,0,0,0,1,1280,720,0,1,1,1,1,20,20,1.0,1,0,1,0.032034632034632055,0,1,whisper,1,1,1,srt_dedup,9,0,1,0.0000,1.000,1.000,0.000,en,sparse,0
qCiVuDkoJqM,howto,UC7jx4Re7w6NsqA5nIYa4LYg,ok,true,,21,metadata,1,1261,481,metadata,0,0,0,0,1280,720,0,1,1,1,1,20,20,1.0,1,0,1,0.015736766809728187,0,0,whisper,0,1,0,whisper,16,0,16,0.0000,1.000,0.188,0.000,en,sparse,0
qG5rG9SFAhI,howto,UC8UtL380zydIPk1T0cz9zWQ,ok,true,,36,metadata,1341,1097322,5370,metadata,0,0,0,0,1280,720,0,1,1,1,1,20,20,1.0,1,0,1,0.0,0,1,whisper,1,0,1,srt_dedup,0,0,3,0.0000,1.000,0.333,0.000,id,sparse,0
qXqCOg_1tQ8,howto,UCuDSChITvj04FWY9dvyzgpA,ok,false,,180,metadata,2462,1877548,162000,metadata,0,0,0,0,1280,720,0,0,1,1,1,20,20,1.0,1,0,1,0.10521927630481914,0,1,auto_captions,1,1,1,srt_dedup,2193,0,739,0.0410,1.000,0.382,0.000,en,native_en,1
qaC93ojYcGM,howto,UC8pxqLYuwyQkZH8yUDJC5RA,ok,false,,481,metadata,1933,1900983,687000,metadata,0,0,0,0,1280,720,0,0,1,1,1,20,20,1.0,1,0,1,0.02394462804763984,0,1,auto_captions,1,1,1,srt_dedup,3961,0,1327,0.0000,1.000,0.397,0.000,en,native_en,1
qkAAwgnkWEo,howto,UCg2yB7xVVRBDOxY3l_ur5MA,ok,false,,864,metadata,2014,241054,226000,metadata,0,0,0,0,1280,720,0,0,1,1,1,20,20,1.0,1,0,1,0.002083839822179003,0,1,auto_captions,1,1,1,srt_dedup,10403,0,3468,0.0038,1.000,0.397,0.000,en,native_en,1
qwqsm5Z-ZQY,howto,UCelKX7VzBDMjgDt1x4KQ0kw,ok,true,,12,metadata,595,287077,640000,metadata,0,0,0,0,1280,720,0,1,1,1,1,20,20,1.0,1,0,1,0.0,0,1,auto_captions,1,1,1,srt_dedup,60,0,24,0.0000,1.000,0.500,0.000,en,sparse,0
r1BToPcVLHo,howto,UCcNyI8kMoKUiJtdQV9taKlA,ok,false,,1204,metadata,2,773,115000,metadata,0,0,0,0,1280,720,0,0,1,1,1,20,20,1.0,1,0,1,0.13161566829462773,0,1,auto_captions,1,1,1,srt_dedup,8699,0,2967,0.0017,1.000,0.383,0.000,en,native_en,1
rLLTDgmfaSc,howto,UCXoY0ZeHZBe0p-ByCiYP_XQ,ok,false,,557,metadata,3404,1277669,8410000,metadata,0,0,0,0,1280,720,0,0,1,1,1,10,20,0.5,0,1,1,0.04950441715147602,0,1,auto_captions,1,1,1,srt_dedup,4544,0,1538,0.0065,1.000,0.382,0.000,en,native_en,1
rbiEPUn74Ns,howto,UCCm0B1lPrfVoH2gmddfaAlg,ok,false,,479,metadata,2586,661854,6980,metadata,0,0,0,0,1280,720,0,0,1,1,1,20,20,1.0,1,0,1,0.016922594797869017,0,0,whisper,0,1,0,whisper,1351,0,1351,0.0000,1.000,0.337,0.000,en,native_en,1
rfFf0v0XpVk,howto,UCNvT4F1eFg2mRI5VFL5y7jA,ok,false,,518,metadata,550,7653754,1810000,metadata,0,0,0,0,1280,720,0,0,1,1,1,19,20,0.95,0,1,1,0.015527230590961772,0,1,whisper,1,1,1,srt_dedup,6,0,10,0.0000,1.000,0.400,0.000,en,sparse,0
rjjjlJw2cgM,howto,UCrSvDunJEc1CME4-KvhW_3Q,ok,false,,1018,metadata,1695,901654,1100000,metadata,0,0,0,0,1280,720,0,0,1,1,1,20,20,1.0,1,0,1,0.019029663887825152,0,1,auto_captions,1,1,1,srt_dedup,975,0,411,0.0000,0.999,0.163,0.000,en,native_en,1
rjkQibZhl84,howto,UCbEoz5Ism0puE2qbJ-YqF6g,ok,true,,20,metadata,2,8718,44500,metadata,0,0,0,0,1280,720,0,1,1,1,1,20,20,1.0,1,0,1,0.0,0,1,auto_captions,1,1,1,srt_dedup,268,0,92,0.0000,1.000,0.370,0.000,en,native_en,1
rwbho0CgEAE,howto,UCYUPLUCkMiUgiyVuluCc7tQ,ok,false,,1307,metadata,3407,21561369,1940000,metadata,0,0,0,0,1280,720,0,0,1,1,1,17,20,0.85,0,1,1,0.012167963817526465,0,1,auto_captions,1,1,1,srt_dedup,12113,0,4041,0.0022,1.000,0.409,0.000,en,native_en,1
s7kDIa8Fwf0,howto,UCDq-2fubpXUL-J5ketAvLag,ok,true,,20,metadata,1221,14668,830,metadata,0,0,0,0,1280,720,0,1,1,1,1,20,20,1.0,1,0,1,0.07703703703703706,0,0,whisper,0,1,0,whisper,50,0,50,0.0000,1.000,0.340,0.000,en,native_en,1
sKCAlDpDESk,howto,UCBGVa07P4ofJ8HaCzAtAB4A,ok,true,,53,metadata,1686,60097393,3930000,metadata,0,0,0,0,1280,720,0,1,1,1,1,20,20,1.0,1,0,1,0.0,0,1,auto_captions,1,1,1,srt_dedup,691,0,231,0.0000,1.000,0.372,0.000,en,native_en,1
sMgxDNWVOb0,howto,UCvsawWNt6dkM8NiABEMhB_w,ok,true,,44,metadata,3,9719,16000,metadata,0,0,1,0,1280,720,0,1,0,1,0,14,20,0.7,0,1,1,0.0,0,1,auto_captions,1,1,1,srt_dedup,299,0,97,0.0778,1.000,0.268,0.020,en,native_en,1
sTAiDki7AQA,howto,UChBEbMKI1eCcejTtmI32UEw,ok,false,,538,metadata,2976,8841106,10700000,metadata,0,0,0,0,1280,720,0,0,1,1,1,20,20,1.0,1,0,1,0.0005575689991636466,0,1,auto_captions,1,1,1,srt_dedup,4519,0,1506,0.0000,1.000,0.208,0.002,en,native_en,1
siJkBEk_LWo,howto,UCd3s7BuoOlu4bRJL6RdGWXw,ok,true,,19,metadata,1542,17729144,15600000,metadata,0,0,0,0,1280,720,0,1,1,1,1,20,20,1.0,1,0,1,0.0,0,0,whisper,0,1,0,whisper,1,0,1,0.0000,0.000,0.000,0.000,en,sparse,0
slcoBcz2Roc,howto,UCbsfv96gKwoZWLr0-sd8UGQ,ok,true,,12,metadata,693,1359495,14800,metadata,0,0,0,0,640,480,1,1,1,1,1,20,20,1.0,1,0,1,0.04500000000000002,0,0,whisper,0,1,0,whisper,3,0,3,0.0000,1.000,0.333,0.000,en,sparse,0
sq27j-MuIaA,howto,UCb_GL_n4Jz_abrSgRV3iEEw,ok,true,,11,metadata,441,138046,70400,metadata,0,0,0,0,1280,720,0,1,1,1,1,20,20,1.0,1,0,1,0.0,0,0,whisper,0,0,0,none,0,0,0,0.0000,0.000,0.000,0.000,de,missing,0
t0tEzhYWjLg,howto,UCAN3MXVzhO3SWDDriytwN9w,ok,true,,11,metadata,533,5167172,720000,metadata,0,0,0,0,1280,720,0,1,1,1,1,20,20,1.0,1,0,1,0.0,0,1,whisper,1,1,1,srt_dedup,3,0,26,0.0000,1.000,0.423,0.000,es,sparse,0
tBwWhJDKVwg,howto,UCnt8MK3dTi1sA2yOlYm6b4w,ok,false,,1475,metadata,43,51060,361000,metadata,0,0,0,0,1280,720,0,0,1,1,1,20,20,1.0,1,0,1,0.0471607902179011,0,1,auto_captions,1,1,1,srt_dedup,7991,0,2654,0.0000,1.000,0.376,0.008,en,native_en,1
tDdfPMTX15Y,howto,UCqWjD7I6TUtrdmOLnCQhu7Q,ok,false,,6710,metadata,1941,3309282,398000,metadata,0,0,0,0,1280,720,0,0,1,1,1,20,20,1.0,1,0,1,0.16714434543105103,0,1,auto_captions,1,1,1,srt_dedup,47137,0,16104,0.0021,1.000,0.358,0.000,en,native_en,1
tv8uR6iL4P4,howto,UCQ17r5Ad8SwCZ_fWX-m4aEA,ok,true,,12,metadata,501,59557293,1230000,metadata,0,0,1,0,1280,720,0,1,1,1,1,20,20,1.0,1,0,1,0.0,0,1,whisper,1,1,1,srt_dedup,2,0,20,0.0000,1.000,0.600,0.048,hi,sparse,0
u3J4JBI6KnE,howto,UCCpPeQd1l2jGYZMhMcpWTIQ,ok,true,,44,metadata,1,1068,82600,metadata,0,0,0,1,1280,720,0,1,1,1,1,20,20,1.0,1,0,1,0.0,0,1,auto_captions,1,1,1,srt_dedup,233,0,76,0.0000,1.000,0.260,0.062,hi,translated_en,1
u6pmb-myRKc,howto,UC-mQqqtHTwZTBZ3OftfvzrA,ok,false,,735,metadata,2508,1215368,91700,metadata,0,0,0,0,640,480,1,0,1,1,1,20,20,1.0,1,0,1,0.020081632653061236,0,1,auto_captions,1,1,1,srt_dedup,6875,0,2297,0.0004,1.000,0.343,0.000,en,native_en,1
uACmIrfRSQM,howto,UCqQpfRwnn_osGHYhZ7VB4FQ,ok,true,,10,metadata,1,6983,20200,metadata,0,0,0,0,1280,720,0,1,1,1,1,20,20,1.0,1,0,1,0.0,0,1,auto_captions,1,1,1,srt_dedup,104,0,32,0.0000,1.000,0.281,0.030,en,sparse,0
ud41B1oRs3c,howto,UCTVqmbd_Iwu4IIW-931TcPQ,ok,false,,550,metadata,1859,504186,293000,metadata,0,0,0,0,1280,720,0,0,1,1,1,20,20,1.0,1,0,1,0.517926330150069,1,1,auto_captions,1,1,1,srt_dedup,2326,0,816,0.0000,1.000,0.376,0.000,en,native_en,1
uf8nV_tVSKM,howto,UCTRl_-hUWZrV9TYt9YBssvQ,ok,true,,40,metadata,715,808262,174000,metadata,0,0,0,0,1280,720,0,1,1,1,1,20,20,1.0,1,0,1,0.030920060331825053,0,1,auto_captions,1,1,1,srt_dedup,168,0,64,0.0000,1.000,0.188,0.000,en,native_en,1
ukWU7byXamM,howto,UC8LaBH9v0bSEcEFck0RAfeg,ok,true,,24,metadata,1030,3978402,3010000,metadata,0,0,0,0,1280,720,0,1,1,1,1,20,20,1.0,1,0,1,0.05822784810126584,0,1,auto_captions,1,1,1,srt_dedup,308,0,104,0.0000,1.000,0.337,0.000,en,native_en,1
vHUHEOrRar4,howto,UCOf2XIgf8krIzbQz4rUiozQ,ok,true,,59,metadata,791,177094,165000,metadata,0,0,0,0,1280,720,0,1,1,1,1,20,20,1.0,1,0,1,0.008695652173913047,0,1,auto_captions,1,1,1,srt_dedup,613,0,209,0.0000,1.000,0.388,0.000,de,translated_en,1
vItcjc8nJ9o,howto,UCS1XXBQ8cJN4bpv73O4CR-w,ok,false,,1452,metadata,2312,2258958,37700,metadata,0,0,0,0,640,480,1,0,1,1,1,20,20,1.0,1,0,1,0.09825359098894294,0,1,auto_captions,1,1,1,srt_dedup,10888,0,3660,0.0022,1.000,0.340,0.000,en,native_en,1
vUSWfeY7xAs,howto,UCnzCSbvTWDvty7Hr9Ind4ow,ok,false,,600,metadata,1904,3713550,2150000,metadata,0,0,0,0,1280,720,0,0,1,1,1,20,20,1.0,1,0,1,0.05249462042736328,0,1,auto_captions,1,1,1,srt_dedup,5089,0,1728,0.0023,1.000,0.385,0.000,en,native_en,1
vfKwjT5-86k,howto,UCwaPTAgqVs0NgbjYgIRWSPA,ok,true,,56,metadata,1941,16101598,2680000,metadata,0,0,0,0,1280,720,0,1,1,1,1,20,20,1.0,1,0,1,0.0,0,1,auto_captions,1,1,1,srt_dedup,549,0,185,0.0000,1.000,0.276,0.000,en,native_en,1
vqedBqYYos0,howto,UCEXiBa12b6QanT3h-kNK6_Q,ok,true,,48,metadata,1246,14794047,2740000,metadata,0,0,0,0,1280,720,0,1,1,1,1,20,20,1.0,1,0,1,0.019314641744548295,0,1,auto_captions,1,1,1,srt_dedup,477,0,161,0.0000,1.000,0.329,0.000,en,native_en,1
vvkHASSNqnU,howto,UCAxu71H4R7-dm1L1aGEdmnQ,ok,true,,28,metadata,121,46301,274000,metadata,0,0,0,0,1280,720,0,1,1,1,1,20,20,1.0,1,0,1,0.0,0,1,auto_captions,1,1,1,srt_dedup,89,0,30,0.2609,1.000,0.533,0.032,en,sparse,0
w1ZVNjOIstQ,howto,UClVOq27XNy7DnXU7Dc0pJhw,ok,true,,26,metadata,1684,350016,1480000,metadata,0,0,0,0,1280,720,0,1,1,1,1,20,20,1.0,1,0,1,0.012571428571428574,0,1,auto_captions,1,1,1,srt_dedup,298,0,100,0.0000,1.000,0.310,0.000,en,native_en,1
w9fKU41xnTA,howto,UCXOiBXcSIlN7LYrnBQHynlA,ok,true,,19,metadata,1762,119350,84100,metadata,0,0,0,0,1280,720,0,1,1,1,1,20,20,1.0,1,0,1,0.05590062111801245,0,1,auto_captions,1,1,1,srt_dedup,207,0,71,0.0000,1.000,0.394,0.000,en,native_en,1
wAKZjllBB0w,howto,UCp-oS-GBudIPdLrfV_EuSxQ,ok,true,,12,metadata,501,37628195,6280000,metadata,0,0,0,0,1280,720,0,1,1,1,1,20,20,1.0,1,0,0,,0,1,auto_captions,1,1,1,srt_dedup,51,0,25,0.0000,1.000,0.600,0.000,hi,sparse,0
wTw_k7bIfEU,howto,UCv_tM5HAD4P5iaB51Ky3zRA,ok,true,,30,metadata,1,124759,45300,metadata,0,0,0,0,1280,720,0,1,1,1,1,20,20,1.0,1,0,1,0.0,0,0,whisper,0,0,0,none,0,0,0,0.0000,0.000,0.000,0.000,ur,missing,0
wa6KWu9M8qQ,howto,UCfqqHkzZt2X2DzxPFMucubQ,ok,false,,1042,metadata,522,249972,414000,metadata,0,0,0,0,1280,720,0,0,1,1,1,19,20,0.95,0,1,1,0.0746010714902932,0,1,auto_captions,1,1,1,srt_dedup,9190,0,3100,0.0000,1.000,0.398,0.000,en,native_en,1
xJk5EjEoKn4,howto,UCgVX9yL0pP-MPXGOGnDgnMw,ok,true,,22,metadata,456,501124,81200,metadata,0,0,0,0,1280,720,0,1,1,1,1,20,20,1.0,1,0,1,0.0,0,0,whisper,0,1,0,whisper,12,0,12,0.2000,1.000,0.250,0.000,de,sparse,0
xQXcMabybxE,howto,UCkWOpf05w9dPthQ-2tXndfA,ok,true,,17,metadata,1989,11199739,3900000,metadata,0,0,0,0,1280,720,0,1,1,1,1,20,20,1.0,1,0,1,0.09447415329768274,0,1,auto_captions,1,1,1,srt_dedup,134,0,46,0.0000,1.000,0.261,0.000,en,sparse,0
xTioUxmAwGU,howto,UCrx2gk28TFhnU-Jc1Qf6Kig,ok,true,,9,metadata,1,32240,1540,metadata,0,0,1,0,1280,720,0,1,1,1,1,20,20,1.0,1,0,1,0.0,0,0,whisper,0,1,0,whisper,1,0,1,0.0000,1.000,0.000,0.000,en,sparse,0
xzZUeO8L6jI,howto,UChoWThkck22OR1bLy2PJOnw,ok,false,,1786,metadata,538,426543,41100,metadata,0,0,0,0,1280,720,0,0,1,1,1,20,20,1.0,1,0,1,0.17639350871887977,0,1,auto_captions,1,1,1,srt_dedup,14735,0,4961,0.0004,1.000,0.368,0.000,en,native_en,1
y0mfNWKBQp0,howto,UC-ZaFVre7Koir_VcaM2LpNA,ok,false,,223,metadata,3573,18749247,2750000,metadata,0,0,0,0,1280,720,0,0,1,1,1,20,20,1.0,1,0,1,0.11256227278847457,0,1,auto_captions,1,1,1,srt_dedup,1665,0,559,0.0000,1.000,0.304,0.000,en,native_en,1
y6gsjckd_5I,howto,UCgW3J4eHwnrgutZKNKGqj0Q,ok,false,,1648,metadata,4116,2350996,690000,metadata,0,0,0,0,1280,720,0,0,1,1,1,20,20,1.0,1,0,1,0.14643338309725806,0,1,auto_captions,1,1,1,srt_dedup,12339,0,4129,0.0102,1.000,0.343,0.000,en,native_en,1
yH-2KCwB2NY,howto,UCV2GwbbC-AFCL69EQ0umkjQ,ok,true,,59,metadata,1203,171164,102000,metadata,0,0,0,0,1280,720,0,1,1,1,1,20,20,1.0,1,0,1,0.009095502779181409,0,0,whisper,0,1,0,whisper,20,0,20,0.2308,1.000,0.400,0.000,en,sparse,0
yHja3luffz8,howto,UCJBHrBKsQ2W_gbvA0lnoMHA,ok,true,,60,metadata,1047,2499050,30500,metadata,0,0,0,0,1280,720,0,1,1,1,1,20,20,1.0,1,0,1,0.006045340050377835,0,1,auto_captions,1,1,1,srt_dedup,510,0,170,0.0000,1.000,0.388,0.000,de,translated_en,1
yIXuG_EoBL4,howto,UClG0LIWfxT6kUIZpvBuSqKg,ok,true,,36,metadata,315,154617,2030000,metadata,0,0,0,1,1280,720,0,1,1,1,1,18,20,0.9,0,1,1,0.0,0,1,whisper,1,1,1,srt_dedup,7,0,1,0.0000,1.000,0.000,0.000,en,sparse,0
ydfyM48MtsY,howto,UCsEukrAd64fqA7FjwkmZ_Dw,ok,false,,1000,metadata,1959,5028028,8320000,metadata,0,0,0,0,1280,720,0,0,1,1,1,20,20,1.0,1,0,1,0.034656584751102726,0,1,auto_captions,1,1,1,srt_dedup,9789,0,3317,0.0000,1.000,0.386,0.000,en,native_en,1
yhuGNIZ7v2A,howto,UCuj7X7KybuHE-vyhVgYbmqA,ok,true,,15,metadata,1741,9116289,687000,metadata,0,0,0,0,1280,720,0,1,1,1,1,20,20,1.0,1,0,1,0.2138492871690429,0,1,auto_captions,1,1,1,srt_dedup,93,0,35,0.0000,1.000,0.400,0.000,es,sparse,0
yxrOfZvQZ4U,howto,UCSxxGiIbLRIH9_K6B8nfCzQ,ok,true,,21,metadata,1019,65760,1590,metadata,0,0,0,1,1280,720,0,1,1,1,1,20,20,1.0,1,0,1,0.0,0,0,whisper,0,1,0,whisper,1,0,1,0.0000,0.000,0.000,0.000,de,sparse,0
yz99mrWlGc4,howto,UCuwBP6fktw4iddzFBG5zFfA,ok,false,,483,metadata,378,72729,30100,metadata,0,0,0,0,1280,720,0,0,1,1,1,20,20,1.0,1,0,0,,0,1,auto_captions,1,1,1,srt_dedup,3605,0,1226,0.0312,1.000,0.353,0.000,en,native_en,1
z1VbL8YHkRI,howto,UCzsH3CCrR8eqgx05tcAlmng,ok,true,,26,metadata,1843,153202,10100,metadata,0,0,0,0,1280,720,0,1,1,1,1,20,20,1.0,1,0,1,0.09658421672555954,0,1,auto_captions,1,1,1,srt_dedup,217,0,77,0.0000,1.000,0.273,0.000,en,native_en,1
zIe2_HfRTkI,howto,UCM4mUayOV-yfqPNzePbHKsw,ok,true,,19,metadata,1480,463785,3460000,metadata,0,0,0,0,1280,720,0,1,1,1,1,20,20,1.0,1,0,1,0.0,0,1,auto_captions,1,1,1,srt_dedup,223,0,75,0.0000,1.000,0.253,0.000,en,native_en,1
zVb0ge-M_zM,howto,UCiAbkMKmUgDz3EtfyA9MypQ,ok,true,,170,metadata,4,2623,56400,metadata,0,0,0,0,1280,720,0,1,1,1,1,20,20,1.0,1,0,1,0.0,0,1,auto_captions,1,1,1,srt_dedup,1794,0,581,0.0000,1.000,0.318,0.020,en,native_en,1
zWPJd1y9Vcs,howto,UCTFvGKRv48H7j1NGr-5ntIw,ok,true,,58,metadata,2018,1312295,64800,metadata,0,0,0,0,1280,720,0,1,1,1,1,20,20,1.0,1,0,1,0.0,0,1,auto_captions,1,1,1,srt_dedup,533,0,183,0.0000,1.000,0.328,0.000,en,native_en,1
zdfwRSJO8Qw,howto,UCvgkgiJVooNrbr8qmHRveeA,ok,true,,57,metadata,1589,662934,3600,metadata,0,0,0,0,1280,720,0,1,1,1,1,20,20,1.0,1,0,1,0.13071200850159412,0,1,auto_captions,1,1,1,srt_dedup,565,0,186,0.0000,1.000,0.328,0.000,en,native_en,1
zlpFQRAYnOo,howto,UCcVLr2oFhRFSx3mcOlMZRTQ,ok,true,,28,metadata,373,3567364,4100000,metadata,0,0,0,0,1280,720,0,1,1,1,1,20,20,1.0,1,0,1,0.0,0,0,whisper,0,1,0,whisper,5,0,5,0.0000,1.000,0.400,0.000,en,sparse,0
zpdMZK6LlDE,howto,UCFBi30B8oBGrl48RdxgIiRA,ok,false,,616,metadata,1521,1400002,163000,metadata,0,0,0,0,1280,720,0,0,1,1,1,20,20,1.0,1,0,1,0.0010223953261927947,0,1,auto_captions,1,1,1,srt_dedup,5397,0,1803,0.0000,1.000,0.364,0.000,en,native_en,1
zzfWqFdDCXM,howto,UCV8jbGe0LcYlHyTo1MkVeqQ,ok,true,,35,metadata,1573,878346,32800,metadata,0,0,0,0,1280,720,0,1,1,1,1,20,20,1.0,1,0,1,0.05684754521963827,0,1,auto_captions,1,1,1,srt_dedup,95,0,47,0.0000,1.000,0.128,0.000,en,sparse,0
-5XzwUqHIGQ,product_reviews,UC1EXGMfoklkkEgPzyqRWw4A,ok,false,,33,metadata,4882,1293,25800,metadata,0,0,1,1,480,360,1,0,1,1,1,18,20,0.9,0,1,1,0.2039891205802354,0,1,auto_captions,1,1,1,srt_dedup,206,0,74,0.0000,1.000,0.351,0.000,en,native_en,1
-Bo1V7VXfOw,product_reviews,UCfW8_RfI-T0p2bvJLMY1K2Q,ok,false,,227,metadata,28,21,2260,metadata,0,0,0,0,1280,720,0,0,1,1,1,20,20,1.0,1,0,1,0.0873824970210513,0,1,auto_captions,1,1,1,srt_dedup,1786,0,609,0.0000,1.000,0.410,0.000,en,native_en,1
-DBSL3jFd98,product_reviews,UCu7wBcfBxUATXQc5ANbomAg,ok,false,,1072,metadata,1324,4692,1390,metadata,0,0,0,0,1280,720,0,0,1,1,1,20,20,1.0,1,0,1,0.11799451318515201,0,1,auto_captions,1,1,1,srt_dedup,6555,0,2275,0.0026,1.000,0.368,0.000,en,native_en,1
-Js2wmt_Kek,product_reviews,UCpezCSL_alOva5WKM1MXH2Q,ok,false,,30,metadata,459,18908,5690,metadata,0,0,0,0,1280,720,0,0,1,1,1,20,20,1.0,1,0,1,0.035000000000000024,0,1,auto_captions,1,1,1,srt_dedup,191,0,67,0.0000,1.000,0.224,0.000,en,native_en,1
-Z_5FL8S_ME,product_reviews,UCyu5DbOfurVwGf-w_reveiQ,ok,true,,28,metadata,1328,5621,877,metadata,0,0,0,1,1280,720,0,1,1,1,1,20,20,1.0,1,0,1,0.0,0,1,auto_captions,1,1,1,srt_dedup,290,0,100,0.0000,1.000,0.370,0.000,en,native_en,1
-a7hyYRPZ4g,product_reviews,UCJOHQ6h9TjY9Hvrt3kxbjGQ,ok,false,,808,metadata,3,1171,444000,metadata,0,0,0,1,1280,720,0,0,1,1,1,19,20,0.95,0,1,1,0.03870584302217603,0,1,auto_captions,1,1,1,srt_dedup,7613,0,2546,0.0004,1.000,0.404,0.002,en,native_en,1
-eO06yKX9DQ,product_reviews,UCfW8_RfI-T0p2bvJLMY1K2Q,ok,false,,610,metadata,15,124,2260,metadata,0,0,0,0,1280,720,0,0,1,1,1,20,20,1.0,1,0,1,0.004675657052859537,0,1,auto_captions,1,1,1,srt_dedup,4412,0,1473,0.0000,1.000,0.447,0.033,en,native_en,1
-g9PTJ9NYXw,product_reviews,UCOXV1-LGQMZeLCj1ynDYUuA,ok,false,,222,metadata,154,391,50800,metadata,0,0,0,0,1280,720,0,0,1,1,1,20,20,1.0,1,0,1,0.018931710615280605,0,1,auto_captions,1,1,1,srt_dedup,1789,0,605,0.0000,1.000,0.386,0.000,en,native_en,1
-nGtPlzwvFw,product_reviews,UCjXQPW1A6sezve2FWk_hj1g,ok,false,,919,metadata,479,8954,12500,metadata,0,0,0,0,1280,720,0,0,1,1,1,20,20,1.0,1,0,1,0.0,0,1,auto_captions,1,1,1,srt_dedup,8287,0,2781,0.0011,1.000,0.372,0.000,en,native_en,1
-pu5fnqaTWs,product_reviews,UC2x9EgM7KddBl6Cb4GcMj2Q,ok,false,,182,metadata,942,6412,12000,metadata,0,0,0,0,1280,720,0,0,1,1,1,20,20,1.0,1,0,1,0.07585979924304759,0,1,auto_captions,1,1,1,srt_dedup,1282,0,440,0.0000,1.000,0.386,0.000,en,native_en,1
-q5MNBliJA4,product_reviews,UCJ6PGn4AIM3bLxFmkIEOJvg,ok,false,,318,metadata,1939,14956,55700,metadata,0,0,0,0,1280,720,0,0,1,1,1,20,20,1.0,1,0,1,0.03316639894169896,0,1,auto_captions,1,1,1,srt_dedup,2256,0,768,0.0000,1.000,0.397,0.000,en,native_en,1
-v82ZS50OrM,product_reviews,UCfx5tCKLRkTogbzjSqn-_xw,ok,false,,882,metadata,1845,10622,2770,metadata,0,0,0,0,1280,720,0,0,1,1,1,20,20,1.0,1,0,1,0.02568813582389168,0,0,whisper,0,1,0,whisper,923,0,923,0.2293,1.000,0.359,0.000,fil,whisper_on_non_english,0
0AkGDosbGiA,product_reviews,UCbBE9Kh3rL7yQRWdRnxxDbA,ok,true,,61,metadata,314,22270292,2660000,metadata,0,0,0,0,1280,720,0,1,1,1,1,20,20,1.0,1,0,1,0.00540009818360334,0,1,auto_captions,1,1,1,srt_dedup,643,0,219,0.0000,1.000,0.475,0.000,hi,translated_en,1
0_lxrKfxfsk,product_reviews,UCi5-U-Q7qvmm71VOfsRSUDg,ok,false,,261,metadata,795,6713,13300,metadata,0,0,0,0,1280,720,0,0,1,1,1,20,20,1.0,1,0,1,0.0659758203799655,0,1,auto_captions,1,1,1,srt_dedup,2424,0,812,0.0000,1.000,0.384,0.000,en,native_en,1
0ap9tC8iaGA,product_reviews,UCFgCoXyaHbUDu427lxrksWw,ok,false,,614,metadata,1628,14367,181000,metadata,0,0,0,0,1280,720,0,0,1,1,1,20,20,1.0,1,0,1,0.0042006545205880924,0,1,auto_captions,1,1,1,srt_dedup,5603,0,1874,0.0016,1.000,0.374,0.000,en,native_en,1
0aqoXzbwHBM,product_reviews,UCKrEq35eRKI2EUflfv28JmA,ok,true,,47,metadata,499,2556,580,metadata,0,0,0,0,1280,720,0,1,1,1,1,20,20,1.0,1,0,1,0.0,0,1,auto_captions,1,1,1,srt_dedup,366,0,124,0.0000,1.000,0.390,0.000,en,native_en,1
0eoWPcd0-V0,product_reviews,UCrMS6PZvUyRmrMqW5scff4w,ok,false,,150,metadata,3317,568,1530,metadata,0,0,0,0,1280,720,0,0,0,1,0,7,20,0.35,0,1,1,0.007388178913738024,0,1,whisper,1,0,1,srt_dedup,0,0,4,0.0000,1.000,0.500,0.000,en,sparse,0
0oodpAXhhlc,product_reviews,UCLPEImnJa-xsmRdLrZQi9Ww,ok,true,,36,metadata,477,25797,607,metadata,0,0,1,0,1280,720,0,1,1,1,1,20,20,1.0,1,0,1,0.010734929810074323,0,1,auto_captions,1,1,1,srt_dedup,251,0,87,0.0000,1.000,0.345,0.000,en,native_en,1
0qzhvtcaPqY,product_reviews,UC6rqlRMvceeCt23DYzVeG8w,ok,true,,8,metadata,3,24738,13800,metadata,0,0,0,1,1280,720,0,1,1,1,1,20,20,1.0,1,0,1,0.0,0,1,auto_captions,1,1,1,srt_dedup,66,0,23,0.0000,1.000,0.783,0.000,en,sparse,0
19PAY0Eha3Q,product_reviews,UCdTgxGPl7UqMMp-qYQNw2mQ,ok,true,,33,metadata,325,11890,2190,metadata,0,0,0,0,1280,720,0,1,1,1,1,20,20,1.0,1,0,1,0.05459508644222023,0,1,auto_captions,1,1,1,srt_dedup,259,0,87,0.0000,1.000,0.287,0.000,en,native_en,1
1kIbvZypURM,product_reviews,UCCWAkhuHvphUZ_TYvkxSIcw,ok,true,,31,metadata,573,299003,1650,metadata,0,0,0,0,1280,720,0,1,1,1,1,20,20,1.0,1,0,1,0.0,0,1,whisper,1,1,1,srt_dedup,36,0,15,0.0000,1.000,0.000,0.000,ta,sparse,0
1poWV0OLSMA,product_reviews,UCMb0O2CdPBNi-QqPk5T3gsQ,ok,false,,888,metadata,2847,588562,2550000,metadata,0,0,0,0,1280,720,0,0,1,1,1,20,20,1.0,1,0,1,0.018591758780380628,0,1,auto_captions,1,1,1,srt_dedup,8099,0,2713,0.0000,1.000,0.383,0.000,en,native_en,1
1sH_JQh9tkU,product_reviews,UCj6FshY5pv76YHRR77tZk0Q,ok,false,,687,metadata,1259,5625,5360,metadata,0,0,0,0,1280,720,0,0,1,1,1,20,20,1.0,1,0,1,0.1699471915506481,0,1,auto_captions,1,1,1,srt_dedup,4402,0,1516,0.0000,1.000,0.356,0.000,en,native_en,1
1wrAT8jCmMs,product_reviews,UC32FqN3ArzlvDnZvMmtUitA,ok,false,,721,metadata,1232,2535565,526000,metadata,0,0,0,0,1280,720,0,0,1,1,1,20,20,1.0,1,0,1,0.005244318654790647,0,1,auto_captions,1,1,1,srt_dedup,7012,0,2340,0.0000,1.000,0.338,0.000,en,native_en,1
21TT3PH_V-c,product_reviews,UCXUK_InaxgBHlCuNqvx1UyA,ok,true,,9,metadata,2,7686,72100,metadata,0,0,0,1,1280,720,0,1,1,1,1,20,20,1.0,1,0,1,0.30491803278688534,0,1,whisper,1,1,1,srt_dedup,4,0,1,0.0000,1.000,0.000,0.000,en,sparse,0
2PfkwxDO2uc,product_reviews,UCpezCSL_alOva5WKM1MXH2Q,ok,false,,137,metadata,1788,64358,5690,metadata,0,0,0,0,1280,720,0,0,1,1,1,20,20,1.0,1,0,1,0.041748633879781435,0,1,auto_captions,1,1,1,srt_dedup,760,0,253,0.0000,1.000,0.316,0.004,en,native_en,1
2YQv_cB9I9k,product_reviews,UC9zRAPBGHu2qUNZL8UIMx3A,ok,false,,191,metadata,2275,4100,5060,metadata,0,0,0,0,1280,720,0,0,1,1,1,20,20,1.0,1,0,1,0.11270266016055407,0,1,auto_captions,1,1,1,srt_dedup,1413,0,485,0.0000,1.000,0.400,0.000,en,native_en,1
2n_If87cmK8,product_reviews,UC6qGVs3DWMKd_IvOmZaBZ1w,ok,true,,13,metadata,1374,11055,92600,metadata,0,0,0,0,1280,720,0,1,1,1,1,20,20,1.0,1,0,1,0.0,0,1,auto_captions,1,1,1,srt_dedup,140,0,50,0.0000,1.000,0.460,0.000,en,native_en,1
2qz6YldMduk,product_reviews,UCxw-HVPP0iNCpXTa6gTHdpg,ok,true,,15,metadata,1451,3288,4480,metadata,0,0,0,0,1280,720,0,1,1,1,1,20,20,1.0,1,0,1,0.0,0,1,whisper,1,1,1,srt_dedup,2,0,3,0.0000,1.000,0.333,0.000,en,sparse,0
2zWCAZNFgyA,product_reviews,UCmDIeBNLrOCbCfENBlDfyvw,ok,true,,51,metadata,3,4044,36500,metadata,0,0,0,1,1280,720,0,1,1,1,1,20,20,1.0,1,0,1,0.0,0,1,auto_captions,1,1,1,srt_dedup,531,0,184,0.0000,1.000,0.417,0.000,te,translated_en,1
38ELvS_4y5w,product_reviews,UCPi5NjvJWXUlegEBRkgVxXA,ok,false,,435,metadata,818,30222,4160,metadata,0,0,0,0,1280,720,0,0,1,1,1,20,20,1.0,1,0,1,0.0010350538227987859,0,1,auto_captions,1,1,1,srt_dedup,4870,0,1626,0.0012,1.000,0.387,0.000,en,native_en,1
3E93ZXLmneA,product_reviews,UCp-UJCv7ACFtbpEEJx6E-Fw,ok,false,,2190,metadata,2868,10980,30000,metadata,0,0,0,0,1280,720,0,0,1,1,1,20,20,1.0,1,0,1,0.019014219567659377,0,0,whisper,0,1,0,whisper,6740,0,6740,0.0021,1.000,0.394,0.000,en,native_en,1
3FaFEDfRYr4,product_reviews,UC0hfi1m-_5NK1on0LIN0DPg,ok,false,,302,metadata,1905,3084,1530,metadata,0,0,0,0,1280,720,0,0,1,1,1,20,20,1.0,1,0,1,0.14990059642147124,0,1,auto_captions,1,1,1,srt_dedup,2319,0,797,0.0000,1.000,0.384,0.000,en,native_en,1
3FyU9p8VwmM,product_reviews,UC3dLTz-rhtuA9k_V2ufbDIQ,ok,true,,5,metadata,0,94834,123000,metadata,0,0,1,0,1280,720,0,1,1,1,1,20,20,1.0,1,0,1,0.0,0,0,whisper,0,1,0,whisper,3,0,3,0.0000,1.000,0.333,0.000,ur,sparse,0
3Inb39-fZA0,product_reviews,UCPNYurVP6xcVuKwRpD5GZAQ,ok,true,,40,metadata,8,2426,7160,metadata,0,0,0,1,1280,720,0,1,1,1,1,20,20,1.0,1,0,1,0.041635687732342025,0,1,auto_captions,1,1,1,srt_dedup,204,0,71,0.0000,1.000,0.282,0.014,en,native_en,1
3N5dsKGE84s,product_reviews,UCeY_so4GPBnbAtAGu9qkWaw,ok,false,,153,metadata,3467,2616,56,metadata,0,0,0,0,640,480,1,0,1,1,1,20,20,1.0,1,0,1,0.08810832025117744,0,1,auto_captions,1,1,1,srt_dedup,1089,0,363,0.0000,1.000,0.325,0.000,en,native_en,1
3_ekNHOkDCg,product_reviews,UCl90rgsYqIKsVHDJLHqKp_Q,ok,true,,31,metadata,1247,4606767,2690000,metadata,0,0,0,0,1280,720,0,1,1,1,1,20,20,1.0,1,0,1,0.0,0,1,auto_captions,1,1,1,srt_dedup,242,0,84,0.0000,1.000,0.310,0.000,hi,translated_en,1
3a-n8zWLIOc,product_reviews,UCNADHSApu9DdjkoMvXLMFGA,ok,false,,326,metadata,800,26319,1090000,metadata,0,0,0,0,1280,720,0,0,1,1,1,20,20,1.0,1,0,1,0.017501842299189396,0,1,auto_captions,1,1,1,srt_dedup,3025,0,1013,0.0000,1.000,0.402,0.000,en,native_en,1
3g19sLdwxUc,product_reviews,UCWFrHjejCkzepBDQCrl0Z8w,ok,false,,623,metadata,2632,4143,6290,metadata,0,0,0,0,1280,720,0,0,1,1,1,20,20,1.0,1,0,1,0.11118604875228828,0,0,whisper,0,1,0,whisper,1751,0,1751,0.0000,1.000,0.384,0.000,en,native_en,1
3rLlsbz37mo,product_reviews,UCYgke9pwfK2bIYTbjbnaaDQ,ok,true,,40,metadata,2,5708,139000,metadata,0,0,0,1,1280,720,0,1,1,1,1,20,20,1.0,1,0,1,0.07213363705391045,0,1,auto_captions,1,1,1,srt_dedup,434,0,148,0.0000,1.000,0.397,0.000,de,translated_en,1
3xMLo-qFFJg,product_reviews,UCf-k6-nJ6NzStEFdpBl03gQ,ok,false,,432,metadata,5456,276710,549000,metadata,0,0,0,0,1280,720,0,0,1,1,1,20,20,1.0,1,0,1,0.2411204559671926,0,1,auto_captions,1,1,1,srt_dedup,3035,0,1046,0.0000,1.000,0.349,0.000,en,native_en,1
4DtzTX_PXJo,product_reviews,UColloNE0SZNpeJeMPTazcvg,ok,true,,16,metadata,926,60766,6480,metadata,0,0,0,1,1280,720,0,1,1,1,1,20,20,1.0,1,0,1,0.0,0,1,auto_captions,1,1,1,srt_dedup,110,0,38,0.0000,1.000,0.368,0.000,hi,sparse,0
4_sars4ESB4,product_reviews,UCPSv2CPdCxQFBpumYfFuMLg,ok,false,,150,metadata,2,685,1210000,metadata,0,0,0,0,1280,720,0,0,1,1,1,20,20,1.0,1,0,1,0.012202440488097623,0,1,auto_captions,1,1,1,srt_dedup,1350,0,450,0.0000,1.000,0.444,0.000,en,native_en,1
4ed0KeNxYRE,product_reviews,UCJWoZh3WS_ayQ2bpn7IrJaA,ok,false,,304,metadata,4288,2526,5490,metadata,0,0,0,0,1280,720,0,0,1,1,1,20,20,1.0,1,0,1,0.04682406401264446,0,1,auto_captions,1,1,1,srt_dedup,2409,0,813,0.0000,1.000,0.380,0.000,en,native_en,1
4jLz-YetTbk,product_reviews,UCaVvhhfhkdt70fcG_6ojdNA,ok,false,,345,metadata,1965,1652,71400,metadata,0,0,0,0,1280,720,0,0,1,1,1,20,20,1.0,1,0,1,0.12613082811412676,0,1,auto_captions,1,1,1,srt_dedup,2604,0,884,0.0000,1.000,0.412,0.000,en,native_en,1
4jRXNT_VR9c,product_reviews,UCtaVIl5RW399ha1nscwYrTA,ok,true,,57,metadata,465,4734,409,metadata,0,0,0,0,1280,720,0,1,1,1,1,20,20,1.0,1,0,1,0.207744636316065,0,1,auto_captions,1,1,1,srt_dedup,350,0,122,0.0000,1.000,0.467,0.000,en,native_en,1
4ld4me5WcfA,product_reviews,UC5Ljde6CdKzkb0Yjy7rT6PA,ok,false,,722,metadata,2687,22788,51800,metadata,0,0,0,0,1280,720,0,0,1,1,1,19,20,0.95,0,1,1,0.08035232041214843,0,1,auto_captions,1,1,1,srt_dedup,7180,0,2408,0.0004,1.000,0.363,0.000,en,native_en,1
564dSxCXMNU,product_reviews,UCpezCSL_alOva5WKM1MXH2Q,ok,true,,31,metadata,951,70109,5690,metadata,0,0,0,0,1280,720,0,1,1,1,1,18,20,0.9,0,1,1,0.022051773729626092,0,0,whisper,0,1,0,whisper,3,0,3,0.0000,1.000,0.333,0.000,en,sparse,0
5H3AyCyGfqE,product_reviews,UCdfNpKYv2cppF4A4WheOhJQ,ok,true,,59,metadata,2134,106386,108,metadata,0,0,0,0,1280,720,0,1,1,1,1,20,20,1.0,1,0,1,0.26111111111111124,0,1,auto_captions,1,1,1,srt_dedup,317,0,121,0.0000,1.000,0.347,0.000,en,native_en,1
5MATukT41nI,product_reviews,UC9M2CLZrrgOk2vQ2vNm74mw,ok,false,,927,metadata,77,201,2840,metadata,0,0,0,0,1280,720,0,0,1,1,1,20,20,1.0,1,0,1,0.06852373095214985,0,1,auto_captions,1,1,1,srt_dedup,7886,0,2633,0.0004,1.000,0.376,0.002,en,native_en,1
5QZs2l9AaGE,product_reviews,UCQt5ROpGaAPEoiD4tT9Mb_Q,ok,true,,43,metadata,2,2625,65100,metadata,0,0,0,0,1280,720,0,1,1,1,1,20,20,1.0,1,0,1,0.007757404795486603,0,1,auto_captions,1,1,1,srt_dedup,171,0,66,0.0000,1.000,0.242,0.000,or,translated_en,1
5Qi3j3oUnZo,product_reviews,UCsw1aFObVLwvDsPGpB3dzPw,ok,true,,41,metadata,775,691761,130000,metadata,0,0,0,0,1280,720,0,1,1,1,1,20,20,1.0,1,0,1,0.0,0,1,whisper,1,1,0,whisper,52,0,52,0.0667,1.000,0.327,0.000,en,native_en,1
62Nr9B2ed7E,product_reviews,UCEv94RyW95t7qKP5h3ivIqA,ok,true,,27,metadata,703,471186,61100,metadata,0,0,0,0,1280,720,0,1,1,1,1,19,20,0.95,0,1,1,0.0,0,1,auto_captions,1,1,1,srt_dedup,307,0,103,0.0000,1.000,0.320,0.000,en,native_en,1
62gOhxEi-t8,product_reviews,UCmY5MJD07MpiKNsvlmGu3Xg,ok,false,,339,metadata,2206,60678,26100,metadata,0,0,0,0,1280,720,0,0,1,1,1,20,20,1.0,1,0,1,0.04686532849942526,0,1,auto_captions,1,1,1,srt_dedup,1425,0,519,0.0000,1.000,0.360,0.000,en,native_en,1
6HSi_GOuPT8,product_reviews,UCrk6qo9DtPAovNx9zTDF6_A,ok,false,,290,metadata,3134,5707,209,metadata,0,0,0,0,1280,720,0,0,1,1,1,20,20,1.0,1,0,1,0.013979496738117438,0,1,auto_captions,1,1,1,srt_dedup,1513,0,514,0.0000,1.000,0.327,0.017,en,native_en,1
6I4npimuOvw,product_reviews,UCo35PhKQBZbjCVlEbW83FMw,ok,false,,66,metadata,2904,6131,5710,metadata,0,0,0,0,1280,720,0,0,1,1,1,18,20,0.9,0,1,1,0.05472636815920401,0,1,auto_captions,1,1,1,srt_dedup,724,0,244,0.0000,1.000,0.332,0.000,en,native_en,1
6JzE8JZcV6w,product_reviews,UCIk8rlHJ0XNZvVy-MrUHPng,ok,false,,27,metadata,3518,108791,84500,metadata,0,0,0,0,1280,720,0,0,1,1,1,20,20,1.0,1,0,1,0.09289617486338791,0,1,whisper,1,1,1,srt_dedup,3,0,1,0.0000,1.000,0.000,0.000,en,sparse,0
6Nua_UpDd8o,product_reviews,UCYgke9pwfK2bIYTbjbnaaDQ,ok,false,,219,metadata,1,1672,138000,metadata,0,0,0,0,1280,720,0,0,1,1,1,20,20,1.0,1,0,0,,0,1,auto_captions,1,1,1,srt_dedup,2306,0,770,0.0000,1.000,0.368,0.001,de,translated_en,1
6Uf4Elvh-9A,product_reviews,UC06cd6lQhf9Q-iiJUWrYHWg,ok,false,,1170,metadata,1726,10363,2210,metadata,0,0,0,0,1280,720,0,0,1,1,1,17,20,0.85,0,1,1,0.07647526479111634,0,1,auto_captions,1,1,1,srt_dedup,7614,0,2588,0.0000,1.000,0.381,0.007,en,native_en,1
6ekIkOEaXtg,product_reviews,UClL6HQu3nsacPQsGMphvNbQ,ok,true,,26,metadata,633,3446,1290,metadata,0,0,0,1,1280,720,0,1,1,1,1,20,20,1.0,1,0,1,0.0,0,1,auto_captions,1,1,1,srt_dedup,209,0,73,0.0000,1.000,0.288,0.000,en,native_en,1
6twxO2-zYyQ,product_reviews,UCK_7bfk98QPtsLrZxjw4Bfg,ok,false,,721,metadata,18,2425,29400,metadata,0,0,0,0,1280,720,0,0,1,1,1,20,20,1.0,1,0,1,0.14649177597334992,0,1,auto_captions,1,1,1,srt_dedup,5403,0,1821,0.0000,1.000,0.320,0.020,en,native_en,1
72vYl6dNljw,product_reviews,UCaW0Rv3F6dkX4X3UZiDIYcg,ok,false,,112,metadata,1,31,7880,metadata,0,0,0,0,480,360,1,0,1,1,1,20,20,1.0,1,0,1,0.0,0,1,auto_captions,1,1,1,srt_dedup,993,0,336,0.0000,1.000,0.345,0.000,en,native_en,1
74yZTJSAz6g,product_reviews,UCkKH50VfxiEEiCjzDjeumTA,ok,false,,1274,metadata,1824,2838,5220,metadata,0,0,0,0,640,480,1,0,1,1,1,19,20,0.95,0,1,1,0.04232779321060317,0,1,auto_captions,1,1,1,srt_dedup,8321,0,2868,0.0003,1.000,0.384,0.000,en,native_en,1
76_7aI75YrM,product_reviews,UCe8dDJ4pzEbGbg5w5vT5LzQ,ok,true,,4,metadata,7,59,608,metadata,0,0,1,1,1280,720,0,1,1,1,1,20,20,1.0,1,0,1,0.0,0,1,whisper,1,1,1,srt_dedup,4,0,6,0.0000,1.000,0.333,0.143,en,sparse,0
77lSnWdpWzs,product_reviews,UCkYRj_18seg6zGsL90ZS1mQ,ok,false,,599,metadata,1664,4637,12400,metadata,0,0,0,0,1280,720,0,0,1,1,1,20,20,1.0,1,0,1,0.0049606654306759545,0,1,auto_captions,1,1,1,srt_dedup,3708,0,1262,0.0000,1.000,0.352,0.000,en,native_en,1
78H3vkI0XKY,product_reviews,UCiRb5mHO2qJxVNp39KrY3DA,ok,false,,718,metadata,1685,6099,666,metadata,0,0,0,0,1280,720,0,0,1,1,1,20,20,1.0,1,0,1,0.04351275733912391,0,1,auto_captions,1,1,1,srt_dedup,7650,0,2566,0.0012,1.000,0.404,0.000,en,native_en,1
79O6Iim17kE,product_reviews,UCUK4WPfShCFMwvPzwmDkJ5g,ok,false,,210,metadata,460,12766,2460,metadata,0,0,0,0,1280,720,0,0,1,1,1,20,20,1.0,1,0,1,0.13480251860332,0,1,auto_captions,1,1,1,srt_dedup,1979,0,667,0.0000,1.000,0.390,0.000,en,native_en,1
7RhyG-CxMWc,product_reviews,UCR7AglUpi31kDepRGYiDerg,ok,false,,353,metadata,3439,54729,480,metadata,0,0,0,0,1280,720,0,0,1,1,1,20,20,1.0,1,0,1,0.09806418746816102,0,1,auto_captions,1,1,1,srt_dedup,3168,0,1072,0.0000,1.000,0.374,0.000,en,native_en,1
7T6OUyBaZbY,product_reviews,UCZ9l_6_f0PWRYXN5Y7Lcl2A,ok,true,,108,metadata,5,18176,1320000,metadata,0,0,0,0,1280,720,0,1,1,1,1,20,20,1.0,1,0,1,0.009205020920502096,0,1,auto_captions,1,1,1,srt_dedup,917,0,305,0.0000,1.000,0.407,0.007,en,native_en,1
7juA2INqvms,product_reviews,UCQPOq9ez1165wa_2ePRP4Ng,ok,false,,552,metadata,3120,7611,39,metadata,0,0,0,0,1280,720,0,0,1,1,1,20,20,1.0,1,0,1,0.036597966175430985,0,1,auto_captions,1,1,1,srt_dedup,3952,0,1326,0.0000,1.000,0.408,0.000,en,native_en,1
7wVH0LqNCWE,product_reviews,UCGyGNwzBxWDlQeYUUw-xNBg,ok,true,,47,metadata,9,137649,198000,metadata,0,0,0,0,1280,720,0,1,1,1,1,20,20,1.0,1,0,1,0.006966434452184929,0,1,auto_captions,1,1,1,srt_dedup,372,0,126,0.0000,1.000,0.312,0.016,id,translated_en,1
826L2i13SmM,product_reviews,UCaJ4Xyg98tfyqJuCGxS-Q6A,ok,true,,56,metadata,288,4418817,2340,metadata,0,0,0,0,1280,720,0,1,1,1,1,20,20,1.0,1,0,1,0.04105888708806052,0,1,auto_captions,1,1,1,srt_dedup,436,0,150,0.0000,1.000,0.387,0.000,en,native_en,1
8KJ-h6tmb1g,product_reviews,UCVwVPVCvysYx80ciloQN87Q,ok,true,,59,metadata,602,193836,371000,metadata,0,0,0,0,1280,720,0,1,1,1,1,20,20,1.0,1,0,1,0.0,0,1,auto_captions,1,1,1,srt_dedup,680,0,228,0.0000,1.000,0.351,0.000,en,native_en,1
8Kh_xM8NFtA,product_reviews,UChQ7iVFuCzZc-MCqv1DGI9A,ok,true,,57,metadata,2,1087,2750,metadata,0,0,0,0,1280,720,0,1,1,1,1,20,20,1.0,1,0,1,0.10221285563751323,0,1,auto_captions,1,1,1,srt_dedup,565,0,195,0.0000,1.000,0.441,0.000,en,native_en,1
8MtJye_iCTA,product_reviews,UCWpqMSNakuzfDYxtr9cJy8Q,ok,true,,49,metadata,1488,11499,20,metadata,0,0,1,0,1280,720,0,1,1,1,1,20,20,1.0,1,0,1,0.02123786407766991,0,1,auto_captions,1,1,1,srt_dedup,404,0,136,0.0000,1.000,0.368,0.000,en,native_en,1
8PBsHSSCbao,product_reviews,UCkEB2xkw1oibYUmRMkGM3Dw,ok,false,,271,metadata,3122,4653,2080,metadata,0,0,0,0,640,480,1,0,1,1,1,19,20,0.95,0,1,1,0.09732845582529658,0,1,auto_captions,1,1,1,srt_dedup,2115,0,711,0.0000,1.000,0.361,0.000,en,native_en,1
8ULFGmuS2_E,product_reviews,UCeEk6YzkEvUhNYAbJLkgSkw,ok,true,,15,metadata,1,1876,22600,metadata,0,0,0,1,1280,720,0,1,1,1,1,20,20,1.0,1,0,1,0.0,0,0,whisper,0,1,0,whisper,1,0,1,0.0000,1.000,0.000,0.000,km,sparse,0
8ZphHLmWW2M,product_reviews,UCwvPO6ad1M4wmrrNKGG0KkA,ok,true,,10,metadata,1,1349,49,metadata,0,0,0,1,1280,720,0,1,1,1,1,20,20,1.0,1,0,1,0.15773809523809532,0,1,auto_captions,1,1,1,srt_dedup,77,0,29,0.0000,1.000,0.414,0.000,hi,sparse,0
8eE6PPTt2II,product_reviews,UCo1j4Sz7ZmLnXtWwrlR2Mbg,ok,true,,39,metadata,1043,34028,105000,metadata,0,0,0,0,1280,720,0,1,1,1,1,20,20,1.0,1,0,1,0.0,0,0,whisper,0,1,0,whisper,183,0,183,0.0000,1.000,0.393,0.000,en,native_en,1
8iNXhvUtZ_0,product_reviews,UC9948EhADF96dkomIITQy6g,ok,false,,260,metadata,1017,732,489,metadata,0,0,0,0,640,480,1,0,1,1,1,19,20,0.95,0,1,1,0.0011522064754003918,0,1,auto_captions,1,1,1,srt_dedup,2311,0,771,0.0000,1.000,0.389,0.000,en,native_en,1
8mHXvIcxA2s,product_reviews,UCRFDA700fpWui8h8nh6qFGg,ok,false,,374,metadata,1938,2841,3050,metadata,0,0,0,0,1280,720,0,0,1,1,1,20,20,1.0,1,0,1,0.03391325262567148,0,1,auto_captions,1,1,1,srt_dedup,2363,0,803,0.0038,1.000,0.415,0.002,en,native_en,1
8pPCMjqI_uw,product_reviews,UCMb0O2CdPBNi-QqPk5T3gsQ,ok,false,,573,metadata,2803,678895,2550000,metadata,0,0,0,0,1280,720,0,0,1,1,1,20,20,1.0,1,0,1,0.07762365872808166,0,1,auto_captions,1,1,1,srt_dedup,5285,0,1765,0.0000,1.000,0.419,0.000,en,native_en,1
9CDlGNMdeCg,product_reviews,UCrSCtNTWld_QqS2N0x_t_wQ,ok,true,,57,metadata,1201,155724,2720000,metadata,0,0,1,0,1280,720,0,1,1,1,1,20,20,1.0,1,0,1,0.030015797788309647,0,1,auto_captions,1,1,1,srt_dedup,180,0,77,0.0000,1.000,0.273,0.000,en,native_en,1
9KLcH3j70-A,product_reviews,UCIWtMItWXxq9VAsbKMhYW2g,ok,false,,1110,metadata,2337,335562,3220,metadata,0,0,0,0,1280,720,0,0,1,1,1,20,20,1.0,1,0,1,0.08790050020278492,0,1,auto_captions,1,1,1,srt_dedup,6241,0,2099,0.0010,1.000,0.319,0.000,en,native_en,1
9RhIZWPBkks,product_reviews,UC_9QaNHZIt96eJMY8oH2v3w,ok,false,,680,metadata,1493,2192,2190,metadata,0,0,0,0,1280,720,0,0,1,1,1,20,20,1.0,1,0,1,0.023835797837122044,0,1,auto_captions,1,1,1,srt_dedup,5029,0,1733,0.0000,1.000,0.383,0.000,en,native_en,1
9fPjF6sZ3yA,product_reviews,UCQrEYENYvmy3QK-ERhqij1A,ok,false,,321,metadata,2,1784,5280,metadata,0,0,0,0,1280,720,0,0,1,1,1,20,20,1.0,1,0,1,0.00822276210054196,0,0,whisper,0,1,0,whisper,1,0,1,0.0000,1.000,0.000,0.000,en,sparse,0
9l1We0q9S2Q,product_reviews,UC5Ljde6CdKzkb0Yjy7rT6PA,ok,false,,1012,metadata,2659,23600,51800,metadata,0,0,0,0,1280,720,0,0,1,1,1,19,20,0.95,0,1,1,0.07105364609590466,0,1,auto_captions,1,1,1,srt_dedup,10101,0,3391,0.0009,1.000,0.327,0.000,en,native_en,1
9sCHdklCYbY,product_reviews,UCqYR1lw-8WRlvUJ4E6oJ8dA,ok,false,,1330,metadata,0,3383,34100,metadata,0,0,0,0,1280,720,0,0,1,1,1,20,20,1.0,1,0,1,0.0,0,1,auto_captions,1,1,1,srt_dedup,11062,0,4037,0.0010,1.000,0.385,0.000,mn,translated_en,1
AEJ8LNMseu4,product_reviews,UC3i8W1R_Ip6i6VmYKoSLBww,ok,false,,307,metadata,1915,1677,1280,metadata,0,0,0,0,640,480,1,0,1,1,1,19,20,0.95,0,1,1,0.026778733385457363,0,0,whisper,0,0,0,none,0,0,0,0.0000,0.000,0.000,0.000,en,missing,0
ALlujfga9BU,product_reviews,UCocFpRWiKDup0JmnMy4KjeA,ok,false,,590,metadata,2051,1993,1530,metadata,0,0,0,0,1280,720,0,0,1,1,1,14,20,0.7,0,1,1,0.07801454508467716,0,1,auto_captions,1,1,1,srt_dedup,3521,0,1211,0.0000,1.000,0.375,0.000,en,native_en,1
AQcs_q9twPs,product_reviews,UC7O14OAaytovxhIiKT3zOBA,ok,false,,983,metadata,566,538,1060,metadata,0,0,0,0,1280,720,0,0,1,1,1,20,20,1.0,1,0,1,0.07291253546477931,0,1,auto_captions,1,1,1,srt_dedup,7142,0,2396,0.0021,1.000,0.411,0.000,en,native_en,1
ASBINuwgE0s,product_reviews,UCjH_e4AWuRtDi3SeAdYG6OQ,ok,false,,1540,metadata,2118,1564,1800,metadata,0,0,0,0,1280,720,0,0,1,1,1,20,20,1.0,1,0,1,0.035354617527319485,0,1,auto_captions,1,1,1,srt_dedup,9207,0,3085,0.0003,1.000,0.429,0.000,en,native_en,1
ASPePQXe01Q,product_reviews,UCH8wOixkwD2K1PWIjoupk1g,ok,false,,1064,metadata,1004,12646,4500,metadata,0,0,0,0,1280,720,0,0,1,1,1,20,20,1.0,1,0,1,0.07704455724760284,0,1,auto_captions,1,1,1,srt_dedup,9950,0,3332,0.0000,1.000,0.397,0.000,en,native_en,1
AY_fAk5brUc,product_reviews,UCasr6iZBDikSQcmOcI7YZ3g,ok,false,,344,metadata,872,50456,65100,metadata,0,0,0,0,1280,720,0,0,1,1,1,20,20,1.0,1,0,1,0.014286958794320067,0,1,auto_captions,1,1,1,srt_dedup,3993,0,1335,0.0000,1.000,0.357,0.000,en,native_en,1
AgX1BgZ1TTM,product_reviews,UCPi5NjvJWXUlegEBRkgVxXA,ok,false,,466,metadata,1077,17026,4160,metadata,0,0,0,0,1280,720,0,0,1,1,1,20,20,1.0,1,0,1,0.010169273347493084,0,1,auto_captions,1,1,1,srt_dedup,5220,0,1746,0.0006,1.000,0.396,0.000,en,native_en,1
AjbDC6B-B5M,product_reviews,UCxwulZ5cE_svgNw7FoSIxsA,ok,false,,1272,metadata,1783,10954,694,metadata,0,0,0,0,1280,720,0,0,1,1,1,20,20,1.0,1,0,1,0.2718265669599679,0,1,auto_captions,1,1,1,srt_dedup,7706,0,2668,0.0008,1.000,0.370,0.000,en,native_en,1
BCTA9FwuRQk,product_reviews,UCTahSF7qw03oaevqTd5Hbfw,ok,false,,583,metadata,773,20678,8300,metadata,0,0,0,0,1280,720,0,0,1,1,1,20,20,1.0,1,0,1,0.026409266409266413,0,1,auto_captions,1,1,1,srt_dedup,3527,0,1178,0.0000,1.000,0.344,0.008,th,translated_en,1
BNHBqH2T9V0,product_reviews,UC-HsnHJregUqDLdLWS1GgMA,ok,false,,562,metadata,1895,226,2930,metadata,0,0,0,0,640,480,1,0,1,1,1,20,20,1.0,1,0,1,0.3252297499465696,0,1,auto_captions,1,1,1,srt_dedup,2861,0,1023,0.0000,1.000,0.354,0.000,en,native_en,1
BakI-vwnwMY,product_reviews,UCBwnkTTxkTwr9uB99pZR60g,ok,true,,27,metadata,2,44860,43700,metadata,0,0,0,0,1280,720,0,1,1,1,1,20,20,1.0,1,0,1,0.0,0,1,auto_captions,1,1,1,srt_dedup,275,0,93,0.0000,1.000,0.398,0.000,en,native_en,1
BeTqpvIlaj4,product_reviews,UCX2SjPs7DXt2VHPWKj9gTeg,ok,false,,224,metadata,1178,19803,20500,metadata,0,0,0,0,640,480,1,0,1,1,1,20,20,1.0,1,0,1,0.026206712127289755,0,1,auto_captions,1,1,1,srt_dedup,1757,0,595,0.0017,1.000,0.395,0.000,en,native_en,1
BewkhuqUZXg,product_reviews,UCN60vMB7bF9QusqMC4mXysg,ok,true,,60,metadata,777,37554223,7780000,metadata,0,0,0,0,1280,720,0,1,1,1,1,20,20,1.0,1,0,1,0.0,0,1,auto_captions,1,1,1,srt_dedup,678,0,232,0.0000,1.000,0.345,0.000,en,native_en,1
Bmv_K9OkooE,product_reviews,UCC-xHa1c-znRh6ls6UxHZOg,ok,true,,120,metadata,2,1830,125000,metadata,0,0,0,0,1280,720,0,1,1,1,1,20,20,1.0,1,0,1,0.09184184184184188,0,1,auto_captions,1,1,1,srt_dedup,576,0,212,0.0000,1.000,0.330,0.000,en,native_en,1
Bw8oB53Qgpc,product_reviews,UCPqJrvAmFs4k9U6_cLvwodg,ok,false,,746,metadata,16,691,3650,metadata,0,0,0,0,1280,720,0,0,1,1,1,20,20,1.0,1,0,1,0.06630456648561663,0,1,auto_captions,1,1,1,srt_dedup,5211,0,1750,0.0000,1.000,0.382,0.014,en,native_en,1
CBA180rpNgo,product_reviews,UC4Bc2U-JOZ2ZfvH1gcjZ_Hw,ok,true,,58,metadata,1919,78894,1450,metadata,0,0,0,0,1280,720,0,1,1,1,1,20,20,1.0,1,0,1,0.10296411856474265,0,1,auto_captions,1,1,1,srt_dedup,447,0,153,0.0000,1.000,0.346,0.000,en,native_en,1
D-TvHupeG6Y,product_reviews,UCRFY_60n3fvp8wVHYqQI4gw,ok,false,,510,metadata,2889,11147,325,metadata,0,0,0,0,1280,720,0,0,1,1,1,20,20,1.0,1,0,1,0.06526724289998241,0,1,auto_captions,1,1,1,srt_dedup,4154,0,1388,0.0000,1.000,0.384,0.000,en,native_en,1
D3-d3RWnMes,product_reviews,UCpezCSL_alOva5WKM1MXH2Q,ok,true,,20,metadata,318,7386,5690,metadata,0,0,0,0,1280,720,0,1,1,1,1,20,20,1.0,1,0,1,0.0,0,0,whisper,0,1,0,whisper,6,0,6,0.0000,1.000,0.333,0.000,en,sparse,0
DOtRmsn7ttg,product_reviews,UCIsxwBPrm_-Sre9ayQLuPZA,ok,false,,321,metadata,280,1456,10500,metadata,0,0,0,0,1280,720,0,0,1,1,1,20,20,1.0,1,0,1,0.0,0,1,auto_captions,1,1,1,srt_dedup,2177,0,741,0.0000,1.000,0.358,0.000,fil,translated_en,1
Dw7fETl0uXU,product_reviews,UC4kxQNwADATzfy3ppFAdQeg,ok,false,,108,metadata,341,3262,677,metadata,0,0,0,0,640,480,1,0,1,1,1,17,20,0.85,0,1,1,0.004980630879911458,0,1,auto_captions,1,1,1,srt_dedup,895,0,296,0.0000,1.000,0.267,0.000,en,native_en,1
DxOAKTIWtos,product_reviews,UCjLcLrS6BkQ3atWlx-OBqaw,ok,true,,18,metadata,832,1266070,1810,metadata,0,0,0,0,1280,720,0,1,1,1,1,20,20,1.0,1,0,1,0.10291595197255583,0,1,auto_captions,1,1,1,srt_dedup,146,0,54,0.0000,1.000,0.426,0.000,en,native_en,1
E3gLGfM2IPM,product_reviews,UC44dceft1XwuPE2aB1GeHQQ,ok,false,,237,metadata,1680,4336,786,metadata,0,0,0,0,1280,720,0,0,1,1,1,20,20,1.0,1,0,1,0.01862645717181957,0,1,auto_captions,1,1,1,srt_dedup,614,0,244,0.0000,1.000,0.373,0.071,en,native_en,1
EEaJDQKBSLo,product_reviews,UCu1-OoC--h5pO2HOM-n-j9Q,ok,false,,402,metadata,1584,655,118,metadata,0,0,0,0,1280,720,0,0,1,1,1,20,20,1.0,1,0,1,0.03644238667761931,0,1,auto_captions,1,1,1,srt_dedup,3227,0,1091,0.0000,1.000,0.367,0.000,en,native_en,1
ERq0zGQUoAU,product_reviews,UCvrPKsGBm_Yngb7c8-kGTww,ok,true,,180,metadata,6,859,12600,metadata,0,0,0,0,1280,720,0,1,1,1,1,20,20,1.0,1,0,1,0.0,0,1,auto_captions,1,1,1,srt_dedup,1702,0,570,0.0000,1.000,0.447,0.005,en,native_en,1
EYFQ9bzNTbA,product_reviews,UCeSulYoTDrnj19I47ubV9Eg,ok,false,,605,metadata,2100,7678,5670,metadata,0,0,0,0,1280,720,0,0,1,1,1,20,20,1.0,1,0,1,0.04356887653830888,0,1,auto_captions,1,1,1,srt_dedup,4600,0,1578,0.0013,1.000,0.371,0.000,en,native_en,1
EZTUmxuev-c,product_reviews,UCy5sRrkaMwDPKKCQEIXYKyA,ok,false,,938,metadata,1854,17707,3900,metadata,0,0,0,0,1280,720,0,0,1,1,1,20,20,1.0,1,0,1,0.17810410468055154,0,1,auto_captions,1,1,1,srt_dedup,2309,0,860,0.0012,1.000,0.341,0.000,en,native_en,1
Ehc6fxkzfzw,product_reviews,UCoavSThQx_jXS2FPfMDy-3A,ok,false,,80,metadata,1890,26251,1240,metadata,0,0,1,1,1280,720,0,0,1,1,1,20,20,1.0,1,0,1,0.0,0,1,auto_captions,1,1,1,srt_dedup,830,0,279,0.0110,1.000,0.398,0.000,en,native_en,1
EhyTi2wZuls,product_reviews,UC1l2QC5kSYvKixFgC9UAZZg,ok,true,,20,metadata,598,8792,1720,metadata,0,0,0,0,1280,720,0,1,1,1,1,20,20,1.0,1,0,1,0.0,0,1,auto_captions,1,1,1,srt_dedup,62,0,27,0.0000,1.000,0.481,0.036,en,sparse,0
EnNf4MuEgWQ,product_reviews,UCzJXoJOouamsLr_WbPvuDTw,ok,false,,481,metadata,1722,5414,1120,metadata,0,0,0,0,640,480,1,0,1,1,1,20,20,1.0,1,0,1,0.07316311879642923,0,1,auto_captions,1,1,1,srt_dedup,3843,0,1307,0.0000,1.000,0.379,0.000,en,native_en,1
EuIGcdeKNf8,product_reviews,UCmvR10qJ6qxT0ZyN1ZfsvKw,ok,true,,36,metadata,357,31107,2760,metadata,0,0,0,0,1280,720,0,1,1,1,1,20,20,1.0,1,0,1,0.0,0,1,auto_captions,1,1,1,srt_dedup,326,0,114,0.0000,1.000,0.377,0.000,en,native_en,1
FTQHepbiq9c,product_reviews,UCpezCSL_alOva5WKM1MXH2Q,ok,true,,15,metadata,565,2009,5690,metadata,0,0,0,1,1280,720,0,1,1,1,1,20,20,1.0,1,0,1,0.05988023952095811,0,1,auto_captions,1,1,1,srt_dedup,123,0,43,0.0000,1.000,0.256,0.000,en,sparse,0
F_loMX8aLSU,product_reviews,UCaNX27XVe8LFOsZyRxj0Ynw,ok,true,,66,metadata,3,236,105000,metadata,0,0,0,1,1280,720,0,1,1,1,1,20,20,1.0,1,0,1,0.0,0,1,auto_captions,1,1,1,srt_dedup,641,0,216,0.0000,1.000,0.386,0.000,hi,translated_en,1
FsRRzOcAfwA,product_reviews,UCWBWgCD4oAqT3hUeq40SCUw,ok,false,,1443,metadata,533,1786068,11900000,metadata,0,0,0,0,1280,720,0,0,1,1,1,20,20,1.0,1,0,1,0.009394159825418271,0,1,auto_captions,1,1,1,srt_dedup,16910,0,5640,0.0083,1.000,0.378,0.000,en,native_en,1
G8WQ8124DCg,product_reviews,UCVv2mRaoe9t01IPaqbOXD0w,ok,true,,41,metadata,622,119624,67900,metadata,0,0,0,0,1280,720,0,1,1,1,1,20,20,1.0,1,0,1,0.0,0,1,auto_captions,1,1,1,srt_dedup,316,0,105,0.0000,1.000,0.352,0.000,en,native_en,1
GJF18aOvDnw,product_reviews,UCYgke9pwfK2bIYTbjbnaaDQ,ok,true,,67,metadata,1,3299,139000,metadata,0,0,0,0,1280,720,0,1,1,1,1,20,20,1.0,1,0,1,0.007184553210597219,0,1,auto_captions,1,1,1,srt_dedup,699,0,237,0.0000,1.000,0.379,0.000,de,translated_en,1
GPgykbO08e8,product_reviews,UCqxCciclYHctXy57HG4ixlQ,ok,false,,551,metadata,957,5071,14600,metadata,0,0,1,1,640,480,1,0,1,1,1,20,20,1.0,1,0,1,0.04448437329848636,0,1,auto_captions,1,1,1,srt_dedup,1607,0,596,0.0000,1.000,0.245,0.000,en,native_en,1
GUku5D4gVjc,product_reviews,UCJ6PGn4AIM3bLxFmkIEOJvg,ok,false,,268,metadata,2230,21994,55700,metadata,0,0,0,0,1280,720,0,0,1,1,1,20,20,1.0,1,0,1,0.1170534813319879,0,1,auto_captions,1,1,1,srt_dedup,1455,0,496,0.0000,0.999,0.387,0.000,en,native_en,1
GgaF9IJK7zk,product_reviews,UCGgm1kDsSIU2QGTHS85b0Zg,ok,false,,314,metadata,407,11215,266000,metadata,0,0,0,0,1280,720,0,0,1,1,1,20,20,1.0,1,0,1,0.015174651651078456,0,1,auto_captions,1,1,1,srt_dedup,3106,0,1038,0.0000,1.000,0.334,0.000,en,native_en,1
GhSFn21Gemk,product_reviews,UC2x9EgM7KddBl6Cb4GcMj2Q,ok,false,,295,metadata,992,7200,12000,metadata,0,0,0,0,1280,720,0,0,1,1,1,20,20,1.0,1,0,1,0.026013616502387978,0,1,auto_captions,1,1,1,srt_dedup,2138,0,724,0.0000,1.000,0.380,0.000,en,native_en,1
HD-u3S3slyM,product_reviews,UCgRj__sfeSKuk90qHxqxqrw,ok,false,,476,metadata,838,5814,9750,metadata,0,0,0,0,1280,720,0,0,1,1,1,20,20,1.0,1,0,1,0.05562905562905566,0,1,auto_captions,1,1,1,srt_dedup,4746,0,1587,0.0000,1.000,0.403,0.000,en,native_en,1
HT1F-K3GpKU,product_reviews,UC4ewfQkC_hap8pOIeDcVxNQ,ok,false,,347,metadata,3,15309,107000,metadata,0,0,0,0,1280,720,0,0,1,1,1,20,20,1.0,1,0,1,0.06963065478764816,0,1,auto_captions,1,1,1,srt_dedup,2274,0,761,0.0080,1.000,0.352,0.029,pt,translated_en,1
HTjnklQeFp0,product_reviews,UC1r4Uh8NOooIsxVIBk2G-5Q,ok,true,,21,metadata,7,1689,4110,metadata,0,0,1,0,1280,720,0,1,1,1,1,20,20,1.0,1,0,1,0.0,0,1,whisper,1,1,1,srt_dedup,28,0,11,0.0000,1.000,0.000,0.000,ta,sparse,0
HUJDnW5HWx4,product_reviews,UCegkf8sk7l2UkPum5Vs1W4w,ok,true,,35,metadata,722,381647,520000,metadata,0,0,0,0,1280,720,0,1,1,1,1,20,20,1.0,1,0,1,0.0,0,1,whisper,1,1,0,whisper,52,0,52,0.0000,1.000,0.269,0.000,en,native_en,1
HYbDcOBTQ0s,product_reviews,UCXwHvVwZ58ZDx8qyV5sbqow,ok,false,,1602,metadata,2,9918,191000,metadata,0,0,0,0,1280,720,0,0,1,1,1,16,20,0.8,0,1,1,0.31730517170355343,0,1,auto_captions,1,1,1,srt_dedup,6818,0,2345,0.0030,1.000,0.361,0.002,en,native_en,1
HgTnp-fvj3c,product_reviews,UC1vXBMqqxGUr3dvM2cXiHLg,ok,false,,379,metadata,2625,51751,110000,metadata,0,0,0,0,1280,720,0,0,1,1,1,20,20,1.0,1,0,1,0.056149520867981376,0,1,auto_captions,1,1,1,srt_dedup,2714,0,924,0.0065,1.000,0.419,0.000,en,native_en,1
HlthXTj-Uto,product_reviews,UCONvqjEAJQ7_As2OBW5VcYw,ok,false,,1021,metadata,1662,11516,326,metadata,0,0,0,0,1280,720,0,0,1,1,1,20,20,1.0,1,0,1,0.16909106938199772,0,1,auto_captions,1,1,1,srt_dedup,6215,0,2165,0.0005,1.000,0.391,0.000,en,native_en,1
HtbFoXJs0Xc,product_reviews,UCVv2mRaoe9t01IPaqbOXD0w,ok,true,,53,metadata,596,19523846,67900,metadata,0,0,0,0,1280,720,0,1,1,1,1,20,20,1.0,1,0,1,0.02661381653454135,0,1,auto_captions,1,1,1,srt_dedup,530,0,178,0.0000,1.000,0.348,0.000,en,native_en,1
I7VxQiiBzng,product_reviews,UCUhzn2mmdm0znDdtDQ_E97Q,ok,true,,42,metadata,2,992,1270,metadata,0,0,0,0,480,360,1,1,1,1,1,20,20,1.0,1,0,1,0.0848656294200849,0,1,auto_captions,1,1,1,srt_dedup,552,0,188,0.0000,1.000,0.346,0.000,en,native_en,1
IBf2dGzM_ig,product_reviews,UC69NS87h7oEEIlhYzmhi4JQ,ok,true,,24,metadata,761,120479,122000,metadata,0,0,0,0,1280,720,0,1,1,1,1,20,20,1.0,1,0,1,0.027672955974842782,0,1,auto_captions,1,1,1,srt_dedup,220,0,78,0.0000,1.000,0.474,0.000,en,native_en,1
ID10ZTXhFU4,product_reviews,UCUvw__zQnaI_pcvMy2O0v6g,ok,true,,66,metadata,306,33041665,5300000,metadata,0,0,0,0,1280,720,0,1,1,1,1,20,20,1.0,1,0,1,0.0,0,1,auto_captions,1,1,1,srt_dedup,608,0,202,0.0000,1.000,0.307,0.000,en,native_en,1
IGtlBRibnFE,product_reviews,UCl90rgsYqIKsVHDJLHqKp_Q,ok,true,,57,metadata,1252,631901,2690000,metadata,0,0,0,0,1280,720,0,1,1,1,1,20,20,1.0,1,0,1,0.0,0,1,auto_captions,1,1,1,srt_dedup,295,0,105,0.0000,1.000,0.362,0.000,hi,translated_en,1
IQj8vz6LP9s,product_reviews,UCw7pbdR1hS9nIWBLlC5UBSA,ok,false,,38,metadata,1525,3967,13500,metadata,0,0,0,0,1280,720,0,0,1,1,1,20,20,1.0,1,0,1,0.0,0,1,auto_captions,1,1,1,srt_dedup,282,0,98,0.0000,1.000,0.296,0.000,en,native_en,1
I_cXoZbGoBs,product_reviews,UCE2qGvyO9GHmJ_3Y0xf5zkg,ok,false,,1306,metadata,2,860,2670,metadata,0,0,0,0,1280,720,0,0,1,1,1,20,20,1.0,1,0,1,0.13745088577927891,0,1,auto_captions,1,1,1,srt_dedup,4444,0,1531,0.0033,1.000,0.365,0.001,en,native_en,1
IlVJximaSqc,product_reviews,UC3t2uvGtK5JEsCwg3l2TqSQ,ok,false,,613,metadata,2145,1922,704,metadata,0,0,0,0,1280,720,0,0,0,1,0,20,20,1.0,1,1,1,0.08656526629823448,0,1,auto_captions,1,1,1,srt_dedup,4774,0,1599,0.0000,1.000,0.381,0.000,en,native_en,1
JMacmtvFXbc,product_reviews,UCNkWlqhhogm-AajwHYkXgHw,ok,false,,180,metadata,2580,10972,21400,metadata,0,0,0,0,1280,720,0,0,1,1,1,18,20,0.9,0,1,1,0.0059920106524633835,0,1,auto_captions,1,1,1,srt_dedup,1566,0,524,0.0000,1.000,0.351,0.000,en,native_en,1
Jd28jQ8aZwA,product_reviews,UC5KF8qRDqLBTGLUaAcbNRRw,ok,false,,275,metadata,4796,13888,21100,metadata,0,0,0,0,1280,720,0,0,1,1,1,20,20,1.0,1,0,1,0.0858139788463635,0,1,auto_captions,1,1,1,srt_dedup,2832,0,954,0.0000,1.000,0.352,0.000,en,native_en,1
JdXPQXXSFSw,product_reviews,UCAMb3mj7Kz6Bon_WdZNUykw,ok,true,,45,metadata,480,14081,141000,metadata,0,0,0,0,1280,720,0,1,1,1,1,20,20,1.0,1,0,1,0.0,0,1,whisper,1,1,1,srt_dedup,22,0,3,0.0000,1.000,0.000,0.000,en,sparse,0
JiFpwFG6P6c,product_reviews,UC_JRfMM23d20VtM2_I354kQ,ok,true,,21,metadata,705,192357,326,metadata,0,0,0,0,1280,720,0,1,1,1,1,20,20,1.0,1,0,1,0.0,0,1,auto_captions,1,1,1,srt_dedup,112,0,42,0.0000,1.000,0.262,0.000,hi,sparse,0
Jnxg4rxp7xM,product_reviews,UC4kxQNwADATzfy3ppFAdQeg,ok,false,,114,metadata,335,1369,677,metadata,0,0,0,1,640,480,1,0,1,1,1,20,20,1.0,1,0,1,0.002904673884341168,0,1,auto_captions,1,1,1,srt_dedup,973,0,320,0.0000,1.000,0.328,0.000,en,native_en,1
JpLxrojhEgg,product_reviews,UC85SrUH7G03arYvbSg7v-Sg,ok,true,,55,metadata,358,16026,793,metadata,0,0,0,0,1280,720,0,1,1,1,1,20,20,1.0,1,0,1,0.09180868609125888,0,1,auto_captions,1,1,1,srt_dedup,420,0,140,0.0000,1.000,0.321,0.000,en,native_en,1
KL_p70RtzVI,product_reviews,UCq_Fr4KhREi_1e7zZnqLrAw,ok,false,,2719,metadata,341,26257,22500,metadata,0,0,0,0,1280,720,0,0,1,1,1,20,20,1.0,1,0,1,0.11774375041369728,0,1,auto_captions,1,1,1,srt_dedup,21058,0,7107,0.0010,1.000,0.372,0.000,en,native_en,1
KtoFAXAtT_s,product_reviews,UCJWoZh3WS_ayQ2bpn7IrJaA,ok,false,,397,metadata,4281,3614,5490,metadata,0,0,0,0,1280,720,0,0,1,1,1,20,20,1.0,1,0,1,0.1095486504876389,0,1,auto_captions,1,1,1,srt_dedup,2729,0,928,0.0000,1.000,0.387,0.000,en,native_en,1
KwENEk-0YuI,product_reviews,UCgptSaRLvd1QH0SURdQNYgg,ok,false,,750,metadata,3782,3120,180000,metadata,0,0,0,0,960,720,1,0,1,1,1,20,20,1.0,1,0,1,0.14808292643880572,0,1,auto_captions,1,1,1,srt_dedup,6129,0,2059,0.0019,1.000,0.353,0.000,en,native_en,1
L3KRFJ4K1KM,product_reviews,UCJ6PGn4AIM3bLxFmkIEOJvg,ok,false,,358,metadata,2124,30863,55700,metadata,0,0,0,0,1280,720,0,0,1,1,1,15,20,0.75,0,1,1,0.08169770172789802,0,1,auto_captions,1,1,1,srt_dedup,2349,0,791,0.0000,1.000,0.367,0.000,en,native_en,1
LXN-h20Wz3w,product_reviews,UCFNrB9pidWDpzzIdtLwCN2w,ok,false,,485,metadata,1427,6949,158000,metadata,0,0,0,0,1280,720,0,0,1,1,1,20,20,1.0,1,0,1,0.012494587740458965,0,1,auto_captions,1,1,1,srt_dedup,3566,0,1232,0.0008,1.000,0.342,0.000,en,native_en,1
MC4QCJdOGCs,product_reviews,UCc_Og7yps28dQ_n_4K-g-QQ,ok,false,,346,metadata,489,1957,303000,metadata,0,0,0,0,1280,720,0,0,1,1,1,20,20,1.0,1,0,1,0.027503036612875245,0,1,auto_captions,1,1,1,srt_dedup,2008,0,705,0.0000,1.000,0.409,0.000,en,native_en,1
MUfAq0Q6Rnw,product_reviews,UCqz2NhwIhaymhhuIAqDx7Dw,ok,false,,385,metadata,2215,2299,1010,metadata,0,0,0,0,640,480,1,0,1,1,1,20,20,1.0,1,0,1,0.014026338346450562,0,1,auto_captions,1,1,1,srt_dedup,2406,0,822,0.0037,1.000,0.377,0.000,en,native_en,1
MZM31jp3umA,product_reviews,UCrtla82qXb-NnRLvxxpjsfA,ok,false,,211,metadata,3428,23255,129,metadata,0,0,0,0,1280,720,0,0,1,1,1,20,20,1.0,1,0,1,0.115542938254081,0,1,auto_captions,1,1,1,srt_dedup,1422,0,480,0.0000,1.000,0.329,0.000,en,native_en,1
Mi95_070CcI,product_reviews,UCJCyiVAZsq9NO-3NVSjpcZA,ok,false,,184,metadata,1468,8974,1070,metadata,0,0,0,0,1280,720,0,0,1,1,1,20,20,1.0,1,0,1,0.002614806340905378,0,1,auto_captions,1,1,1,srt_dedup,593,0,231,0.0000,1.000,0.359,0.000,en,native_en,1
MjI-Fk4QQ-Y,product_reviews,UC08soqGoOxQwFDYznFUSXMg,ok,true,,83,metadata,1,7845,139000,metadata,0,0,0,0,1280,720,0,1,1,1,1,20,20,1.0,1,0,1,0.0036127167630057807,0,1,auto_captions,1,1,1,srt_dedup,729,0,249,0.0000,1.000,0.369,0.000,id,translated_en,1
Ms1mZnuuGV4,product_reviews,UCmgEdJH0Yu9SoIPWjdynYcQ,ok,false,,147,metadata,2,6,1220,metadata,0,0,0,1,1280,720,0,0,1,1,1,20,20,1.0,1,0,1,0.06771364470732208,0,1,auto_captions,1,1,1,srt_dedup,1308,0,438,0.0000,1.000,0.498,0.000,hi,translated_en,1
N8hdE1EVfjk,product_reviews,UCsw1aFObVLwvDsPGpB3dzPw,ok,true,,29,metadata,788,315274,130000,metadata,0,0,0,0,1280,720,0,1,1,1,1,20,20,1.0,1,0,1,0.0,0,1,whisper,1,1,1,srt_dedup,33,0,1,0.0000,1.000,0.000,0.000,en,sparse,0
NGBXHpJ1HI0,product_reviews,UCfW8_RfI-T0p2bvJLMY1K2Q,ok,false,,228,metadata,26,33,2260,metadata,0,0,0,0,640,480,1,0,1,1,1,20,20,1.0,1,0,1,0.15526558587056807,0,1,auto_captions,1,1,1,srt_dedup,1607,0,550,0.0000,1.000,0.474,0.000,en,native_en,1
NQKpWc3kX3w,product_reviews,UCnA06QMVjd0uBggivHqfrTA,ok,true,,34,metadata,2,68193,90300,metadata,0,0,0,0,1280,720,0,1,1,1,1,20,20,1.0,1,0,1,0.0,0,1,whisper,1,1,1,srt_dedup,16,0,9,0.0000,1.000,0.000,0.000,ta,sparse,0
NTD5nW_5wFU,product_reviews,UCzs8I3yWFmbRJEnvdjPpthA,ok,true,,13,metadata,1,14526,16800,metadata,0,0,0,1,1280,720,0,1,1,1,1,20,20,1.0,1,0,1,0.04241071428571431,0,1,whisper,1,1,1,srt_dedup,11,0,5,0.0000,1.000,0.200,0.000,en,sparse,0
NVcvN1lCTxQ,product_reviews,UCDglAt_VRXRbooUrXe0Empw,ok,false,,1366,metadata,2072,6959,2820,metadata,0,0,0,0,1280,720,0,0,1,1,1,20,20,1.0,1,0,1,0.05620567765165652,0,1,auto_captions,1,1,1,srt_dedup,9723,0,3317,0.0030,1.000,0.397,0.000,en,native_en,1
NeBsQaq7m8k,product_reviews,UCC9ZMZ2ZYf27ALnODZaUmcQ,ok,false,,695,metadata,4010,154137,428000,metadata,0,0,0,0,1280,720,0,0,1,1,1,20,20,1.0,1,0,1,0.010361352156456421,0,1,auto_captions,1,1,1,srt_dedup,6105,0,2052,0.0015,1.000,0.365,0.001,en,native_en,1
NffJNKtNlC4,product_reviews,UCbYpEeYd9_2pYH6buMgzX_w,ok,true,,10,metadata,1310,21867081,42900,metadata,0,0,0,0,1280,720,0,1,1,1,1,20,20,1.0,1,0,1,0.0,0,1,auto_captions,1,1,1,srt_dedup,101,0,37,0.0000,1.000,0.351,0.000,en,sparse,0
NgfOHTylQxM,product_reviews,UCq7RmRDykQxy4wBFRJQy7rg,ok,false,,347,metadata,2290,1958,255,metadata,0,0,0,0,1280,720,0,0,1,1,1,20,20,1.0,1,0,1,0.11752488100389444,0,1,auto_captions,1,1,1,srt_dedup,2769,0,927,0.0000,1.000,0.387,0.000,en,native_en,1
NlNH8R9ObkI,product_reviews,UCtaO6uTbEGTZD8FLC7MTySg,ok,false,,1098,metadata,1657,2961,2190,metadata,0,0,0,0,1280,720,0,0,1,1,1,20,20,1.0,1,0,1,0.011533521003580316,0,0,whisper,0,1,0,whisper,1101,0,1101,0.1124,1.000,0.446,0.000,en,native_en,1
NpWTdpNhgLY,product_reviews,UC76t4iwx93ewC_FknwaNMSw,ok,false,,186,metadata,2927,10614,17000,metadata,0,0,0,0,1280,720,0,0,1,1,1,18,20,0.9,0,1,1,0.021441238110591652,0,0,whisper,0,1,0,whisper,3,0,3,0.0000,1.000,1.000,0.000,en,sparse,0
NszRMQZ30nU,product_reviews,UCUBIoaYtssJMnp5WiN9WF-g,ok,true,,60,metadata,1239,437367,570000,metadata,0,0,0,0,1280,720,0,1,1,1,1,20,20,1.0,1,0,1,0.0,0,1,auto_captions,1,1,1,srt_dedup,599,0,201,0.0000,1.000,0.448,0.000,en,native_en,1
NwjcyebUgts,product_reviews,UCWPxKQ9Uj0UT0XFwXBxqtcQ,ok,false,,129,metadata,2015,9557,1830,metadata,0,0,0,0,1280,720,0,0,1,1,1,20,20,1.0,1,0,1,0.06419466975666284,0,1,auto_captions,1,1,1,srt_dedup,1116,0,376,0.0000,1.000,0.380,0.000,en,native_en,1
O4XR9D-lomw,product_reviews,UCaW0Rv3F6dkX4X3UZiDIYcg,ok,false,,301,metadata,543,12606,7890,metadata,0,0,0,0,1280,720,0,0,1,1,1,20,20,1.0,1,0,1,0.0,0,1,auto_captions,1,1,1,srt_dedup,2586,0,886,0.0000,1.000,0.377,0.000,en,native_en,1
O8NqHt6SIUA,product_reviews,UCJBicC4GfZp7iq7JSEWmW-Q,ok,false,,319,metadata,1915,5605,2740,metadata,0,0,0,0,640,480,1,0,1,1,1,20,20,1.0,1,0,1,0.05954844778927569,0,0,whisper,0,1,0,whisper,514,0,514,0.0769,1.000,0.358,0.000,fil,whisper_on_non_english,0
OapKtCx-e_k,product_reviews,UCp-UJCv7ACFtbpEEJx6E-Fw,ok,false,,1669,metadata,2805,16179,30000,metadata,0,0,0,0,1280,720,0,0,1,1,1,20,20,1.0,1,0,1,0.021666037362676877,0,0,whisper,0,1,0,whisper,4976,0,4976,0.0012,1.000,0.389,0.000,en,native_en,1
PAhbNy3NIAM,product_reviews,UCb51IjO0ZVyiQkn8p9EGQvg,ok,true,,30,metadata,898,1184614,3180,metadata,0,0,0,0,1280,720,0,1,1,1,1,20,20,1.0,1,0,1,0.21089108910891105,0,1,auto_captions,1,1,1,srt_dedup,70,0,28,0.0000,1.000,0.036,0.000,en,sparse,0
PWDllzSZU-w,product_reviews,UCBbgwAMtEOu_8GzdG3qr1Eg,ok,false,,1530,metadata,5,1045,78000,metadata,0,0,0,0,1280,720,0,0,1,1,1,20,20,1.0,1,0,1,0.04051218699139165,0,1,auto_captions,1,1,1,srt_dedup,12464,0,4179,0.0002,1.000,0.408,0.001,en,native_en,1
P_iSmFeizDE,product_reviews,UCmJbw8OlRhzAXPjfVHXGndg,ok,true,,60,metadata,637,35781014,58200,metadata,0,0,0,0,1280,720,0,1,1,1,1,19,20,0.95,0,1,1,0.0050175614651279486,0,1,auto_captions,1,1,1,srt_dedup,258,0,92,0.0000,1.000,0.304,0.000,en,native_en,1
Pn-wwHCh_s4,product_reviews,UCawPRIWUpGJWx-8M5BEKcFw,ok,true,,111,metadata,0,6836,266000,metadata,0,0,0,0,1280,720,0,1,1,1,1,20,20,1.0,1,0,1,0.0,0,1,auto_captions,1,1,1,srt_dedup,1276,0,428,0.0000,1.000,0.353,0.000,en,native_en,1
Pnko_hQAhxA,product_reviews,UC9M2CLZrrgOk2vQ2vNm74mw,ok,false,,1393,metadata,29,755,2840,metadata,0,0,0,0,1280,720,0,0,1,1,1,20,20,1.0,1,0,1,0.15275953401236045,0,1,auto_captions,1,1,1,srt_dedup,11565,0,3889,0.0003,1.000,0.394,0.000,en,native_en,1
Puefs1URTr4,product_reviews,UC5B48w0JJKBM-exfVPLrsVA,ok,true,,22,metadata,4,7372,194000,metadata,0,0,0,1,1280,720,0,1,1,1,1,20,20,1.0,1,0,1,0.0,0,1,auto_captions,1,1,1,srt_dedup,196,0,84,0.0000,1.000,0.398,0.000,en,native_en,1
QPtmbkm2RbU,product_reviews,UC8Z5IT-TLD8IYc0XbDFngCA,ok,true,,50,metadata,2,1031,4440,metadata,0,0,0,0,1280,720,0,1,1,1,1,20,20,1.0,1,0,1,0.0,0,1,whisper,1,1,1,srt_dedup,5,0,4,0.0000,1.000,0.000,0.000,en,sparse,0
QW74P3S_TLQ,product_reviews,UCr_x0UYraoTvdxluULKMnig,ok,true,,4,metadata,4,6620621,14600,metadata,0,0,0,0,1280,720,0,1,1,1,1,20,20,1.0,1,0,1,0.0,0,1,whisper,1,1,1,srt_dedup,4,0,1,0.0000,1.000,0.000,0.000,en,sparse,0
QWCnM2V4GX0,product_reviews,UCnAhUTYo7A4FPVuYqX0QyhQ,ok,false,,600,metadata,3588,3150,2140,metadata,0,0,0,1,1280,720,0,0,1,1,1,20,20,1.0,1,0,1,0.03317156151498475,0,1,auto_captions,1,1,1,srt_dedup,6082,0,2030,0.0000,1.000,0.373,0.000,en,native_en,1
QehOKD42L-E,product_reviews,UCX2SjPs7DXt2VHPWKj9gTeg,ok,true,,50,metadata,412,551575,20500,metadata,0,0,0,0,1280,720,0,1,1,1,1,20,20,1.0,1,0,1,0.0,0,1,auto_captions,1,1,1,srt_dedup,464,0,158,0.0000,1.000,0.399,0.000,en,native_en,1
QsR8-D0fDRY,product_reviews,UCCzVXskh3-pGFQffCPooeQw,ok,false,,1961,metadata,944,27807,359000,metadata,0,0,0,0,1280,720,0,0,1,1,1,6,20,0.3,0,1,1,0.04497819934215555,0,1,auto_captions,1,1,1,srt_dedup,19286,0,6432,0.0000,1.000,0.366,0.000,en,native_en,1
Qvbexlsj4jY,product_reviews,UC2x9EgM7KddBl6Cb4GcMj2Q,ok,false,,237,metadata,1008,60988,12000,metadata,0,0,0,0,1280,720,0,0,1,1,1,20,20,1.0,1,0,1,0.045764854614412154,0,1,auto_captions,1,1,1,srt_dedup,1892,0,637,0.0048,1.000,0.410,0.000,en,native_en,1
R1DL9r-AcxI,product_reviews,UCUyH3IeYDkTq6GeeEuIyG_Q,ok,true,,13,metadata,0,15275,28100,metadata,0,0,0,0,1280,720,0,1,1,1,1,20,20,1.0,1,0,1,0.0,0,0,whisper,0,1,0,whisper,3,0,3,0.0000,1.000,0.333,0.000,bn,sparse,0
R64JEmdqMr4,product_reviews,UCRYBWT47PPfGI2kokWf16Tw,ok,true,,60,metadata,702,5856449,9590,metadata,0,0,0,0,1280,720,0,1,1,1,1,20,20,1.0,1,0,1,0.09535822401614534,0,1,auto_captions,1,1,1,srt_dedup,534,0,184,0.0000,1.000,0.457,0.000,en,native_en,1
RHN0Czk3V4o,product_reviews,UCRlGUDDoOHWXhDxFvxdgIjQ,ok,false,,337,metadata,2915,25663,193,metadata,0,0,0,0,640,480,1,0,1,1,1,20,20,1.0,1,0,1,0.15294117647058827,0,0,whisper,0,1,0,whisper,820,0,820,0.0000,1.000,0.346,0.000,en,native_en,1
RMEEKF1yMeE,product_reviews,UCJRIVVroqCe6JsZdN49O2xA,ok,false,,912,metadata,2910,6941,2430,metadata,0,0,0,0,640,480,1,0,1,1,1,20,20,1.0,1,0,1,0.01994142617394453,0,1,auto_captions,1,1,1,srt_dedup,8377,0,2795,0.0004,1.000,0.388,0.000,en,native_en,1
RN4WjYOrS4M,product_reviews,UCjR5r6WwXcPKK0xVldNT5_g,ok,false,,850,metadata,1769,37823,11900,metadata,0,0,0,0,1280,720,0,0,1,1,1,20,20,1.0,1,0,1,0.051165254237288155,0,1,auto_captions,1,1,1,srt_dedup,8914,0,2979,0.0000,1.000,0.369,0.000,en,native_en,1
RRO-1rVJg8s,product_reviews,UCaCKcYXB9AsZr50FqbFov_Q,ok,true,,65,metadata,348,19782,1000,metadata,0,0,0,0,1280,720,0,1,1,1,1,20,20,1.0,1,0,1,0.012933025404157047,0,1,auto_captions,1,1,1,srt_dedup,573,0,199,0.0000,1.000,0.397,0.000,en,native_en,1
RW-bT7fmNik,product_reviews,UCHZsBEfUnoCH-_gWnDmBvEQ,ok,true,,59,metadata,1962,19122,414,metadata,0,0,0,0,1280,720,0,1,1,1,1,20,20,1.0,1,0,1,0.02290076335877863,0,1,auto_captions,1,1,1,srt_dedup,364,0,126,0.0000,1.000,0.286,0.000,en,native_en,1
RhFmNY43W0c,product_reviews,UCtR-g66KS3o37mbbSTrNm2Q,ok,false,,3517,metadata,118,1406551,1110000,metadata,0,0,0,0,1280,720,0,0,1,1,1,18,20,0.9,0,1,0,,0,1,auto_captions,1,1,1,srt_dedup,29994,0,9484,0.0000,1.000,0.350,0.005,en,native_en,1
Ro6ooC4Z3Dk,product_reviews,UCTBVQYDWvrgeR-fP847ZjLA,ok,false,,295,metadata,5952,203975,27200,metadata,0,0,0,0,1280,720,0,0,1,1,1,20,20,1.0,1,0,1,0.1752493384897212,0,1,auto_captions,1,1,1,srt_dedup,2368,0,809,0.0000,1.000,0.350,0.004,fr,translated_en,1
RshMV8P0tco,product_reviews,UCmmJHCSOL1Uyg8oRu0dzVGA,ok,false,,672,metadata,11,55,2060,metadata,0,0,0,0,1280,720,0,0,1,1,1,20,20,1.0,1,0,1,0.006073326485955435,0,1,auto_captions,1,1,1,srt_dedup,4629,0,1589,0.0025,1.000,0.389,0.002,en,native_en,1
Rxd7UwYevnY,product_reviews,UCWCk81c_nQOsm5M-xKuTFnQ,ok,false,,1253,metadata,2782,1352013,423000,metadata,0,0,0,0,1280,720,0,0,1,1,1,20,20,1.0,1,0,1,0.3930905695611578,0,1,auto_captions,1,1,1,srt_dedup,5448,0,1873,0.0032,1.000,0.390,0.000,en,native_en,1
RzDr5mDijhU,product_reviews,UCewuxUhH-jAN_SupJADrIXw,ok,true,,148,metadata,31,170,1880,metadata,0,0,0,0,1280,720,0,1,1,1,1,20,20,1.0,1,0,1,0.05346294046172542,0,1,auto_captions,1,1,1,srt_dedup,1355,0,455,0.0000,1.000,0.429,0.000,en,native_en,1
S5FMN8p9Mws,product_reviews,UCiziarGzQvAdyTUWbb6wWIA,ok,false,,1213,metadata,487,3211,5750,metadata,0,0,0,0,1280,720,0,0,1,1,1,19,20,0.95,0,1,1,0.1292436268328265,0,1,auto_captions,1,1,1,srt_dedup,6735,0,2347,0.0000,1.000,0.364,0.000,en,native_en,1
S6FBAfBt9JU,product_reviews,UCPZnCOkDAjfjzPhRrIHl6QQ,ok,false,,198,metadata,1477,2541,3640,metadata,0,0,0,0,1280,720,0,0,1,1,1,20,20,1.0,1,0,1,0.16926807091983645,0,1,auto_captions,1,1,1,srt_dedup,1106,0,382,0.0000,1.000,0.346,0.000,en,native_en,1
SEf-gQpDHOY,product_reviews,UC7UK9RaXG3BKY08vFRjoouw,ok,true,,129,metadata,545,114789,671,metadata,0,0,0,0,1280,720,0,1,1,1,1,20,20,1.0,1,0,1,0.0858809801633604,0,1,auto_captions,1,1,1,srt_dedup,1126,0,398,0.0000,1.000,0.457,0.000,en,native_en,1
SGmcgSv1Gy8,product_reviews,UCcGPsRt0QpfB8XfUx5ugSzg,ok,false,,642,metadata,2503,20409,51700,metadata,0,0,0,0,1280,720,0,0,1,1,1,19,20,0.95,0,1,1,0.012012152372049547,0,1,auto_captions,1,1,1,srt_dedup,5409,0,1813,0.0000,1.000,0.366,0.003,en,native_en,1
SKHcp6epCaI,product_reviews,UCizrI5ISPFeHpXHBX1F5DKQ,ok,false,,231,metadata,890,1004,25900,metadata,0,0,1,1,640,480,1,1,1,1,1,20,20,1.0,1,0,1,0.16893909881833538,0,1,auto_captions,1,1,1,srt_dedup,1691,0,579,0.0000,1.000,0.347,0.000,en,native_en,1
SMFedIovZkA,product_reviews,UCyu5DbOfurVwGf-w_reveiQ,ok,true,,19,metadata,1035,1135,877,metadata,0,0,0,1,1280,720,0,1,1,1,1,20,20,1.0,1,0,1,0.0,0,0,whisper,0,1,0,whisper,29,0,29,0.0000,1.000,0.310,0.000,en,sparse,0
SiD6MvnlydU,product_reviews,UCvc5PlyAjfP-ew3xxNgPh4g,ok,true,,18,metadata,996,55275,1470,metadata,0,0,0,0,1280,720,0,1,1,1,1,20,20,1.0,1,0,1,0.0,0,1,whisper,1,1,1,srt_dedup,18,0,23,0.0000,1.000,0.000,0.000,en,sparse,0
SlRJ7ankqOU,product_reviews,UCiQvm4X5SMRZdtjEVv8cAVA,ok,false,,783,metadata,31,1424,2450,metadata,0,0,0,0,1280,720,0,0,1,1,1,19,20,0.95,0,1,1,0.1022901348039216,0,1,auto_captions,1,1,1,srt_dedup,4300,0,1495,0.0000,1.000,0.335,0.002,en,native_en,1
Sm2rCby_Oas,product_reviews,UCvlnrsKprSKeD_t_1-huYvw,ok,false,,577,metadata,1481,4273,1760,metadata,0,0,0,0,1280,720,0,0,1,1,1,20,20,1.0,1,0,1,0.038091773631970076,0,0,whisper,0,1,0,whisper,803,0,803,0.0854,1.000,0.369,0.000,en,native_en,1
T-FZGK66DWk,product_reviews,UCsKc38DDpGkNTHwsYjA0rbA,ok,true,,54,metadata,1263,30552448,3940000,metadata,0,0,0,0,1280,720,0,1,1,1,1,20,20,1.0,1,0,1,0.0,0,1,auto_captions,1,1,1,srt_dedup,422,0,145,0.0000,1.000,0.331,0.000,en,native_en,1
T5IpoY1kNmk,product_reviews,UC3Fe-_AiYY_JiqgE8Qa5yng,ok,false,,100,metadata,918,2015,422,metadata,0,0,0,1,1280,720,0,0,1,1,1,19,20,0.95,0,1,1,0.020186803253992174,0,1,auto_captions,1,1,1,srt_dedup,719,0,245,0.0000,1.000,0.424,0.000,en,native_en,1
TDGUBZaJpN4,product_reviews,UC7k4od5KeSGszZSN7cxoxwA,ok,false,,673,metadata,2288,11639,10700,metadata,0,0,0,0,1280,720,0,0,1,1,1,20,20,1.0,1,0,1,0.0258240042817002,0,1,auto_captions,1,1,1,srt_dedup,3806,0,1302,0.0000,1.000,0.398,0.000,en,native_en,1
TLJNhwM5emc,product_reviews,UCqGqKd60VvPBCrVLmU54aIw,ok,false,,331,metadata,3160,12463,4750,metadata,0,0,0,0,640,480,1,0,1,1,1,20,20,1.0,1,0,1,0.058370343514909856,0,1,auto_captions,1,1,1,srt_dedup,2908,0,984,0.0010,1.000,0.336,0.000,en,native_en,1
TfCEtn6RIZI,product_reviews,UCrPH8RO_U-uGRzSj1dS9suA,ok,false,,1313,metadata,434,984619,324000,metadata,0,0,0,0,1280,720,0,0,1,1,1,20,20,1.0,1,0,1,0.007335466179159053,0,1,auto_captions,1,1,1,srt_dedup,14012,0,4751,0.0000,1.000,0.415,0.000,en,native_en,1
TheLKaydm6Q,product_reviews,UCiJq52GXGWpW_leXFStirDw,ok,true,,174,metadata,2,267161,877000,metadata,0,0,0,0,1280,720,0,1,1,1,1,20,20,1.0,1,0,1,0.0,0,1,auto_captions,1,1,1,srt_dedup,2104,0,699,0.0000,1.000,0.363,0.010,pt,translated_en,1
TkRzFjVgQQI,product_reviews,UCy1l3jBhfl2fJpK21c8bSEg,ok,true,,34,metadata,888,44905,472,metadata,0,0,0,0,1280,720,0,1,1,1,1,20,20,1.0,1,0,1,0.0,0,1,auto_captions,1,1,1,srt_dedup,350,0,120,0.0000,1.000,0.392,0.000,en,native_en,1
TksBi40Vks4,product_reviews,UCiPuvuPFSa3sVTBH5j25k0g,ok,false,,1017,metadata,547,60034,195000,metadata,0,0,0,0,640,480,1,0,1,1,1,20,20,1.0,1,0,1,0.09719273413540931,0,1,auto_captions,1,1,1,srt_dedup,7507,0,2847,0.0018,1.000,0.438,0.000,en,native_en,1
TvmYngoL8RQ,product_reviews,UCMb0O2CdPBNi-QqPk5T3gsQ,ok,false,,914,metadata,2772,484670,2550000,metadata,0,0,0,0,1280,720,0,0,1,1,1,20,20,1.0,1,0,1,0.06062893907563026,0,1,auto_captions,1,1,1,srt_dedup,8054,0,2692,0.0000,1.000,0.380,0.000,en,native_en,1
U7vjEzNnGQQ,product_reviews,UCplQeUVimfe1pCpEodVpEhA,ok,false,,654,metadata,2228,4212,44200,metadata,0,0,0,0,1280,720,0,0,1,1,1,20,20,1.0,1,0,1,0.011509537784299346,0,1,auto_captions,1,1,1,srt_dedup,2154,0,774,0.0000,1.000,0.276,0.000,en,native_en,1
UFaNif_NqXA,product_reviews,UCYgke9pwfK2bIYTbjbnaaDQ,ok,true,,16,metadata,0,1011,138000,metadata,0,0,0,1,1280,720,0,1,1,1,1,20,20,1.0,1,0,0,,0,1,auto_captions,1,1,1,srt_dedup,157,0,53,0.0000,1.000,0.377,0.000,de,translated_en,1
UFnTi0jOQ-8,product_reviews,UCw1JHd8yNFKU_NIfPReaoCg,ok,false,,475,metadata,2253,3883,19200,metadata,0,0,0,0,1280,720,0,0,1,1,1,20,20,1.0,1,0,1,0.023492263972213465,0,1,auto_captions,1,1,1,srt_dedup,2560,0,887,0.0000,1.000,0.380,0.000,hi,translated_en,1
UGokvXbgj6c,product_reviews,UCV2nMTZ_ymGHnXblfkV72zA,ok,false,,310,metadata,648,2778,3070,metadata,0,0,0,0,640,480,1,0,1,1,1,20,20,1.0,1,0,1,0.13234582244166915,0,1,auto_captions,1,1,1,srt_dedup,1821,0,645,0.0031,1.000,0.451,0.002,en,native_en,1
UItwq43it8o,product_reviews,UCa2tDnsaZ6taKdHtmXF2fBg,ok,true,,57,metadata,2,997,89300,metadata,0,0,0,1,1280,720,0,1,1,1,1,20,20,1.0,1,0,1,0.0,0,1,auto_captions,1,1,1,srt_dedup,612,0,208,0.0000,1.000,0.394,0.000,en,native_en,1
UN0kG4g_eZE,product_reviews,UCMHmXRNoBi5LYlfFkR0PnEw,ok,false,,467,metadata,2315,5207,34500,metadata,0,0,0,0,1280,720,0,0,1,1,1,20,20,1.0,1,0,1,0.06393368887746582,0,1,auto_captions,1,1,1,srt_dedup,3684,0,1234,0.0000,1.000,0.408,0.000,en,native_en,1
UaMPOM1duws,product_reviews,UCbBE9Kh3rL7yQRWdRnxxDbA,ok,true,,81,metadata,3,7419530,2660000,metadata,0,0,0,0,1280,720,0,1,1,1,1,20,20,1.0,1,0,1,0.0,0,1,auto_captions,1,1,1,srt_dedup,765,0,259,0.0000,1.000,0.440,0.000,hi,translated_en,1
UqWbBHXqkQ4,product_reviews,UCzpHgFBhSPnn_Moc_r-pgXQ,ok,true,,13,metadata,1,35598,3350,metadata,0,0,0,1,1280,720,0,1,1,1,1,20,20,1.0,1,0,1,0.0,0,1,whisper,1,1,1,srt_dedup,3,0,15,0.0000,1.000,0.533,0.000,ml,sparse,0
UqmFKoIHqFg,product_reviews,UCcGPsRt0QpfB8XfUx5ugSzg,ok,false,,904,metadata,2559,19244,51700,metadata,0,0,0,0,1280,720,0,0,1,1,1,20,20,1.0,1,0,1,0.019292070660114232,0,1,auto_captions,1,1,1,srt_dedup,6885,0,2304,0.0004,1.000,0.373,0.001,en,native_en,1
V-i9brwsMw4,product_reviews,UCTmJbrmG5Q_-cxzeY8SzjIg,ok,false,,485,metadata,1195,12187,3700,metadata,0,0,0,0,1280,720,0,0,1,1,1,20,20,1.0,1,0,1,0.1626942363647651,0,1,auto_captions,1,1,1,srt_dedup,191,0,84,0.0000,1.000,0.405,0.000,en,native_en,1
V300qezbpKA,product_reviews,UCmV2BQ1wKgfU5TWnpwcjnSA,ok,false,,99,metadata,1057,13420,96500,metadata,0,0,0,0,1280,720,0,1,1,1,1,20,20,1.0,1,0,1,0.0,0,1,auto_captions,1,1,1,srt_dedup,1177,0,395,0.0000,1.000,0.344,0.000,en,native_en,1
V6ob7elRGb4,product_reviews,UCF9jvpAowulBBPsd555yzIQ,ok,true,,124,metadata,450,26415,4770,metadata,0,0,0,0,1280,720,0,1,1,1,1,20,20,1.0,1,0,1,0.08726130045927004,0,1,auto_captions,1,1,1,srt_dedup,741,0,269,0.0000,1.000,0.309,0.000,en,native_en,1
V6ydzItgxg8,product_reviews,UC3WPJGtzYrc4E814G9FTbUQ,ok,true,,24,metadata,834,2631,4720,metadata,0,0,0,1,1280,720,0,1,1,1,1,20,20,1.0,1,0,1,0.0,0,1,auto_captions,1,1,1,srt_dedup,85,0,31,0.0000,1.000,0.516,0.000,en,sparse,0
VCHhrJSdYDQ,product_reviews,UCxhUzpnvUyijvbci02zv0KQ,ok,false,,203,metadata,1122,58121,3540000,metadata,0,0,0,0,1280,720,0,1,1,1,1,20,20,1.0,1,0,1,0.023640661938534282,0,1,auto_captions,1,1,1,srt_dedup,873,0,331,0.0000,1.000,0.486,0.000,en,native_en,1
VCdw6390I5s,product_reviews,UC-H3X3f-tZW-Jt36Kl-zCoA,ok,false,,405,metadata,430,880,326,metadata,0,0,0,0,1280,720,0,0,1,1,1,20,20,1.0,1,0,1,0.008524833209785027,0,1,auto_captions,1,1,1,srt_dedup,2681,0,919,0.0000,1.000,0.343,0.004,en,native_en,1
VFiHSfpK8zU,product_reviews,UCmgEdJH0Yu9SoIPWjdynYcQ,ok,false,,158,metadata,176,576,1220,metadata,0,0,0,1,1280,720,0,0,1,1,1,20,20,1.0,1,0,1,0.02578687902919986,0,1,auto_captions,1,1,1,srt_dedup,1404,0,481,0.0000,1.000,0.464,0.000,hi,translated_en,1
VXihJlM1GYk,product_reviews,UCx4i9j6zdKlqG692MUiUtWQ,ok,false,,353,metadata,155,1121,4540,metadata,0,0,0,0,1280,720,0,0,1,1,1,20,20,1.0,1,0,1,0.05524861878453038,0,0,whisper,0,1,0,whisper,933,0,933,0.0000,1.000,0.361,0.000,en,native_en,1
V_MloFu6lTA,product_reviews,UC7AoFzxwPv9o1OZPQ0a3iyQ,ok,true,,60,metadata,757,8138976,1850000,metadata,0,0,0,0,1280,720,0,1,1,1,1,20,20,1.0,1,0,1,0.0,0,1,auto_captions,1,1,1,srt_dedup,60,0,30,0.0000,1.000,0.267,0.000,bn,sparse,0
Vc0et_KGQzo,product_reviews,UCEplXb4jCM9c0RRgAO7WJRw,ok,true,,17,metadata,4,58554,66500,metadata,0,0,0,0,1280,720,0,1,1,1,1,20,20,1.0,1,0,1,0.02355072463768117,0,1,whisper,1,0,1,srt_dedup,0,0,3,0.0000,1.000,0.000,0.000,en,sparse,0
ViuUmJfZcB8,product_reviews,UC7Kvcx0QjIC80c2-Nwx6iqA,ok,false,,1206,metadata,669,3295,2230,metadata,0,0,0,0,1280,720,0,0,1,1,1,20,20,1.0,1,0,1,0.07926358999875606,0,1,auto_captions,1,1,1,srt_dedup,10083,0,3403,0.0000,1.000,0.387,0.000,en,native_en,1
WOwMA5VAe1k,product_reviews,UC620oLu8-Q7OAZFXhCBudDg,ok,false,,322,metadata,2495,1514,230,metadata,0,0,0,0,1280,720,0,0,1,1,1,19,20,0.95,0,1,1,0.0026087766700829233,0,1,auto_captions,1,1,1,srt_dedup,3573,0,1197,0.0000,1.000,0.356,0.000,en,native_en,1
WUy_lSG3Bcc,product_reviews,UCmKpX0Owh053he25arBPskg,ok,true,,21,metadata,809,31591,98300,metadata,0,0,0,0,1280,720,0,1,1,1,1,20,20,1.0,1,0,1,0.017167381974248934,0,1,auto_captions,1,1,1,srt_dedup,222,0,78,0.0000,1.000,0.397,0.000,en,native_en,1
WXggcRHXYAU,product_reviews,UC7rsYYvQbqQrJDGhqWmtAgQ,ok,true,,55,metadata,1164,12074908,7570000,metadata,0,0,0,0,1280,720,0,1,1,1,1,20,20,1.0,1,0,1,0.020075963103635384,0,1,auto_captions,1,1,1,srt_dedup,612,0,206,0.0000,1.000,0.340,0.000,en,native_en,1
WYwb9RCTWSo,product_reviews,UCeEEjgnEu2naY-njvApnxow,ok,false,,252,metadata,1998,17698,5160,metadata,0,0,0,1,1280,720,0,0,1,1,1,20,20,1.0,1,0,1,0.11010378146248365,0,1,auto_captions,1,1,1,srt_dedup,1713,0,591,0.0000,1.000,0.371,0.000,en,native_en,1
WcPiy-_iG10,product_reviews,UCXMVaxrax7RNDPdfRrXXgtQ,ok,false,,2432,metadata,246,2878518,19100000,metadata,0,0,0,0,1280,720,0,0,1,1,1,20,20,1.0,1,0,1,0.00448967005858773,0,1,auto_captions,1,1,1,srt_dedup,20257,0,6758,0.0056,1.000,0.356,0.005,en,native_en,1
WdMcf09oA2k,product_reviews,UC9j2gaSfODyOsIwksjY7SLA,ok,false,,179,metadata,3200,6704,3840,metadata,0,0,0,0,640,480,1,0,1,1,1,20,20,1.0,1,0,1,0.30169377829951366,0,1,auto_captions,1,1,1,srt_dedup,1061,0,359,0.0000,1.000,0.376,0.000,en,native_en,1
Wkx_MtkP6WE,product_reviews,UCWXiVC-6aPzhuEW76jBjBZw,ok,false,,232,metadata,5,7,3,metadata,0,0,0,1,640,480,1,1,1,1,1,20,20,1.0,1,0,1,0.01256313948970341,0,1,auto_captions,1,1,1,srt_dedup,2273,0,761,0.0000,1.000,0.389,0.000,en,native_en,1
WoPBi7quRjc,product_reviews,UCizrI5ISPFeHpXHBX1F5DKQ,ok,false,,387,metadata,10,14,25900,metadata,0,0,1,1,1280,720,0,1,1,1,1,20,20,1.0,1,0,1,0.1838777251920242,0,1,auto_captions,1,1,1,srt_dedup,3065,0,1040,0.0019,1.000,0.399,0.000,en,native_en,1
XFrNuagQJWQ,product_reviews,UCyQLD_dTWlXKvJRlQzA5wAw,ok,false,,125,metadata,2768,857,28500,metadata,0,0,0,1,1280,720,0,0,1,1,1,20,20,1.0,1,0,1,0.002881844380403459,0,1,auto_captions,1,1,1,srt_dedup,906,0,314,0.0000,1.000,0.169,0.003,en,native_en,1
XKlAVXWk0vE,product_reviews,UCwytZrjtI5oMHXFQM71xnRw,ok,false,,672,metadata,1321,1730096,2240000,metadata,0,0,0,0,1280,720,0,0,1,1,1,20,20,1.0,1,0,1,0.08682461071699461,0,1,auto_captions,1,1,1,srt_dedup,6031,0,2024,0.0000,1.000,0.371,0.000,en,native_en,1
XQWrh0KPLmU,product_reviews,UCrwHdChkeK06ENkqEHulSxA,ok,true,,31,metadata,1,30841,37700,metadata,0,0,1,0,1280,720,0,1,1,1,1,20,20,1.0,1,0,1,0.0,0,1,auto_captions,1,1,1,srt_dedup,417,0,141,0.0522,1.000,0.411,0.000,hi,translated_en,1
XSfb_GMTdD8,product_reviews,UCNbbipJ5JnYPsrf9frpovtQ,ok,false,,801,metadata,2535,12705,24000,metadata,0,0,0,0,640,480,1,0,1,1,1,20,20,1.0,1,0,1,0.007642453077585887,0,1,auto_captions,1,1,1,srt_dedup,5111,0,1709,0.0000,1.000,0.301,0.000,tl,translated_en,1
XYeDo988WGc,product_reviews,UCEplXb4jCM9c0RRgAO7WJRw,ok,true,,14,metadata,1,40604,66500,metadata,0,0,0,1,1280,720,0,1,1,1,1,20,20,1.0,1,0,1,0.0,0,1,whisper,1,1,1,srt_dedup,5,0,4,0.0000,1.000,0.000,0.000,en,sparse,0
XhocUNrn2OA,product_reviews,UCzeJAQguazwzIbnvPvo-hQQ,ok,true,,59,metadata,918,45400,982,metadata,0,0,0,0,1280,720,0,1,1,1,1,20,20,1.0,1,0,1,0.0,0,1,auto_captions,1,1,1,srt_dedup,344,0,118,0.0000,1.000,0.415,0.000,en,native_en,1
XuIRjtv8KNU,product_reviews,UCO9t8ej4wBOIMPxcfTlshxg,ok,false,,166,metadata,818,8241,162,metadata,0,0,0,0,1280,720,0,0,1,1,1,20,20,1.0,1,0,1,0.14638989169675073,0,1,auto_captions,1,1,1,srt_dedup,1140,0,387,0.0000,1.000,0.339,0.000,en,native_en,1
Xv4vKNhhA5g,product_reviews,UCHEiXYM8ybFqV_wWI69RjGQ,ok,true,,60,metadata,1145,3632221,975000,metadata,0,0,0,0,1280,720,0,1,1,1,1,20,20,1.0,1,0,1,0.005007511266900352,0,1,auto_captions,1,1,1,srt_dedup,619,0,209,0.0000,1.000,0.325,0.000,en,native_en,1
Xx90saouZtg,product_reviews,UC2lF0l-JOdV_j1TEuk0FP5g,ok,true,,20,metadata,4,6679,2630,metadata,0,0,1,0,1280,720,0,1,1,1,1,20,20,1.0,1,0,1,0.0,0,1,auto_captions,1,1,1,srt_dedup,251,0,89,0.0000,1.000,0.382,0.000,en,native_en,1
XxODxALYV8o,product_reviews,UCgptSaRLvd1QH0SURdQNYgg,ok,false,,1631,metadata,3872,35640,180000,metadata,0,0,0,0,960,720,1,0,1,1,1,20,20,1.0,1,0,1,0.16164867300583016,0,1,auto_captions,1,1,1,srt_dedup,14361,0,4819,0.0000,1.000,0.366,0.000,en,native_en,1
YFq5rgmrQ8s,product_reviews,UC9Wa0bcjrVHjYwzlikoqsJA,ok,true,,34,metadata,1,1306,2890,metadata,0,0,0,1,1280,720,0,1,1,1,1,20,20,1.0,1,0,1,0.0,0,1,auto_captions,1,1,1,srt_dedup,184,0,62,0.0000,0.000,0.000,0.000,ta,non_english_text,0
YL0hGbnJ6-0,product_reviews,UC9-sBkGys1bnUnsNYFnm6Kg,ok,true,,34,metadata,655,242520,2850,metadata,0,0,0,0,1280,720,0,1,1,1,1,20,20,1.0,1,0,1,0.032028469750889695,0,1,auto_captions,1,1,1,srt_dedup,284,0,98,0.0000,1.000,0.367,0.000,en,native_en,1
YsMVfAd_svU,product_reviews,UCcw0QLqUE5Ug0I1TlXujhGg,ok,false,,377,metadata,2236,2896,1490,metadata,0,0,0,0,1280,720,0,0,1,1,1,20,20,1.0,1,0,1,0.0031844598360003195,0,1,auto_captions,1,1,1,srt_dedup,1787,0,617,0.0000,1.000,0.429,0.000,en,native_en,1
YxjDM2a44SQ,product_reviews,UCAfNDLm8Yfc358l9a2oHxKQ,ok,false,,206,metadata,3595,18311,5570,metadata,0,0,0,0,1280,720,0,0,1,1,1,20,20,1.0,1,0,1,0.06270049577136191,0,1,auto_captions,1,1,1,srt_dedup,2058,0,692,0.0000,1.000,0.387,0.000,en,native_en,1
YzWbvXa8MHQ,product_reviews,UCH9i9BLBkwOIEInl5dR9TIg,ok,false,,615,metadata,240,446,1700,metadata,0,0,0,0,1280,720,0,0,1,1,1,20,20,1.0,1,0,1,0.20024408103490374,0,1,auto_captions,1,1,1,srt_dedup,4036,0,1379,0.0000,1.000,0.363,0.014,en,native_en,1
ZIX1JLa853o,product_reviews,UCnhhHtzMIhe3kfy8tkmvPPQ,ok,false,,128,metadata,2111,33993,25000,metadata,0,0,0,0,1280,720,0,0,1,1,1,20,20,1.0,1,0,1,0.023898781630740405,0,1,auto_captions,1,1,1,srt_dedup,1016,0,345,0.0000,1.000,0.362,0.009,en,native_en,1
ZKsrhUGAvhA,product_reviews,UC5Ljde6CdKzkb0Yjy7rT6PA,ok,false,,488,metadata,965,11408,51800,metadata,0,0,0,0,1280,720,0,0,1,1,1,20,20,1.0,1,0,1,0.015243715040875294,0,1,auto_captions,1,1,1,srt_dedup,4987,0,1672,0.0000,1.000,0.373,0.000,en,native_en,1
ZP0nyFmoKx0,product_reviews,UCzs8I3yWFmbRJEnvdjPpthA,ok,true,,12,metadata,0,27530,16700,metadata,0,0,0,0,1280,720,0,1,1,1,1,20,20,1.0,1,0,1,0.0,0,1,whisper,1,1,1,srt_dedup,7,0,1,0.0000,1.000,0.000,0.000,en,sparse,0
ZPInAByPSJs,product_reviews,UCaVvhhfhkdt70fcG_6ojdNA,ok,false,,279,metadata,1482,3807,71400,metadata,0,0,0,0,1280,720,0,0,1,1,1,20,20,1.0,1,0,1,0.0788992798022144,0,0,whisper,0,1,0,whisper,616,0,616,0.0000,1.000,0.412,0.000,en,native_en,1
ZRxncrcuN9g,product_reviews,UCJWoZh3WS_ayQ2bpn7IrJaA,ok,false,,310,metadata,4298,2401,5490,metadata,0,0,0,0,1280,720,0,0,1,1,1,20,20,1.0,1,0,1,0.04976326215093245,0,1,auto_captions,1,1,1,srt_dedup,2233,0,749,0.0000,1.000,0.370,0.000,en,native_en,1
Z_m1geTvqTI,product_reviews,UCwXolh95xUfhGBvuzpAtWcg,ok,false,,1251,metadata,3,19,826,metadata,0,0,0,0,1280,720,0,0,1,1,1,20,20,1.0,1,0,1,0.33928785517324045,0,1,auto_captions,1,1,1,srt_dedup,5287,0,1890,0.0000,1.000,0.378,0.004,en,native_en,1
ZtSugZrDQZI,product_reviews,UCBSX28CA49eIKGbJyIdqNMA,ok,false,,291,metadata,348,2315,9540,metadata,0,0,0,0,640,480,1,0,1,1,1,20,20,1.0,1,0,1,0.04743735175827578,0,1,auto_captions,1,1,1,srt_dedup,3311,0,1107,0.0109,1.000,0.415,0.000,en,native_en,1
Zta5VnPFLnc,product_reviews,UC5Ljde6CdKzkb0Yjy7rT6PA,ok,false,,824,metadata,2855,10437,51800,metadata,0,0,0,0,1280,720,0,0,1,1,1,19,20,0.95,0,1,1,0.06753804703997673,0,1,auto_captions,1,1,1,srt_dedup,7527,0,2527,0.0028,1.000,0.373,0.000,en,native_en,1
Zw3f8ms16fY,product_reviews,UCsPcDxsn8MmQjT8x6rmkHfg,ok,false,,713,metadata,2425,5515,9380,metadata,0,0,0,0,1280,720,0,0,1,1,1,20,20,1.0,1,0,1,0.10407468146839922,0,1,auto_captions,1,1,1,srt_dedup,6015,0,2011,0.0000,1.000,0.349,0.000,en,native_en,1
_86eqsi21Vc,product_reviews,UCuS9h1nHsKLeRilWAH6_KrQ,ok,false,,399,metadata,689,92614,824,metadata,0,0,0,0,1280,720,0,0,1,1,1,20,20,1.0,1,0,1,0.018706333107955834,0,1,auto_captions,1,1,1,srt_dedup,2017,0,697,0.0000,1.000,0.369,0.000,en,native_en,1
_KG0wBcGeF0,product_reviews,UC7T1LDwIGEAB7awKsXSBcAA,ok,true,,37,metadata,623,2781290,1780000,metadata,0,0,0,0,1280,720,0,1,1,1,1,18,20,0.9,0,1,1,0.0,0,1,auto_captions,1,1,1,srt_dedup,377,0,129,0.0000,1.000,0.326,0.000,en,native_en,1
_OqM0kQY19Q,product_reviews,UCMHmXRNoBi5LYlfFkR0PnEw,ok,false,,633,metadata,264,4278,34500,metadata,0,0,0,0,1280,720,0,0,1,1,1,20,20,1.0,1,0,1,0.03851626980362396,0,1,auto_captions,1,1,1,srt_dedup,6329,0,2111,0.0000,1.000,0.377,0.000,en,native_en,1
_Zs9OzyKrhQ,product_reviews,UCQwIt46r5do8ZSQXLChdsFQ,ok,false,,467,metadata,1330,19229,10400,metadata,0,0,0,0,1280,720,0,0,1,1,1,20,20,1.0,1,0,1,0.03329262806092939,0,1,auto_captions,1,1,1,srt_dedup,4037,0,1347,0.0007,1.000,0.364,0.000,en,native_en,1
_fCtAkWhbwo,product_reviews,UCXYCelCC57G7R1qc7f7Vnpg,ok,false,,573,metadata,1668,4559,14500,metadata,0,0,0,0,1280,720,0,0,1,1,1,19,20,0.95,0,1,1,0.1288735343383583,0,1,auto_captions,1,1,1,srt_dedup,3367,0,1170,0.0000,1.000,0.420,0.000,en,native_en,1
_nLDWTU1mY0,product_reviews,UCd9pEJkT_T4z7jfRHuN1HYw,ok,false,,317,metadata,1420,10059,5870,metadata,0,0,0,1,1280,720,0,0,1,1,1,20,20,1.0,1,0,1,0.04007579346281385,0,1,auto_captions,1,1,1,srt_dedup,2154,0,730,0.0000,1.000,0.467,0.001,hi,translated_en,1
_vfMa0gETpU,product_reviews,UCp-UJCv7ACFtbpEEJx6E-Fw,ok,false,,1977,metadata,5080,32183,30000,metadata,0,0,0,0,1280,720,0,0,1,1,1,20,20,1.0,1,0,1,0.07157811694025548,0,0,whisper,0,1,0,whisper,6300,0,6300,0.0037,1.000,0.371,0.000,en,native_en,1
a76PxbGQfZ4,product_reviews,UCIsxwBPrm_-Sre9ayQLuPZA,ok,false,,139,metadata,630,2247,10500,metadata,0,0,0,0,1280,720,0,0,1,1,1,20,20,1.0,1,0,1,0.22138228941684673,0,1,auto_captions,1,1,1,srt_dedup,722,0,250,0.0000,1.000,0.340,0.000,fil,translated_en,1
aHb0rIPZ5ak,product_reviews,UCv53isY4ms1IP36cHfVW1PA,ok,true,,56,metadata,1660,5838,475,metadata,0,0,0,0,1280,720,0,1,1,1,1,20,20,1.0,1,0,1,0.006993006993006995,0,0,whisper,0,1,0,whisper,135,0,135,0.0000,1.000,0.319,0.000,en,native_en,1
aM6UEQslMYE,product_reviews,UCizrI5ISPFeHpXHBX1F5DKQ,ok,false,,255,metadata,607,6278,25900,metadata,0,0,1,0,640,480,1,1,1,1,1,20,20,1.0,1,0,1,0.14646464646464652,0,1,auto_captions,1,1,1,srt_dedup,1650,0,566,0.0000,1.000,0.373,0.000,en,native_en,1
a_z1qyixlQ0,product_reviews,UCcGPsRt0QpfB8XfUx5ugSzg,ok,false,,789,metadata,2550,16840,51700,metadata,0,0,0,0,1280,720,0,0,1,1,1,19,20,0.95,0,1,1,0.010420628280216022,0,1,auto_captions,1,1,1,srt_dedup,6893,0,2309,0.0004,1.000,0.357,0.000,en,native_en,1
aq-zsHj4eP0,product_reviews,UC6rqlRMvceeCt23DYzVeG8w,ok,true,,8,metadata,2,46426,13800,metadata,0,0,0,0,1280,720,0,1,1,1,1,20,20,1.0,1,0,1,0.0,0,1,auto_captions,1,1,1,srt_dedup,66,0,23,0.0000,1.000,0.783,0.000,en,sparse,0
axW4mz9s4TE,product_reviews,UCJ6PGn4AIM3bLxFmkIEOJvg,ok,false,,438,metadata,2082,4978,55700,metadata,0,0,0,0,1280,720,0,0,1,1,1,19,20,0.95,0,1,1,0.06672603959717752,0,1,auto_captions,1,1,1,srt_dedup,3141,0,1067,0.0000,1.000,0.396,0.000,en,native_en,1
ay70uCYEoxE,product_reviews,UCF3N0lfvarixacylt0jMkRA,ok,true,,28,metadata,813,147725,1330,metadata,0,0,0,0,1280,720,0,1,1,1,1,20,20,1.0,1,0,1,0.0,0,1,auto_captions,1,1,1,srt_dedup,281,0,95,0.0000,1.000,0.316,0.000,en,native_en,1
b3ov-vZr6XU,product_reviews,UCEplXb4jCM9c0RRgAO7WJRw,ok,true,,23,metadata,3,69370,65800,metadata,0,0,0,0,1280,720,0,1,1,1,1,20,20,1.0,1,0,1,0.01447368421052632,0,1,whisper,1,0,1,srt_dedup,0,0,8,0.0000,1.000,0.375,0.000,en,sparse,0
bAriYRHoZfc,product_reviews,UC5Ljde6CdKzkb0Yjy7rT6PA,ok,false,,823,metadata,2701,48674,51800,metadata,0,0,0,0,1280,720,0,0,1,1,1,19,20,0.95,0,1,1,0.08176948584338452,0,1,auto_captions,1,1,1,srt_dedup,7859,0,2647,0.0008,1.000,0.352,0.000,en,native_en,1
bOV6Fi-WjM4,product_reviews,UCGRryxFxjXbVAtBPE9EbyMg,ok,false,,5944,metadata,371,8944616,5690000,metadata,0,0,0,0,1280,720,0,0,1,1,1,20,20,1.0,1,0,0,,0,1,auto_captions,1,1,1,srt_dedup,40520,0,13624,0.0009,1.000,0.353,0.041,en,native_en,1
bPnR4I6BEvo,product_reviews,UCvcPGoKHXRz2P3mEWlO9sgw,ok,false,,230,metadata,19,7,57100,metadata,0,0,0,1,1280,720,0,1,1,1,1,20,20,1.0,1,0,1,0.3501828631138976,0,1,auto_captions,1,1,1,srt_dedup,1088,0,381,0.0053,1.000,0.386,0.016,en,native_en,1
bnqb8PmRUek,product_reviews,UCDp6Am2pj1XYeKJ8CKgl8Vw,ok,false,,300,metadata,411,812,42,metadata,0,0,0,0,640,480,1,1,1,1,1,20,20,1.0,1,0,1,0.08979102089791029,0,1,auto_captions,1,1,1,srt_dedup,2493,0,833,0.0000,1.000,0.364,0.000,en,native_en,1
c8OWWgKmKoE,product_reviews,UCBODER_Sq8ats99k1z6T8Kw,ok,false,,841,metadata,140,21145,16300,metadata,0,0,0,0,1280,720,0,0,1,1,1,13,20,0.65,0,1,1,0.20611830142261192,0,1,auto_captions,1,1,1,srt_dedup,4723,0,1648,0.0000,1.000,0.365,0.000,en,native_en,1
c9i8Gug71f4,product_reviews,UCxGiUjep8KiihvHldRousPA,ok,false,,109,metadata,733,2252,26300,metadata,0,0,0,0,1280,720,0,0,1,1,1,20,20,1.0,1,0,1,0.11808628318584076,0,1,auto_captions,1,1,1,srt_dedup,808,0,274,0.0000,1.000,0.409,0.000,en,native_en,1
cMYkAmbY5lw,product_reviews,UCaMXMl_ks9VN0sIFla5QsFg,ok,false,,197,metadata,369,4844,4530,metadata,0,0,0,0,640,480,1,0,1,1,1,20,20,1.0,1,0,1,0.16193961573650725,0,1,auto_captions,1,1,1,srt_dedup,1329,0,449,0.0000,1.000,0.462,0.000,hi,translated_en,1
cjCHL7LMBZQ,product_reviews,UCo35PhKQBZbjCVlEbW83FMw,ok,false,,500,metadata,2379,5770,5710,metadata,0,0,0,0,1280,720,0,0,1,1,1,20,20,1.0,1,0,1,0.048699933945835605,0,1,auto_captions,1,1,1,srt_dedup,4049,0,1355,0.0022,1.000,0.378,0.000,en,native_en,1
cwtioC2m0Rk,product_reviews,UCuSy0Z5UwvkMQ7lXRbUdOnQ,ok,true,,178,metadata,1,28771,430000,metadata,0,0,0,0,1280,720,0,1,1,1,1,20,20,1.0,1,0,1,0.017235552551537688,0,1,auto_captions,1,1,1,srt_dedup,1463,0,491,0.0000,1.000,0.424,0.000,en,native_en,1
d2_clGa3J7E,product_reviews,UCl-wA0MmbJ1nWTIddMbLa6A,ok,false,,554,metadata,1144,15377,2240,metadata,0,0,0,0,1280,720,0,0,1,1,1,20,20,1.0,1,0,1,0.045720476706392205,0,1,auto_captions,1,1,1,srt_dedup,3478,0,1198,0.0067,1.000,0.348,0.000,en,native_en,1
dAG-xdu4zG0,product_reviews,UCEplXb4jCM9c0RRgAO7WJRw,ok,true,,15,metadata,10,231129,66500,metadata,0,0,0,0,1280,720,0,1,1,1,1,20,20,1.0,1,0,1,0.0,0,1,whisper,1,0,1,srt_dedup,0,0,1,0.0000,1.000,0.000,0.000,en,sparse,0
dSvGGvZI1fE,product_reviews,UCst2cn_-4pP4YVNifptN22Q,ok,true,,180,metadata,3,1305,6360,metadata,0,0,0,0,1280,720,0,1,1,1,1,20,20,1.0,1,0,1,0.0,0,1,auto_captions,1,1,1,srt_dedup,1879,0,635,0.0000,1.000,0.343,0.000,de,translated_en,1
dyeXV9pSDBY,product_reviews,UCCVJJxADEhA3RdhoD_a8YcA,ok,false,,208,metadata,5015,3622,3,metadata,0,0,0,0,1280,720,0,0,1,1,1,20,20,1.0,1,0,1,0.08521664027637832,0,0,whisper,0,1,0,whisper,382,0,382,0.0000,1.000,0.421,0.000,en,native_en,1
eFeDVjPjUTE,product_reviews,UCDXPf-Ih3iJkSwSj8ZBMa_A,ok,false,,794,metadata,2155,7609,821,metadata,0,0,0,0,1280,720,0,0,1,1,1,18,20,0.9,0,1,1,0.4750500509953537,0,1,auto_captions,1,1,1,srt_dedup,3128,0,1109,0.0009,1.000,0.349,0.000,en,native_en,1
eITx_Oeb1b0,product_reviews,UCxmnbt9Hxsyz-EMVqThl6Kg,ok,false,,518,metadata,1583,3320,9440,metadata,0,0,0,0,1280,720,0,0,1,1,1,20,20,1.0,1,0,1,0.05400081117098327,0,0,whisper,0,1,0,whisper,678,0,678,0.0730,1.000,0.375,0.000,fil,whisper_on_non_english,0
eMHWpUJVIq8,product_reviews,UCWZmCMB7mmKWcXJSIPRhzZw,ok,false,,1906,metadata,252,3648339,10600000,metadata,0,0,0,0,1280,720,0,0,1,1,1,20,20,1.0,1,0,1,0.013789195315451456,0,1,auto_captions,1,1,1,srt_dedup,20589,0,6084,0.0000,1.000,0.358,0.016,en,native_en,1
eYGrMpYpMC4,product_reviews,UCJ6PGn4AIM3bLxFmkIEOJvg,ok,false,,369,metadata,2258,5479,55700,metadata,0,0,0,0,1280,720,0,0,1,1,1,20,20,1.0,1,0,1,0.15393998536228348,0,1,auto_captions,1,1,1,srt_dedup,2206,0,740,0.0041,1.000,0.382,0.000,en,native_en,1
ec1f4OWYObQ,product_reviews,UCPi5NjvJWXUlegEBRkgVxXA,ok,false,,487,metadata,771,10109,4160,metadata,0,0,0,0,1280,720,0,0,1,1,1,20,20,1.0,1,0,1,0.010228603117875412,0,1,auto_captions,1,1,1,srt_dedup,4826,0,1626,0.0000,1.000,0.385,0.000,en,native_en,1
ezZNGtJ9LCM,product_reviews,UCycORvCTjr7zn-fxttE81zw,ok,true,,45,metadata,188,14589,1280000,metadata,0,0,0,0,1280,720,0,1,1,1,1,20,20,1.0,1,0,1,0.020000000000000007,0,1,auto_captions,1,1,1,srt_dedup,426,0,142,0.0000,1.000,0.451,0.000,hi,translated_en,1
f18fyz1Y0So,product_reviews,UCfW8_RfI-T0p2bvJLMY1K2Q,ok,false,,641,metadata,8,82,2260,metadata,0,0,0,0,1280,720,0,0,1,1,1,20,20,1.0,1,0,1,0.0005616399887672003,0,1,auto_captions,1,1,1,srt_dedup,4939,0,1651,0.0012,1.000,0.440,0.030,hi,translated_en,1
f8ja15ViCJg,product_reviews,UCLfg7o6kaSMAn-5ju7NWLNw,ok,false,,562,metadata,115,1359,2470,api_fixup,0,0,1,1,1280,720,0,0,1,1,1,20,20,1.0,1,0,1,0.007422041862451945,0,1,auto_captions,1,1,1,srt_dedup,5543,0,1849,0.0000,1.000,0.364,0.000,en,native_en,1
fMf_ocnS9og,product_reviews,UCBLHNlA2Xoyrw842jQBzJrA,ok,false,,214,metadata,674,3623,5550,metadata,0,0,0,0,1280,720,0,0,1,1,1,18,20,0.9,0,1,1,0.1510146955913226,0,1,auto_captions,1,1,1,srt_dedup,1887,0,653,0.0000,1.000,0.387,0.000,en,native_en,1
fRBOxyu2b2Q,product_reviews,UCMb0O2CdPBNi-QqPk5T3gsQ,ok,false,,584,metadata,3166,1106564,2550000,metadata,0,0,0,0,1280,720,0,0,1,1,1,20,20,1.0,1,0,1,0.03904443873619318,0,1,auto_captions,1,1,1,srt_dedup,5782,0,1930,0.0000,1.000,0.387,0.000,en,native_en,1
fYLl5_M7xxg,product_reviews,UCC4WNxCTASR4QaXCm64NALQ,ok,true,,15,metadata,1339,5587,5880,metadata,0,0,1,0,1280,720,0,1,1,1,1,20,20,1.0,1,0,1,0.0,0,1,whisper,1,1,1,srt_dedup,1,0,1,0.0000,1.000,0.000,0.000,ta,sparse,0
fa3kgCMzJ78,product_reviews,UCLFbQ3Alf_WI1IuO0cMbtrg,ok,false,,964,metadata,1570,1374432,5340000,metadata,0,0,0,0,1280,720,0,0,1,1,1,20,20,1.0,1,0,1,0.16164068091992664,0,1,auto_captions,1,1,1,srt_dedup,5258,0,1885,0.0000,1.000,0.358,0.019,en,native_en,1
fpQZel6zXQU,product_reviews,UCCG53lF7GuO6fEhMRjOoMBg,ok,false,,855,metadata,7,101,11900,metadata,0,0,0,0,1280,720,0,0,1,1,1,20,20,1.0,1,0,1,0.13924850015787812,0,1,auto_captions,1,1,1,srt_dedup,5833,0,1977,0.0005,1.000,0.373,0.000,en,native_en,1
fv3G2M_Sl40,product_reviews,UCr-QB2DohAszkLY-W-aC0uw,ok,true,,39,metadata,3,8057,1100000,metadata,0,0,0,0,1280,720,0,1,1,1,1,20,20,1.0,1,0,1,0.0,0,1,auto_captions,1,1,1,srt_dedup,436,0,145,0.0000,1.000,0.372,0.007,en,native_en,1
fyRyMm2mnfE,product_reviews,UCii7BhP00P4P47gdR2FyaYQ,ok,false,,182,metadata,4168,25121,1560,metadata,0,0,0,1,1280,720,0,0,1,1,1,20,20,1.0,1,0,1,0.002477291494632536,0,1,auto_captions,1,1,1,srt_dedup,801,0,273,0.0000,1.000,0.381,0.000,en,native_en,1
g2UcB36u75Q,product_reviews,UCKdWSm_xcNV009vfuXEs2tw,ok,true,,30,metadata,7,7345,1040000,metadata,0,0,0,0,1280,720,0,1,1,1,1,20,20,1.0,1,0,1,0.0,0,1,auto_captions,1,1,1,srt_dedup,62,0,24,0.0000,0.929,0.333,0.111,en,sparse,0
gKEbi0rusvw,product_reviews,UCa79crGP6V0p4HDDtzaA2LQ,ok,false,,490,metadata,1945,7591,470,metadata,0,0,0,0,1280,720,0,0,1,1,1,20,20,1.0,1,0,1,0.016094486261550706,0,0,whisper,0,1,0,whisper,504,0,504,0.0503,1.000,0.353,0.000,en,native_en,1
g_mx28u_-TI,product_reviews,UCsKc38DDpGkNTHwsYjA0rbA,ok,true,,58,metadata,1261,1728717,3940000,metadata,0,0,0,0,1280,720,0,1,1,1,1,20,20,1.0,1,0,1,0.0062337662337662355,0,1,auto_captions,1,1,1,srt_dedup,411,0,145,0.0000,1.000,0.352,0.000,en,native_en,1
gjjBIfkaB9g,product_reviews,UCUPvCzkGsrmJtlGHKBVpZUw,ok,true,,35,metadata,2,1109,56100,metadata,0,0,0,0,1280,720,0,1,1,1,1,20,20,1.0,1,0,1,0.009499136442141625,0,1,auto_captions,1,1,1,srt_dedup,331,0,113,0.0000,1.000,0.398,0.000,en,native_en,1
gvOkErFZGrU,product_reviews,UCwUf-iRRPU9NgqZySWJA8Tw,ok,true,,35,metadata,394,25540,33600,metadata,0,0,0,0,1280,720,0,1,1,1,1,20,20,1.0,1,0,1,0.04851063829787236,0,1,auto_captions,1,1,1,srt_dedup,48,0,28,0.0000,1.000,0.214,0.000,en,sparse,0
gy4v7_1Es6U,product_reviews,UCMhGbekqBaX3qXZcexys4Eg,ok,true,,59,metadata,749,380199,288000,metadata,0,0,0,0,1280,720,0,1,1,1,1,20,20,1.0,1,0,1,0.0,0,1,auto_captions,1,1,1,srt_dedup,696,0,242,0.0000,1.000,0.397,0.000,en,native_en,1
h0a-NcNbDag,product_reviews,UCYjbxmIcS5DH-o9_ZBeh4BA,ok,false,,78,metadata,1535,5515,159,metadata,0,0,0,0,640,480,1,0,1,1,1,20,20,1.0,1,0,1,0.03943338437978562,0,1,auto_captions,1,1,1,srt_dedup,427,0,145,0.0290,1.000,0.193,0.000,en,native_en,1
h5YQu1ajzxs,product_reviews,UCHEiXYM8ybFqV_wWI69RjGQ,ok,true,,60,metadata,657,3234704,975000,metadata,0,0,0,0,1280,720,0,1,1,1,1,20,20,1.0,1,0,1,0.0,0,1,auto_captions,1,1,1,srt_dedup,618,0,208,0.0000,1.000,0.332,0.000,en,native_en,1
h6JREoZmiG0,product_reviews,UCkKH50VfxiEEiCjzDjeumTA,ok,false,,1074,metadata,1094,718,5220,metadata,0,0,0,0,1280,720,0,0,1,1,1,19,20,0.95,0,1,1,0.09723658107239644,0,1,auto_captions,1,1,1,srt_dedup,2671,0,919,0.0000,1.000,0.385,0.000,en,native_en,1
hABBwUdr8vw,product_reviews,UCAzFZHjR2n3Y6iZ-M4HAxrw,ok,true,,92,metadata,3,35293,13200,metadata,0,0,1,0,1280,720,0,1,1,1,1,20,20,1.0,1,0,1,0.0,0,1,auto_captions,1,1,1,srt_dedup,1049,0,354,0.0000,0.999,0.359,0.003,hi,translated_en,1
hNVEAQoVSGc,product_reviews,UCZZ6EXrZcSbx0HTWa2a5MDA,ok,false,,378,metadata,2485,4327,2830,metadata,0,0,0,0,1280,720,0,0,1,1,1,20,20,1.0,1,0,1,0.10195021404788335,0,1,auto_captions,1,1,1,srt_dedup,3113,0,1041,0.0019,1.000,0.357,0.000,en,native_en,1
hRdGv4y-X-o,product_reviews,UCpezCSL_alOva5WKM1MXH2Q,ok,true,,15,metadata,508,6896,5690,metadata,0,0,0,0,1280,720,0,1,1,1,1,20,20,1.0,1,0,1,0.02800000000000001,0,1,auto_captions,1,1,1,srt_dedup,69,0,25,0.0000,1.000,0.200,0.000,en,sparse,0
hXGmw5HdoVo,product_reviews,UCHtfqf5hiTDPCOaklHrTd0Q,ok,false,,1476,metadata,2361,4083,2990,metadata,0,0,0,0,640,480,1,0,1,1,1,18,20,0.9,0,1,1,0.17256448301794738,0,1,auto_captions,1,1,1,srt_dedup,8532,0,2910,0.0000,1.000,0.400,0.000,en,native_en,1
hbSwjiXW0vg,product_reviews,UCN60vMB7bF9QusqMC4mXysg,ok,true,,59,metadata,658,113198179,7780000,metadata,0,0,0,0,1280,720,0,1,1,1,1,20,20,1.0,1,0,1,0.01263264274886307,0,1,auto_captions,1,1,1,srt_dedup,209,0,75,0.0000,1.000,0.240,0.000,en,native_en,1
hbxbefnFyI4,product_reviews,UCMRQNX0-nhuyvl7SlGIzrNQ,ok,false,,409,metadata,1127,3702,9330,metadata,0,0,0,0,640,480,1,1,1,1,1,20,20,1.0,1,0,1,0.0,0,1,auto_captions,1,1,1,srt_dedup,4268,0,1430,0.0000,1.000,0.386,0.000,en,native_en,1
hmafJP0ETWo,product_reviews,UCAw5WWRKtgYvZawWB7EFSxg,ok,false,,777,metadata,112,5181,27600,metadata,0,0,0,0,1280,720,0,0,1,1,1,20,20,1.0,1,0,1,0.0424661236150253,0,1,auto_captions,1,1,1,srt_dedup,3476,0,1207,0.0000,1.000,0.384,0.000,en,native_en,1
ht4MTMHDV2g,product_reviews,UCyXxIGLCbwOIzr3_Hg5umCw,ok,false,,1059,metadata,1567,3755,1070,metadata,0,0,0,0,1280,720,0,0,1,1,1,20,20,1.0,1,0,1,0.018836392476773166,0,1,auto_captions,1,1,1,srt_dedup,7814,0,2677,0.0000,1.000,0.371,0.000,en,native_en,1
hvg7bDuHnbE,product_reviews,UCnle__diKYwuUifUwBvbUSQ,ok,false,,428,metadata,4554,3644,209,metadata,0,0,0,0,480,360,1,0,1,1,1,20,20,1.0,1,0,1,0.2671670056814196,0,1,auto_captions,1,1,1,srt_dedup,2366,0,852,0.0000,1.000,0.407,0.000,en,native_en,1
iHHdigb4z5M,product_reviews,UCSNMugSBnIZbCBK8vMSUQNQ,ok,true,,89,metadata,512,3502,3360,metadata,0,0,0,0,1280,720,0,1,1,1,1,20,20,1.0,1,0,1,0.004051316677920325,0,1,auto_captions,1,1,1,srt_dedup,674,0,244,0.0000,1.000,0.447,0.000,en,native_en,1
iPcCwOGUXjE,product_reviews,UCEplXb4jCM9c0RRgAO7WJRw,ok,true,,14,metadata,1,325822,65800,metadata,0,0,0,1,1280,720,0,1,1,1,1,20,20,1.0,1,0,1,0.0,0,0,whisper,0,1,0,whisper,5,0,5,0.0000,1.000,0.200,0.000,en,sparse,0
ic7VSqi7MtI,product_reviews,UC9ZXfFNwputzRLvZkDXbTNw,ok,true,,56,metadata,657,6629,1460,metadata,0,0,0,1,1280,720,0,1,1,1,1,20,20,1.0,1,0,1,0.08225806451612906,0,1,auto_captions,1,1,1,srt_dedup,264,0,94,0.0000,1.000,0.404,0.000,en,native_en,1
ieqSa4AXY3s,product_reviews,UCQwceHkwV1MUG0NBB1eAttQ,ok,false,,236,metadata,1689,4440,2770,metadata,0,0,0,0,1280,720,0,0,1,1,1,20,20,1.0,1,0,1,0.12128933622117465,0,1,auto_captions,1,1,1,srt_dedup,1449,0,503,0.0000,1.000,0.445,0.000,en,native_en,1
ignHjln9OLw,product_reviews,UC9xw903o4ROP72Xn3IeCPHw,ok,false,,644,metadata,1010,32544,941,metadata,0,0,0,0,640,480,1,0,1,1,1,20,20,1.0,1,0,1,0.03360835314408241,0,1,auto_captions,1,1,1,srt_dedup,4639,0,1563,0.0000,1.000,0.415,0.000,en,native_en,1
ij4paUWMNII,product_reviews,UCHvDsYOYQ1UOSNtz5pPvrwg,ok,true,,40,metadata,10,15747,209000,metadata,0,0,1,0,1280,720,0,1,1,1,1,20,20,1.0,1,0,1,0.0,0,1,auto_captions,1,1,1,srt_dedup,351,0,129,0.0000,1.000,0.302,0.000,en,native_en,1
ijoXuV69WkQ,product_reviews,UCiJnAZAnK6MWx_AU13lSg-g,ok,true,,6,metadata,2,36238,2070000,metadata,0,0,0,1,1280,720,0,1,1,1,1,20,20,1.0,1,0,1,0.06629834254143649,0,1,whisper,1,1,1,srt_dedup,5,0,3,0.0000,1.000,0.333,0.000,id,sparse,0
in-D13iejQE,product_reviews,UCsJPLS3p_tkyFplrKhTgSlg,ok,true,,131,metadata,430,23796,3100,metadata,0,0,0,0,1280,720,0,1,1,1,1,20,20,1.0,1,0,1,0.034955448937628524,0,1,auto_captions,1,1,1,srt_dedup,1114,0,378,0.0000,1.000,0.429,0.000,hi,translated_en,1
itZVPl7TKKM,product_reviews,UCfA2M6cc25NapMPedcaLJGQ,ok,true,,176,metadata,429,56765,55,metadata,0,0,0,0,1280,720,0,1,1,1,1,20,20,1.0,1,0,1,0.004422520836877021,0,1,auto_captions,1,1,1,srt_dedup,1788,0,607,0.0017,1.000,0.428,0.000,en,native_en,1
ixm7Q-etL_0,product_reviews,UC-A0kkoM-i5DAB1SWO11_Cg,ok,false,,237,metadata,392,1486,2460,metadata,0,0,0,0,1280,720,0,0,1,1,1,20,20,1.0,1,0,1,0.02100202429149798,0,1,auto_captions,1,1,1,srt_dedup,2248,0,750,0.0000,1.000,0.387,0.000,en,native_en,1
j4E16yIc4js,product_reviews,UCQftcQBoO8AMaVTd2K6y6Sw,ok,false,,939,metadata,2162,4899,2120,metadata,0,0,0,0,640,480,1,0,1,1,1,20,20,1.0,1,0,1,0.07620265302860793,0,1,auto_captions,1,1,1,srt_dedup,8321,0,2789,0.0007,1.000,0.383,0.000,en,native_en,1
jGzSFLrxOBI,product_reviews,UCTmJbrmG5Q_-cxzeY8SzjIg,ok,false,,823,metadata,993,6117,3700,metadata,0,0,0,0,1280,720,0,0,1,1,1,20,20,1.0,1,0,1,0.058735598658305375,0,1,auto_captions,1,1,1,srt_dedup,1162,0,536,0.0000,1.000,0.386,0.000,en,native_en,1
jhgAmyGqdVo,product_reviews,UCnEAYg5-BG4s6EIAA9aqTFA,ok,true,,30,metadata,2,1242,1010,metadata,0,0,0,1,1280,720,0,1,1,1,1,20,20,1.0,1,0,1,0.0,0,1,auto_captions,1,1,1,srt_dedup,165,0,56,0.0000,1.000,0.375,0.082,hi,translated_en,1
jn3SySl2DEE,product_reviews,UCK7j4L6QL7AuyHafUWGabCw,ok,false,,690,metadata,558,13790,9340,metadata,0,0,0,0,1280,720,0,0,1,1,1,20,20,1.0,1,0,1,0.007954446666087113,0,1,auto_captions,1,1,1,srt_dedup,7553,0,2523,0.0000,1.000,0.427,0.000,en,native_en,1
jnOkA6sBq14,product_reviews,UC3kd2d5iFpyOJijR2Ibxilw,ok,false,,270,metadata,3798,13412,190,metadata,0,0,0,0,480,360,1,0,1,1,1,20,20,1.0,1,0,1,0.051770207080828336,0,1,auto_captions,1,1,1,srt_dedup,2211,0,739,0.0000,1.000,0.414,0.000,en,native_en,1
jwFTkqwZCzg,product_reviews,UCKdBtXW9UwpxoVxI8u9VS0w,ok,true,,121,metadata,5,218468,687000,metadata,0,0,0,0,1280,720,0,1,1,1,1,20,20,1.0,1,0,1,0.004233067729083667,0,1,auto_captions,1,1,1,srt_dedup,1265,0,420,0.0000,1.000,0.317,0.009,en,native_en,1
k4vfZHcY2LE,product_reviews,UCa4oXXaR4B_00iTFGU6bIkA,ok,true,,6,metadata,8,8153811,93400,metadata,0,0,0,0,1280,720,0,1,1,1,1,20,20,1.0,1,0,1,0.0,0,1,whisper,1,1,1,srt_dedup,2,0,3,0.0000,1.000,0.333,0.000,en,sparse,0
kKu20YrAs7U,product_reviews,UCIk8rlHJ0XNZvVy-MrUHPng,ok,false,,39,metadata,3448,11947,84500,metadata,0,0,0,0,1280,720,0,0,1,1,1,20,20,1.0,1,0,1,0.03623747108712416,0,0,whisper,0,0,0,none,0,0,0,0.0000,0.000,0.000,0.000,en,missing,0
klaCPdBS368,product_reviews,UCGRxJHvn2qIA-6D0ICkdM2w,ok,true,,59,metadata,1188,3114099,4530000,metadata,0,0,0,0,1280,720,0,1,1,1,1,20,20,1.0,1,0,1,0.0,0,1,auto_captions,1,1,1,srt_dedup,554,0,192,0.0000,1.000,0.281,0.000,en,native_en,1
kltR1R2Fmmo,product_reviews,UCv42T7a7ecidavQnE6O8whw,ok,false,,96,metadata,6110,4440,45,metadata,0,0,0,0,1280,720,0,0,1,1,1,20,20,1.0,1,0,1,0.08317698561601007,0,1,auto_captions,1,1,1,srt_dedup,619,0,211,0.0000,1.000,0.237,0.000,en,native_en,1
kt45VGhetrw,product_reviews,UC-uWf5Jl8Vla0qmTeVlWZfw,ok,false,,1153,metadata,1186,17490,2900,metadata,0,0,0,0,1280,720,0,0,1,1,1,20,20,1.0,1,0,1,0.06856726667360319,0,1,auto_captions,1,1,1,srt_dedup,8758,0,2963,0.0081,1.000,0.371,0.000,en,native_en,1
kvfMWiK4Rfs,product_reviews,UCHG0Hfum-dbLELpp7SsLqqw,ok,false,,840,metadata,1960,9923,1570,metadata,0,0,0,0,640,480,1,0,1,1,1,20,20,1.0,1,0,1,0.02366589327146173,0,1,auto_captions,1,1,1,srt_dedup,3427,0,1203,0.0050,1.000,0.333,0.000,en,native_en,1
l0xvRWW0DbQ,product_reviews,UCAhVnYcuVjzV0bjtqdzW7WQ,ok,true,,61,metadata,1,10167,41000,metadata,0,0,0,0,1280,720,0,1,1,1,1,20,20,1.0,1,0,1,0.0,0,1,auto_captions,1,1,1,srt_dedup,727,0,249,0.0000,1.000,0.424,0.008,ko,translated_en,1
l1nLAKnQaEI,product_reviews,UCPZPHwDLYuTRo5gUlp7Qk4w,ok,true,,69,metadata,13,575086,555000,metadata,0,0,0,0,1280,720,0,1,1,1,1,20,20,1.0,1,0,1,0.016934433347807212,0,1,auto_captions,1,1,1,srt_dedup,819,0,279,0.0000,1.000,0.415,0.000,hi,translated_en,1
lHyHmrJkNPc,product_reviews,UCPGctOV_F827A944gzqEe2A,ok,true,,30,metadata,1020,238542,290000,metadata,0,0,0,0,1280,720,0,1,1,1,1,20,20,1.0,1,0,1,0.0,0,1,whisper,1,1,0,whisper,90,0,90,0.1325,1.000,0.567,0.000,ml,whisper_on_non_english,0
lKePTsZ_Flo,product_reviews,UCMd4neMy7imiShqKaElT2RA,ok,true,,15,metadata,1562,45804,3190,metadata,0,0,0,0,1280,720,0,1,1,1,1,20,20,1.0,1,0,1,0.31000000000000016,0,1,whisper,1,0,1,srt_dedup,0,0,1,0.0000,1.000,1.000,0.000,en,sparse,0
lMVQzMrPYbk,product_reviews,UC8yWclT83mWqopAQ38KSkFg,ok,false,,263,metadata,4188,8673,53300,metadata,0,0,0,0,1280,720,0,0,1,1,1,20,20,1.0,1,0,1,0.015495043864646242,0,1,auto_captions,1,1,1,srt_dedup,2629,0,883,0.0000,1.000,0.378,0.000,en,native_en,1
lRoG5Vqekqg,product_reviews,UCNP8wRq3gfIsbPEmoqBkFTg,ok,false,,403,metadata,18,3,14,metadata,0,0,1,1,1280,720,0,0,1,1,1,20,20,1.0,1,0,1,0.051253440452280016,0,1,auto_captions,1,1,1,srt_dedup,2946,0,978,0.0000,1.000,0.361,0.001,en,native_en,1
lV8OoAWTK9I,product_reviews,UCDR53n7SMD7pDQRkNoiMXBw,ok,false,,1214,metadata,1029,38355,8650,metadata,0,0,0,0,1280,720,0,0,1,1,1,20,20,1.0,1,0,1,0.06663865338507546,0,1,auto_captions,1,1,1,srt_dedup,11583,0,3897,0.0003,1.000,0.392,0.000,en,native_en,1
laMWjFHPiNY,product_reviews,UC7rsYYvQbqQrJDGhqWmtAgQ,ok,true,,53,metadata,10,270854,7570000,metadata,0,0,0,0,1280,720,0,1,1,1,1,20,20,1.0,1,0,1,0.0,0,1,auto_captions,1,1,1,srt_dedup,560,0,192,0.0000,1.000,0.354,0.000,en,native_en,1
lbxEqd-Gu_0,product_reviews,UCzas0zRHX6bZl-lvovw3dFQ,ok,false,,598,metadata,2461,4241,505,metadata,0,0,0,0,1280,720,0,0,1,1,1,20,20,1.0,1,0,1,0.059655812553308755,0,1,auto_captions,1,1,1,srt_dedup,5229,0,1749,0.0040,1.000,0.390,0.000,en,native_en,1
ljOFn91or14,product_reviews,UCuQqEwYLHi1bdJJDP7M_1GA,ok,false,,435,metadata,422,13809,13200,metadata,0,0,0,0,1280,720,0,0,1,1,1,20,20,1.0,1,0,1,0.03902102723198899,0,1,auto_captions,1,1,1,srt_dedup,4237,0,1415,0.0000,1.000,0.400,0.000,en,native_en,1
ln9CvxFzMUo,product_reviews,UCPi5NjvJWXUlegEBRkgVxXA,ok,false,,444,metadata,1122,72643,4160,metadata,0,0,0,0,1280,720,0,0,1,1,1,20,20,1.0,1,0,1,0.044062985740352785,0,1,auto_captions,1,1,1,srt_dedup,4705,0,1587,0.0000,1.000,0.369,0.000,en,native_en,1
lsVU31WvLoA,product_reviews,UCElzWndSB1FflRVUksTj7pA,ok,false,,567,metadata,2150,9177,233000,metadata,0,0,0,0,1280,720,0,0,1,1,1,20,20,1.0,1,0,1,0.03914515446466361,0,1,auto_captions,1,1,1,srt_dedup,4712,0,1578,0.0000,1.000,0.407,0.000,en,native_en,1
lzr6E--uGRI,product_reviews,UCLQJioeF9jCn-PYi_sQjWfA,ok,true,,29,metadata,10,13436,78300,metadata,0,0,0,0,1280,720,0,1,1,1,1,20,20,1.0,1,0,1,0.0,0,1,auto_captions,1,1,1,srt_dedup,252,0,87,0.0000,1.000,0.368,0.000,en,native_en,1
m-K5psvrcWo,product_reviews,UCPDUeRp6OU6xVAYSOOvEXTw,ok,false,,3680,metadata,516,3779,47300,metadata,0,0,0,0,1280,720,0,0,1,1,1,20,20,1.0,1,0,1,0.018033441762255315,0,1,auto_captions,1,1,1,srt_dedup,30590,0,10218,0.0002,1.000,0.409,0.000,en,native_en,1
m9F-i2z0xbY,product_reviews,UC1J2CF7wwBxhN1XnVjpEp7w,ok,true,,24,metadata,3,13078,140000,metadata,0,0,0,0,1280,720,0,1,1,1,1,20,20,1.0,1,0,1,0.0,0,1,auto_captions,1,1,1,srt_dedup,68,0,24,0.0000,1.000,0.478,0.241,hi,sparse,0
mNf2uQRjpYE,product_reviews,UC0WYFJttfidraIqGyOI4juA,ok,true,,17,metadata,7,1851,36800,metadata,0,0,0,1,1280,720,0,1,1,1,1,20,20,1.0,1,0,1,0.0,0,1,auto_captions,1,1,1,srt_dedup,181,0,64,0.0000,1.000,0.443,0.000,en,native_en,1
mOxx561Xb2A,product_reviews,UC5Ljde6CdKzkb0Yjy7rT6PA,ok,false,,1200,metadata,2164,33343,51800,metadata,0,0,0,0,1280,720,0,0,1,1,1,19,20,0.95,0,1,1,0.08688913885764284,0,1,auto_captions,1,1,1,srt_dedup,10868,0,3664,0.0019,1.000,0.343,0.000,en,native_en,1
mU8BQxFatXg,product_reviews,UC9sK7im3zYo3iPGPXg5njLg,ok,true,,78,metadata,676,2663,6610,metadata,0,0,0,0,640,480,1,1,1,1,1,20,20,1.0,1,0,1,0.04059747223286099,0,1,auto_captions,1,1,1,srt_dedup,487,0,173,0.0000,1.000,0.301,0.000,en,native_en,1
mXtiJ9FHreI,product_reviews,UCvrPKsGBm_Yngb7c8-kGTww,ok,false,,685,metadata,2051,8747,12600,metadata,0,0,0,0,1280,720,0,0,1,1,1,20,20,1.0,1,0,1,0.000569426193604906,0,1,auto_captions,1,1,1,srt_dedup,6055,0,2039,0.0000,1.000,0.401,0.000,en,native_en,1
mpfLLn79h5Q,product_reviews,UCnA06QMVjd0uBggivHqfrTA,ok,true,,39,metadata,9,363053,90300,metadata,0,0,0,0,1280,720,0,1,1,1,1,20,20,1.0,1,0,1,0.0,0,1,auto_captions,1,1,1,srt_dedup,374,0,126,0.0000,0.008,0.000,0.000,ta,non_english_text,0
mvnpNGZtbXo,product_reviews,UC5Ljde6CdKzkb0Yjy7rT6PA,ok,false,,1770,metadata,2323,17117,51800,metadata,0,0,0,0,1280,720,0,0,1,1,1,19,20,0.95,0,1,1,0.06172672112809736,0,1,auto_captions,1,1,1,srt_dedup,16878,0,5651,0.0014,1.000,0.363,0.000,en,native_en,1
mwfCZyYviZs,product_reviews,UCGjBkKd4fb8VmnpPGR1fk5g,ok,false,,432,metadata,488,1426,4880,metadata,0,0,0,0,1280,720,0,0,1,1,1,20,20,1.0,1,0,1,0.5825283202446309,1,0,whisper,0,1,0,whisper,225,0,225,0.0000,1.000,0.480,0.000,en,native_en,1
n4kA3E06VGc,product_reviews,UCuSy0Z5UwvkMQ7lXRbUdOnQ,ok,true,,49,metadata,3,2114,430000,metadata,0,0,0,0,1280,720,0,1,1,1,1,20,20,1.0,1,0,1,0.0,0,1,auto_captions,1,1,1,srt_dedup,449,0,153,0.0274,1.000,0.405,0.000,en,native_en,1
n5xe-DEnejM,product_reviews,UCIk8rlHJ0XNZvVy-MrUHPng,ok,false,,39,metadata,3448,16072,84500,metadata,0,0,0,0,1280,720,0,0,1,1,1,20,20,1.0,1,0,1,0.030092592592592612,0,1,whisper,1,0,1,srt_dedup,0,0,2,0.0000,1.000,0.500,0.000,en,sparse,0
nFeUuDGOb4o,product_reviews,UCGOWC3Yul-2tGiGeV2MoaAg,ok,false,,423,metadata,3457,7242,26900,metadata,0,0,1,0,1280,720,0,0,1,1,1,20,20,1.0,1,0,1,0.03276828143839964,0,1,auto_captions,1,1,1,srt_dedup,2239,0,751,0.0000,1.000,0.366,0.000,en,native_en,1
nFp_6ukYRmk,product_reviews,UCJfNJmcv6LXCDsaa2kB_-7A,ok,true,,15,metadata,1180,120174551,45900000,metadata,0,0,0,0,1280,720,0,1,1,1,1,20,20,1.0,1,0,1,0.21355236139630404,0,0,whisper,0,1,0,whisper,1,0,1,0.0000,1.000,1.000,0.000,en,sparse,0
nPCF3dqh3rE,product_reviews,UCYgke9pwfK2bIYTbjbnaaDQ,ok,true,,71,metadata,2,10708,139000,metadata,0,0,0,0,1280,720,0,1,1,1,1,20,20,1.0,1,0,1,0.0042247570764681035,0,1,auto_captions,1,1,1,srt_dedup,827,0,279,0.0037,1.000,0.386,0.000,de,translated_en,1
na59L9tzFKc,product_reviews,UCgROYybWBHYo41vMgYZHq1g,ok,false,,765,metadata,3,31,909,metadata,0,0,0,0,480,360,1,0,1,1,1,20,20,1.0,1,0,1,0.1302387579880031,0,0,whisper,0,1,0,whisper,1471,0,1471,0.0000,1.000,0.396,0.000,en,native_en,1
njb7_IBroFw,product_reviews,UCaVvhhfhkdt70fcG_6ojdNA,ok,false,,489,metadata,1993,931,71400,metadata,0,0,0,0,1280,720,0,0,1,1,1,20,20,1.0,1,0,1,0.04835245750751676,0,1,auto_captions,1,1,1,srt_dedup,3956,0,1332,0.0008,1.000,0.418,0.000,en,native_en,1
nl6VoyaV03c,product_reviews,UC2PXqGO0IayLvc0UFiqN7hA,ok,true,,36,metadata,369,81167251,70600,metadata,0,0,0,0,1280,720,0,1,1,1,1,20,20,1.0,1,0,1,0.0,0,1,auto_captions,1,1,1,srt_dedup,371,0,121,0.2719,1.000,0.355,0.047,en,native_en,1
nuk3zlVoUEA,product_reviews,UCvrPKsGBm_Yngb7c8-kGTww,ok,false,,641,metadata,1686,12601,12600,metadata,0,0,0,0,1280,720,0,0,1,1,1,15,20,0.75,0,1,1,0.0033207052990973317,0,1,auto_captions,1,1,1,srt_dedup,4931,0,1677,0.0000,1.000,0.431,0.000,en,native_en,1
nx6OvlS3eoI,product_reviews,UCzs8I3yWFmbRJEnvdjPpthA,ok,true,,10,metadata,2,32177,16700,metadata,0,0,0,0,1280,720,0,1,1,1,1,20,20,1.0,1,0,1,0.028985507246376815,0,1,whisper,1,1,1,srt_dedup,7,0,2,0.0000,1.000,0.000,0.000,en,sparse,0
o0zZlela3Qo,product_reviews,UCNP8wRq3gfIsbPEmoqBkFTg,ok,false,,436,metadata,18,17,14,metadata,0,0,0,1,1280,720,0,0,1,1,1,20,20,1.0,1,0,1,0.040737682356179486,0,1,auto_captions,1,1,1,srt_dedup,2939,0,995,0.0000,1.000,0.355,0.004,en,native_en,1
o9g2fB1j8w8,product_reviews,UC1EXGMfoklkkEgPzyqRWw4A,ok,false,,37,metadata,4882,2426,25800,metadata,0,0,0,0,480,360,1,0,1,1,1,18,20,0.9,0,1,1,0.17959183673469362,0,1,auto_captions,1,1,1,srt_dedup,239,0,84,0.0000,1.000,0.333,0.000,en,native_en,1
oDlUudr6gOc,product_reviews,UCuto5tE8UGni_0U_ySNqg3g,ok,true,,44,metadata,2,9500,139000,metadata,0,0,0,0,1280,720,0,1,1,1,1,20,20,1.0,1,0,1,0.017663043478260882,0,1,auto_captions,1,1,1,srt_dedup,436,0,165,0.0000,1.000,0.360,0.000,ta,translated_en,1
oIvh4-fgm3s,product_reviews,UC1r4Uh8NOooIsxVIBk2G-5Q,ok,true,,20,metadata,5,1366,4110,metadata,0,0,1,1,1280,720,0,1,1,1,1,20,20,1.0,1,0,1,0.0,0,1,whisper,1,1,1,srt_dedup,19,0,14,0.0000,1.000,0.143,0.000,ta,sparse,0
oLEeb280ZeA,product_reviews,UC-BO3AM-NltMDelBuZaRIKQ,ok,false,,879,metadata,1424,11950,254,metadata,0,0,0,0,1280,720,0,0,1,1,1,20,20,1.0,1,0,1,0.013002969181939187,0,1,auto_captions,1,1,1,srt_dedup,7394,0,2474,0.0000,1.000,0.369,0.000,en,native_en,1
oMfIg640bZY,product_reviews,UCaVvhhfhkdt70fcG_6ojdNA,ok,false,,264,metadata,2007,6989,71400,metadata,0,0,0,0,1280,720,0,0,1,1,1,20,20,1.0,1,0,1,0.12545495905368526,0,1,auto_captions,1,1,1,srt_dedup,1860,0,629,0.0000,1.000,0.420,0.000,en,native_en,1
oSj5CHcvURM,product_reviews,UCG_L2NGe0uRsd37WZ1i9GUg,missing_from_api,,,31,metadata,6,54,106000,metadata,0,0,1,1,1280,720,0,1,1,1,1,20,20,1.0,1,0,1,0.0,0,1,whisper,1,1,1,srt_dedup,25,0,22,0.0000,1.000,0.500,0.083,,sparse,0
oVFt8Oh5_qs,product_reviews,UC9M2CLZrrgOk2vQ2vNm74mw,ok,false,,1142,metadata,646,469,2840,metadata,0,0,0,0,1280,720,0,0,1,1,1,20,20,1.0,1,0,1,0.036826897819805623,0,1,auto_captions,1,1,1,srt_dedup,9422,0,3156,0.0003,1.000,0.387,0.000,en,native_en,1
p26AVpXtgaw,product_reviews,UCGbhKmvtRp_XlwwA08qQNVg,ok,false,,1450,metadata,3268,22525,1870,metadata,0,0,0,0,1280,720,0,0,1,1,1,20,20,1.0,1,0,1,0.21422512774892954,0,1,auto_captions,1,1,1,srt_dedup,8352,0,2846,0.0004,1.000,0.360,0.000,en,native_en,1
p6M5xuzRpn8,product_reviews,UCHNPL5H13rOnjQ0ieWAsPhA,ok,false,,761,metadata,2084,35978,992,metadata,0,0,0,0,1280,720,0,0,1,1,1,20,20,1.0,1,0,1,0.14482812992746774,0,1,auto_captions,1,1,1,srt_dedup,3201,0,1153,0.0026,1.000,0.388,0.000,en,native_en,1
pBFmh0yY6jE,product_reviews,UCAgGBehH9xUCSuGvbatgVzg,ok,true,,73,metadata,1,2144,205000,metadata,0,0,0,0,1280,720,0,1,1,1,1,20,20,1.0,1,0,1,0.01802539942646457,0,1,auto_captions,1,1,1,srt_dedup,808,0,266,0.0000,1.000,0.372,0.015,en,native_en,1
pENunhjWCdw,product_reviews,UCGRryxFxjXbVAtBPE9EbyMg,ok,false,,9306,metadata,128,3972549,5710000,metadata,0,0,0,0,1280,720,0,0,1,1,1,20,20,1.0,1,0,1,0.12656681195677438,0,1,auto_captions,1,1,1,srt_dedup,66926,0,22381,0.0034,1.000,0.353,0.036,en,native_en,1
pN8ubXhhThY,product_reviews,UC9M2CLZrrgOk2vQ2vNm74mw,ok,false,,1172,metadata,1627,4081,2840,metadata,0,0,0,0,1280,720,0,0,1,1,1,20,20,1.0,1,0,1,0.08745295819359467,0,1,auto_captions,1,1,1,srt_dedup,9722,0,3272,0.0000,1.000,0.388,0.000,en,native_en,1
pPseYBOXSVs,product_reviews,UCVWXw_Pd3QlE2tgTuTaglGg,ok,true,,52,metadata,1319,7802,41900,metadata,0,0,0,0,1280,720,0,1,1,1,1,20,20,1.0,1,0,1,0.0,0,1,auto_captions,1,1,1,srt_dedup,511,0,171,0.0000,1.000,0.357,0.000,es,translated_en,1
pQzveAytEZI,product_reviews,UCAvkh0b3wc_osdBH3whnc6w,ok,false,,62,metadata,5719,527,13,metadata,0,0,0,0,1280,720,0,0,1,1,1,20,20,1.0,1,0,1,0.0,0,1,whisper,1,1,1,srt_dedup,4,0,2,0.0000,1.000,1.000,0.000,de,sparse,0
p_9hbtPBy6g,product_reviews,UCPi5NjvJWXUlegEBRkgVxXA,ok,false,,473,metadata,1159,34574,4160,metadata,0,0,0,0,1280,720,0,0,1,1,1,20,20,1.0,1,0,1,0.012548323721401867,0,0,whisper,0,1,0,whisper,1524,0,1524,0.0000,1.000,0.402,0.000,en,native_en,1
pgiOHHEm2gE,product_reviews,UCPi5NjvJWXUlegEBRkgVxXA,ok,false,,441,metadata,1094,34903,4160,metadata,0,0,0,0,1280,720,0,0,1,1,1,20,20,1.0,1,0,1,0.004630575417092272,0,1,auto_captions,1,1,1,srt_dedup,4710,0,1578,0.0000,1.000,0.391,0.000,en,native_en,1
potiSb273K0,product_reviews,UCqQlzPqVGoUBBJATVwdD6vA,ok,false,,582,metadata,1127,17140,1090,metadata,0,0,0,0,1280,720,0,0,1,1,1,20,20,1.0,1,0,1,0.11503557801381865,0,1,auto_captions,1,1,1,srt_dedup,4004,0,1370,0.0000,1.000,0.408,0.000,en,native_en,1
pv8iKMlVrpI,product_reviews,UCaW0Rv3F6dkX4X3UZiDIYcg,ok,true,,59,metadata,382,15982,7890,metadata,0,0,0,0,1280,720,0,1,1,1,1,20,20,1.0,1,0,1,0.02849872773536897,0,1,auto_captions,1,1,1,srt_dedup,494,0,168,0.0000,1.000,0.357,0.000,en,native_en,1
pwgk5jD3ba4,product_reviews,UCc2trnPhd5786CgehxAnZpA,ok,true,,59,metadata,1874,7528,264,metadata,0,0,0,0,640,480,1,1,1,1,1,20,20,1.0,1,0,1,0.023894255210981197,0,1,auto_captions,1,1,1,srt_dedup,550,0,184,0.0000,1.000,0.337,0.000,hi,translated_en,1
qAqaISZUAYo,product_reviews,UCxy_GP06dRes07Y7P_sZTjQ,ok,false,,415,metadata,2276,7141,146,metadata,0,0,0,0,640,480,1,0,1,1,1,20,20,1.0,1,0,1,0.10070172900238734,0,1,auto_captions,1,1,1,srt_dedup,3516,0,1182,0.0000,1.000,0.397,0.000,en,native_en,1
qR3ITeyHT_E,product_reviews,UCbBE9Kh3rL7yQRWdRnxxDbA,ok,true,,55,metadata,8,814025,2660000,metadata,0,0,0,0,1280,720,0,1,1,1,1,20,20,1.0,1,0,1,0.0,0,1,auto_captions,1,1,1,srt_dedup,529,0,177,0.0000,1.000,0.443,0.006,hi,translated_en,1
qTkXhkoXRg0,product_reviews,UC9M2CLZrrgOk2vQ2vNm74mw,ok,false,,934,metadata,213,884,2840,metadata,0,0,0,0,1280,720,0,0,1,1,1,20,20,1.0,1,0,1,0.09229583480522814,0,1,auto_captions,1,1,1,srt_dedup,7449,0,2493,0.0000,1.000,0.396,0.002,en,native_en,1
qYPpIOfAOjQ,product_reviews,UCI6nWQf9igbskxRiyW7ltdQ,ok,false,,254,metadata,2596,4622,18300,metadata,0,0,0,1,1280,720,0,0,1,1,1,20,20,1.0,1,0,1,0.005552274069698761,0,1,auto_captions,1,1,1,srt_dedup,2636,0,886,0.0000,1.000,0.410,0.000,en,native_en,1
qb6ej4D0mxs,product_reviews,UC0uWZVLtlVLEJl2Om-F0pLg,ok,false,,395,metadata,189,970,952,metadata,0,0,0,1,640,480,1,0,1,1,1,20,20,1.0,1,0,1,0.061212075127366775,0,1,auto_captions,1,1,1,srt_dedup,3105,0,1041,0.0000,1.000,0.356,0.000,en,native_en,1
qhX8ObSCn84,product_reviews,UCI6nWQf9igbskxRiyW7ltdQ,ok,false,,260,metadata,2600,2860,18300,metadata,0,0,0,0,1280,720,0,0,1,1,1,20,20,1.0,1,0,1,0.02352127291594605,0,1,auto_captions,1,1,1,srt_dedup,2584,0,866,0.0000,1.000,0.363,0.000,en,native_en,1
qmZWe0mDF6s,product_reviews,UCASbMFC84yQRUECyFtSaNXw,ok,false,,272,metadata,22,108,2180,metadata,0,0,0,0,1280,720,0,0,1,1,1,20,20,1.0,1,0,1,0.021328323571665385,0,1,auto_captions,1,1,1,srt_dedup,2572,0,851,0.0000,1.000,0.402,0.000,en,native_en,1
qtr5NqlzBCE,product_reviews,UC0QE8Rhm_l7CEyHsYPhE4UQ,ok,false,,91,metadata,24,19,476,metadata,0,0,1,1,1280,720,0,0,1,1,1,20,20,1.0,1,0,1,0.05247524752475249,0,1,auto_captions,1,1,1,srt_dedup,650,0,218,0.0000,1.000,0.358,0.000,en,native_en,1
qy3eoeI42J4,product_reviews,UCG7_zdNscEvHKOLSgqZBE7Q,ok,true,,27,metadata,1195,20238,141000,metadata,0,0,0,0,1280,720,0,1,1,1,1,20,20,1.0,1,0,1,0.0,0,1,auto_captions,1,1,1,srt_dedup,288,0,98,0.0000,1.000,0.439,0.000,hi,translated_en,1
r-aaUEzPZHc,product_reviews,UCyQLD_dTWlXKvJRlQzA5wAw,ok,false,,112,metadata,2768,1473,28500,metadata,0,0,0,0,1280,720,0,0,1,1,1,20,20,1.0,1,0,1,0.0034805890227576986,0,0,whisper,0,1,0,whisper,282,0,282,0.0000,1.000,0.333,0.000,en,native_en,1
r4L9x37FdB4,product_reviews,UC3eMS-zHJlTHw9RkexMyw6w,ok,false,,284,metadata,197,541,2480,metadata,0,0,0,1,1280,720,0,0,1,1,1,20,20,1.0,1,0,1,0.13490974348147372,0,0,whisper,0,1,0,whisper,675,0,675,0.0000,1.000,0.391,0.000,en,native_en,1
r6nxYrzhBdI,product_reviews,UCMBYERNkw_3SPqbjzgsnbWg,ok,true,,20,metadata,473,419389,686,metadata,0,0,1,0,1280,720,0,1,1,1,1,20,20,1.0,1,0,1,0.0,0,1,auto_captions,1,1,1,srt_dedup,68,0,24,0.0000,1.000,0.417,0.000,hi,sparse,0
r80tyU-hcqo,product_reviews,UCPi5NjvJWXUlegEBRkgVxXA,ok,false,,399,metadata,727,8979,4160,metadata,0,0,0,0,1280,720,0,0,1,1,1,20,20,1.0,1,0,1,0.015056839569374394,0,1,auto_captions,1,1,1,srt_dedup,4307,0,1443,0.0000,1.000,0.369,0.000,en,native_en,1
rCZyNjqIsz0,product_reviews,UCPB3S5t4XWwxbyb07pQO3Gw,ok,true,,6,metadata,2,84477,49700,metadata,0,0,0,0,1280,720,0,1,1,1,1,20,20,1.0,1,0,1,0.0,0,1,whisper,1,1,1,srt_dedup,3,0,3,0.0000,1.000,0.333,0.000,en,sparse,0
rCiHn8_hILs,product_reviews,UCmoNcpYfPN5I46fGPdpi2yw,ok,false,,206,metadata,5761,61023,18,metadata,0,0,0,0,480,360,1,0,1,1,1,19,20,0.95,0,1,1,0.02698760029175785,0,1,auto_captions,1,1,1,srt_dedup,1596,0,540,0.0000,1.000,0.320,0.000,en,native_en,1
rUxn_S37Xz0,product_reviews,UCsNQ6HdSK_ELBU9lycPssrw,ok,true,,23,metadata,8,1418,13,metadata,0,0,0,0,1280,720,0,1,1,1,1,20,20,1.0,1,0,1,0.058432934926958856,0,1,auto_captions,1,1,1,srt_dedup,174,0,61,0.0000,1.000,0.328,0.047,en,native_en,1
rzGEM15OxYE,product_reviews,UCPs-SpdbNLetKoNlx6oe4OQ,ok,true,,29,metadata,392,31767,74900,metadata,0,0,1,0,1280,720,0,1,1,1,1,20,20,1.0,1,0,1,0.0,0,1,auto_captions,1,1,1,srt_dedup,97,0,33,0.3077,1.000,0.061,0.000,hi,sparse,0
sIBpsTZk7Jc,product_reviews,UC5Ljde6CdKzkb0Yjy7rT6PA,ok,false,,1367,metadata,2645,34852,51800,metadata,0,0,0,0,1280,720,0,0,1,1,1,19,20,0.95,0,1,1,0.05918900524709653,0,1,auto_captions,1,1,1,srt_dedup,13800,0,4630,0.0004,1.000,0.353,0.000,en,native_en,1
sKQVUK-VQ1E,product_reviews,UCPi5NjvJWXUlegEBRkgVxXA,ok,false,,497,metadata,764,21343,4160,metadata,0,0,0,0,1280,720,0,0,1,1,1,20,20,1.0,1,0,1,0.013465370448644414,0,1,auto_captions,1,1,1,srt_dedup,5228,0,1754,0.0040,1.000,0.405,0.000,en,native_en,1
sMFFSTWoIgo,product_reviews,UChA6IzeLGaytGOAoeiDCnCQ,ok,false,,484,metadata,600,4528,3820,metadata,0,0,0,0,1280,720,0,0,1,1,1,20,20,1.0,1,0,1,0.0867299460264285,0,1,auto_captions,1,1,1,srt_dedup,3486,0,1189,0.0025,1.000,0.373,0.000,en,native_en,1
sNyH4MAnnbg,product_reviews,UCeP1zrX4-Fd4tswmOGp7lRQ,ok,false,,707,metadata,1728,2400,1080,metadata,0,0,0,0,1280,720,0,0,1,1,1,20,20,1.0,1,0,1,0.1632410395787328,0,1,auto_captions,1,1,1,srt_dedup,4247,0,1479,0.0000,1.000,0.399,0.000,en,native_en,1
sdVHUS-TyuI,product_reviews,UCaVvhhfhkdt70fcG_6ojdNA,ok,false,,530,metadata,2364,5112,71400,metadata,0,0,0,0,1280,720,0,0,1,1,1,20,20,1.0,1,0,1,0.08135516401337038,0,1,auto_captions,1,1,1,srt_dedup,3597,0,1217,0.0000,1.000,0.379,0.000,en,native_en,1
sdpJRM-l7Js,product_reviews,UCXJWKgQ4cAwgIcTWpVz4Atw,ok,false,,222,metadata,311,3185,13100,metadata,0,0,1,0,1280,720,0,0,1,1,1,20,20,1.0,1,0,1,0.028822733423545324,0,1,auto_captions,1,1,1,srt_dedup,1801,0,606,0.0017,1.000,0.413,0.000,hi,translated_en,1
shxJ7aiyTxI,product_reviews,UCPi5NjvJWXUlegEBRkgVxXA,ok,false,,263,metadata,1174,9983,4160,metadata,0,0,0,0,1280,720,0,0,1,1,1,20,20,1.0,1,0,1,0.002281802624073018,0,1,auto_captions,1,1,1,srt_dedup,2754,0,920,0.0000,1.000,0.418,0.000,en,native_en,1
slZT82soY4k,product_reviews,UCMb0O2CdPBNi-QqPk5T3gsQ,ok,false,,422,metadata,3332,214636,2550000,metadata,0,0,0,0,1280,720,0,0,1,1,1,20,20,1.0,1,0,1,0.027880512091038423,0,1,auto_captions,1,1,1,srt_dedup,3709,0,1239,0.0000,1.000,0.376,0.000,en,native_en,1
sm2DDr3uP7c,product_reviews,UCpezCSL_alOva5WKM1MXH2Q,ok,false,,41,metadata,290,4929,5690,metadata,0,0,0,1,1280,720,0,0,1,1,1,20,20,1.0,1,0,1,0.0,0,1,whisper,1,1,1,srt_dedup,3,0,3,0.0000,1.000,0.000,0.000,en,sparse,0
t6KjqKvmQKU,product_reviews,UCJbuCXxKDP2PC6BHSOiWXjA,ok,true,,113,metadata,198,8597,121,metadata,0,0,0,0,1280,720,0,1,1,1,1,20,20,1.0,1,0,1,0.017823889332269232,0,1,auto_captions,1,1,1,srt_dedup,944,0,305,0.0000,1.000,0.341,0.032,en,native_en,1
tlmT70NK4BA,product_reviews,UCMP84usSWIyb9btG2qx8Shw,ok,false,,319,metadata,894,6806,442,metadata,0,0,0,0,1280,720,0,0,1,1,1,20,20,1.0,1,0,1,0.06961014560826682,0,1,auto_captions,1,1,1,srt_dedup,2422,0,826,0.0000,1.000,0.372,0.000,en,native_en,1
tnGy7TTkRyI,product_reviews,UC_MY7ZR_UJOwmeJTEwAgdhw,ok,false,,402,metadata,1497,3566,7240,metadata,0,0,0,0,1280,720,0,0,1,1,1,20,20,1.0,1,0,1,0.034351430064969025,0,1,auto_captions,1,1,1,srt_dedup,2147,0,727,0.0056,1.000,0.400,0.000,en,native_en,1
tp0GMTb97Sg,product_reviews,UC9M2CLZrrgOk2vQ2vNm74mw,ok,false,,1407,metadata,184,247,2840,metadata,0,0,0,0,1280,720,0,0,1,1,1,20,20,1.0,1,0,1,0.10416000341158654,0,1,auto_captions,1,1,1,srt_dedup,9765,0,3297,0.0000,1.000,0.389,0.000,en,native_en,1
tsgs5e773OQ,product_reviews,UC9o13aexcHFSok7VYZ24EaQ,ok,false,,759,metadata,2,11101,357000,metadata,0,0,0,0,1280,720,0,0,1,1,1,20,20,1.0,1,0,1,0.002727919664742627,0,1,auto_captions,1,1,1,srt_dedup,6269,0,2155,0.0000,1.000,0.358,0.000,en,native_en,1
tvvTSaUXFoE,product_reviews,UCyu5DbOfurVwGf-w_reveiQ,ok,true,,7,metadata,1237,5677,877,metadata,0,0,0,1,1280,720,0,1,1,1,1,20,20,1.0,1,0,1,0.0,0,1,whisper,1,1,1,srt_dedup,13,0,14,0.0000,1.000,0.214,0.000,en,sparse,0
u67sSF3-D_w,product_reviews,UCag_hC_3_ZXaR33fpKBEwdg,ok,false,,629,metadata,288,813,1370,metadata,0,0,0,1,1280,720,0,0,1,1,1,20,20,1.0,1,0,1,0.07577420432313785,0,1,auto_captions,1,1,1,srt_dedup,5481,0,1844,0.0005,1.000,0.394,0.001,en,native_en,1
u8oSJYL9ps8,product_reviews,UCC9ZMZ2ZYf27ALnODZaUmcQ,ok,false,,631,metadata,3753,95572,428000,metadata,0,0,0,0,1280,720,0,0,1,1,1,20,20,1.0,1,0,1,0.01187930624851509,0,1,auto_captions,1,1,1,srt_dedup,5904,0,1984,0.0000,1.000,0.381,0.000,en,native_en,1
uAne1z8jfw4,product_reviews,UCGxWVjPO0IxrRPpCyrtB70Q,ok,true,,155,metadata,2,25101,156000,metadata,0,0,0,0,1280,720,0,1,1,1,1,20,20,1.0,1,0,1,0.02271403610949331,0,1,auto_captions,1,1,1,srt_dedup,1723,0,566,0.0000,1.000,0.293,0.005,en,native_en,1
uM75ZbHZsu0,product_reviews,UCP6a9yHCK8pIVL6S-NG7Kzg,ok,true,,36,metadata,494,15250,95,metadata,0,0,0,1,1280,720,0,1,1,1,1,20,20,1.0,1,0,1,0.0,0,1,auto_captions,1,1,1,srt_dedup,251,0,89,0.0000,1.000,0.337,0.000,en,native_en,1
ukb6kMImJkQ,product_reviews,UCuH95rtqlL37vhNJxpv7CGg,ok,true,,60,metadata,958,1673847,39300,metadata,0,0,0,0,1280,720,0,1,1,1,1,20,20,1.0,1,0,1,0.0,0,1,auto_captions,1,1,1,srt_dedup,95,0,43,0.0000,0.964,0.047,0.000,ta,sparse,0
urG7mMv8RTE,product_reviews,UCl-wA0MmbJ1nWTIddMbLa6A,ok,false,,1116,metadata,1199,94627,2240,metadata,0,0,0,0,1280,720,0,0,1,1,1,20,20,1.0,1,0,1,0.106919084626348,0,1,auto_captions,1,1,1,srt_dedup,7348,0,2565,0.0020,1.000,0.384,0.000,en,native_en,1
v4y2fNWN9Sg,product_reviews,UCvOYXwPMl69W0rG6sznhWwQ,ok,false,,416,metadata,2380,1571,3870,metadata,0,0,0,0,1280,720,0,0,1,1,1,19,20,0.95,0,1,1,0.02593473092716664,0,1,auto_captions,1,1,1,srt_dedup,3778,0,1262,0.0000,1.000,0.329,0.000,en,native_en,1
vDZ7ELoGer0,product_reviews,UC1M8PHwwuh_G4h4HSd5-SBw,ok,false,,215,metadata,2663,24102,22200,metadata,0,0,0,0,1280,720,0,0,1,1,1,20,20,1.0,1,0,1,0.2080011190376276,0,1,auto_captions,1,1,1,srt_dedup,1055,0,374,0.0000,1.000,0.267,0.000,en,native_en,1
vDgREHUzhO0,product_reviews,UC5WFrBMaitG6npYcSHA0Cbg,ok,false,,92,metadata,3349,5584,105000,metadata,0,0,0,0,1280,720,0,0,1,1,1,18,20,0.9,0,1,1,0.2681655262300424,0,0,whisper,0,1,0,whisper,11,0,11,0.0000,1.000,0.545,0.000,en,sparse,0
vGLh4D-3fCs,product_reviews,UC1l61xm5NXHQqB64gM0n-jg,ok,false,,800,metadata,1526,10323,2620,metadata,0,0,0,0,640,480,1,0,1,1,1,20,20,1.0,1,0,1,0.0332820532062587,0,1,whisper,1,1,0,whisper,987,0,987,0.0724,1.000,0.407,0.000,en,native_en,1
vLZ2WkqfsEQ,product_reviews,UCwwkP_GZkguju2laGt61QAw,ok,true,,23,metadata,7,456,45000,metadata,0,0,1,1,1280,720,0,1,1,1,1,20,20,1.0,1,0,1,0.0,0,1,auto_captions,1,1,1,srt_dedup,87,0,23,0.0000,1.000,0.304,0.207,hi,sparse,0
vjqkNOcg7Co,product_reviews,UCLMgGRxfM-BCUBBFkUmI0tw,ok,true,,55,metadata,425,210728,259,metadata,0,0,0,0,1280,720,0,1,1,1,1,20,20,1.0,1,0,1,0.019094380796508464,0,1,auto_captions,1,1,1,srt_dedup,360,0,128,0.0000,1.000,0.461,0.000,en,native_en,1
voRC9YksciQ,product_reviews,UCrXGZR9RvTT5A9g4ypJvwpA,ok,true,,15,metadata,2,4905,1850000,metadata,0,0,0,1,1280,720,0,1,1,1,1,20,20,1.0,1,0,1,0.02348336594911938,0,1,auto_captions,1,1,1,srt_dedup,134,0,46,0.0000,1.000,0.318,0.022,id,sparse,0
vvXdBAdVTpY,product_reviews,UC9cgINbAyFRwPyKUmCL-FNA,ok,false,,431,metadata,2896,18690,20300,metadata,0,0,0,0,1280,720,0,0,1,1,1,20,20,1.0,1,0,1,0.007450734628507768,0,1,auto_captions,1,1,1,srt_dedup,3653,0,1215,0.0041,1.000,0.386,0.024,en,native_en,1
w0NtwDHZgdw,product_reviews,UCL-RS8tVR34nrEzAFXiXAgw,ok,false,,520,metadata,32,144,3090,metadata,0,0,0,0,1280,720,0,0,1,1,1,20,20,1.0,1,0,1,0.0162845758503205,0,1,auto_captions,1,1,1,srt_dedup,5136,0,1715,0.0000,1.000,0.381,0.000,en,native_en,1
w3U5RB7vLRA,product_reviews,UCqLbTAc5Mn2cJDu1-FZ2W3g,ok,false,,592,metadata,6,61000,577000,metadata,0,0,0,0,1280,720,0,0,1,1,1,20,20,1.0,1,0,1,0.0028374543980543183,0,1,auto_captions,1,1,1,srt_dedup,5267,0,1761,0.0000,1.000,0.387,0.000,en,native_en,1
w8FEh9hO8ok,product_reviews,UCIk8rlHJ0XNZvVy-MrUHPng,ok,false,,22,metadata,3518,155296,84500,metadata,0,0,0,0,1280,720,0,0,1,1,1,20,20,1.0,1,0,1,0.14421768707482965,0,0,whisper,0,1,0,whisper,3,0,3,0.0000,1.000,0.333,0.000,en,sparse,0
wBIgUGJHXjU,product_reviews,UC663r9Jbqwv6ftJNZDdVVUg,ok,false,,1087,metadata,1319,18132,3570,metadata,0,0,0,0,1280,720,0,0,1,1,1,20,20,1.0,1,0,1,0.1087982773376032,0,1,auto_captions,1,1,1,srt_dedup,9059,0,3021,0.0013,1.000,0.378,0.000,en,native_en,1
wVl9aqSpCj8,product_reviews,UCdRXQr63Ae8FxWe7q6X_1GQ,ok,true,,59,metadata,375,264452,23300,metadata,0,0,0,0,1280,720,0,1,1,1,1,20,20,1.0,1,0,1,0.0,0,1,auto_captions,1,1,1,srt_dedup,674,0,226,0.0000,1.000,0.420,0.000,en,native_en,1
x0Edq-9-y7U,product_reviews,UCWPkvZC_xiRKaR5A3tZUAng,ok,false,,515,metadata,2028,12289,229,metadata,0,0,0,0,1280,720,0,0,1,1,1,19,20,0.95,0,1,1,0.04032869048312842,0,1,auto_captions,1,1,1,srt_dedup,2849,0,973,0.0083,1.000,0.422,0.015,en,native_en,1
x3J4oce3P7E,product_reviews,UCmpxPfad_n2Y81IPNq_pZrA,ok,true,,58,metadata,2,1265,5100,metadata,0,0,0,0,1280,720,0,1,1,1,1,18,20,0.9,0,1,1,0.1304796286745746,0,1,auto_captions,1,1,1,srt_dedup,605,0,203,0.0000,1.000,0.384,0.000,en,native_en,1
xJPFcCWQQBg,product_reviews,UCPNYurVP6xcVuKwRpD5GZAQ,ok,true,,38,metadata,7,3234,7160,metadata,0,0,0,1,1280,720,0,1,1,1,1,20,20,1.0,1,0,1,0.0,0,1,auto_captions,1,1,1,srt_dedup,168,0,56,0.0000,1.000,0.339,0.000,en,native_en,1
xOeX72l6aNs,product_reviews,UC7tb4uOnzxHbec_YhNg9J-w,ok,false,,335,metadata,1851,6944,8930,metadata,0,0,0,0,1280,720,0,0,1,1,1,20,20,1.0,1,0,1,0.15412893391912497,0,1,auto_captions,1,1,1,srt_dedup,2233,0,766,0.0000,1.000,0.359,0.000,en,native_en,1
xVcbqBAKYO8,product_reviews,UCyu5DbOfurVwGf-w_reveiQ,ok,true,,12,metadata,1438,203783,877,metadata,0,0,0,0,1280,720,0,1,1,1,1,20,20,1.0,1,0,1,0.0,0,0,whisper,0,1,0,whisper,25,0,25,0.0000,1.000,0.360,0.000,en,sparse,0
xW4oZmRqcBs,product_reviews,UCS84oawqwDHSUqNJtSTaPmA,ok,false,,483,metadata,25,1426,16500,metadata,0,0,0,0,1280,720,0,0,1,1,1,20,20,1.0,1,0,1,0.22553217898591216,0,0,whisper,0,1,0,whisper,957,0,957,0.0032,1.000,0.329,0.000,en,native_en,1
xerzTz-LP_U,product_reviews,UCpfnClWL0RcM7VDHgrPfsmA,ok,false,,133,metadata,1604,4465,1740,metadata,0,0,0,0,1280,720,0,1,1,1,1,20,20,1.0,1,0,1,0.003151733453399371,0,1,whisper,1,1,1,srt_dedup,22,0,5,0.0000,1.000,0.600,0.000,en,sparse,0
xk-VR5o_W_0,product_reviews,UCI6nWQf9igbskxRiyW7ltdQ,ok,false,,150,metadata,2596,26326,18300,metadata,0,0,0,0,1280,720,0,0,1,1,1,20,20,1.0,1,0,1,0.032206441288257635,0,1,auto_captions,1,1,1,srt_dedup,1401,0,467,0.0000,1.000,0.381,0.000,en,native_en,1
xnRW9AtI28U,product_reviews,UCr2D7uDiJ6bA1Ov0ZZy_5mA,ok,false,,923,metadata,1766,51738,430000,metadata,0,0,0,0,1280,720,0,0,1,1,1,20,20,1.0,1,0,1,0.011770443830271508,0,1,auto_captions,1,1,1,srt_dedup,8620,0,2887,0.0003,1.000,0.389,0.000,en,native_en,1
xq7ciGRTxVg,product_reviews,UCs__MMizS0PbtxZu3dfOxaw,ok,true,,17,metadata,2,1261,592,metadata,0,0,0,1,1280,720,0,1,1,1,1,20,20,1.0,1,0,1,0.0,0,0,whisper,0,1,0,whisper,5,0,5,0.0000,1.000,0.000,0.000,hi,sparse,0
xuTPVzGgiXQ,product_reviews,UCPi5NjvJWXUlegEBRkgVxXA,ok,false,,347,metadata,1133,17068,4160,metadata,0,0,0,0,1280,720,0,0,1,1,1,20,20,1.0,1,0,1,0.012363825004323023,0,1,auto_captions,1,1,1,srt_dedup,3631,0,1217,0.0041,1.000,0.365,0.000,en,native_en,1
y2nubW0RL_o,product_reviews,UCZ856lHQuo-vkEUmzTGIzfw,ok,false,,855,metadata,2866,9526,3010,metadata,0,0,0,0,1280,720,0,0,1,1,1,20,20,1.0,1,0,1,0.118378093733544,0,1,auto_captions,1,1,1,srt_dedup,3929,0,1383,0.0000,1.000,0.413,0.000,en,native_en,1
yAZ0aC2YDMg,product_reviews,UC9M2CLZrrgOk2vQ2vNm74mw,ok,false,,877,metadata,9,1149,2840,metadata,0,0,0,0,1280,720,0,0,1,1,1,20,20,1.0,1,0,1,0.09746081719252618,0,1,auto_captions,1,1,1,srt_dedup,7424,0,2458,0.0000,1.000,0.381,0.000,en,native_en,1
yYDVL6KsH7U,product_reviews,UChdIs1fGi3VYeVUBv_wdb-Q,ok,false,,1480,metadata,15,2018,8350,metadata,0,0,0,0,1280,720,0,0,1,1,1,20,20,1.0,1,0,1,0.09704487413352796,0,1,auto_captions,1,1,1,srt_dedup,15351,0,5011,0.0000,1.000,0.374,0.022,en,native_en,1
ygRO61SWEsU,product_reviews,UCp57W-eQjbYUPJuTMEfbf1Q,ok,false,,599,metadata,862,3537485,4460000,metadata,0,0,0,0,1280,720,0,0,1,1,1,20,20,1.0,1,0,0,,0,1,auto_captions,1,1,1,srt_dedup,5889,0,2012,0.0000,1.000,0.375,0.001,en,native_en,1
yuMmVDhMRHE,product_reviews,UCDxnVzkN8NJdlXkEU2GycYg,ok,true,,56,metadata,1145,38319,5480,metadata,0,0,0,0,1280,720,0,1,1,1,1,20,20,1.0,1,0,1,0.006944444444444447,0,1,auto_captions,1,1,1,srt_dedup,407,0,141,0.0000,1.000,0.348,0.000,en,native_en,1
yuhWUj0P4Mg,product_reviews,UC9Md5k92gK__STt3szc5Igg,ok,false,,591,metadata,1090,68947,13900,metadata,0,0,0,0,1280,720,0,0,1,1,1,20,20,1.0,1,0,1,0.0,0,1,auto_captions,1,1,1,srt_dedup,5317,0,1783,0.0000,1.000,0.402,0.000,en,native_en,1
yxz5NfrDMto,product_reviews,UCljCFO5fIEFuiyaQSAfMiQw,ok,false,,199,metadata,2245,9330,20,metadata,0,0,0,0,1280,720,0,0,1,1,1,20,20,1.0,1,0,1,0.1092310016618825,0,1,auto_captions,1,1,1,srt_dedup,756,0,258,0.0000,1.000,0.326,0.000,en,native_en,1
z3_Gqi-jyT0,product_reviews,UCvxh-qP4TeNKgU6zMzk-KMg,ok,false,,229,metadata,4238,71276,2640,metadata,0,0,0,0,1280,720,0,0,1,1,1,19,20,0.95,0,1,1,0.1980302035456336,0,1,auto_captions,1,1,1,srt_dedup,1560,0,521,0.0000,1.000,0.415,0.006,en,native_en,1
z47_3xbSZUk,product_reviews,UCJQbaRQEzgeE1nV1_LDKuhA,ok,true,,55,metadata,1072,263756,904000,metadata,0,0,0,0,1280,720,0,1,1,1,1,20,20,1.0,1,0,1,0.00550660792951542,0,1,auto_captions,1,1,1,srt_dedup,349,0,127,0.0000,1.000,0.370,0.000,en,native_en,1
z7sXCmcM-Bg,product_reviews,UCEv94RyW95t7qKP5h3ivIqA,ok,true,,10,metadata,719,4841427,61100,metadata,0,0,0,0,1280,720,0,1,1,1,1,20,20,1.0,1,0,1,0.0,0,1,auto_captions,1,1,1,srt_dedup,121,0,44,0.0000,1.000,0.364,0.000,en,sparse,0
zBD8eV8mfHc,product_reviews,UCXUK_InaxgBHlCuNqvx1UyA,ok,true,,7,metadata,1,31335,72000,metadata,0,0,0,1,1280,720,0,1,1,1,1,20,20,1.0,1,0,1,0.3045267489711936,0,1,whisper,1,1,1,srt_dedup,5,0,2,0.0000,1.000,0.000,0.000,en,sparse,0
zH_b_eez6vo,product_reviews,UCd2lZJRC4Y-NjsFBOyHRNqA,ok,false,,2320,metadata,17,123,4590,metadata,0,0,0,0,640,480,1,0,1,1,1,20,20,1.0,1,0,1,0.12178749272456844,0,1,auto_captions,1,1,1,srt_dedup,10977,0,3902,0.0003,1.000,0.386,0.001,en,native_en,1
zMv43xSiuiY,product_reviews,UCpQKB18CD_CpCB9FbyzmC9Q,ok,true,,26,metadata,1,2756,8400,metadata,0,0,0,0,1280,720,0,1,1,1,1,20,20,1.0,1,0,1,0.0,0,1,auto_captions,1,1,1,srt_dedup,286,0,107,0.0000,1.000,0.448,0.000,te,translated_en,1
zRIJWlWlYII,product_reviews,UCHhxJCzko9M_gV8oKl64UTQ,ok,false,,1207,metadata,1165,13210,2430,metadata,0,0,0,0,640,480,1,0,1,1,1,20,20,1.0,1,0,1,0.23449886925619412,0,1,auto_captions,1,1,1,srt_dedup,8608,0,2966,0.0010,1.000,0.370,0.000,en,native_en,1
zVSG3BEZbrk,product_reviews,UC373Z3xNte3TrtmbG9qyY4w,ok,true,,54,metadata,617,8182,136000,metadata,0,0,0,0,1280,720,0,1,1,1,1,20,20,1.0,1,0,1,0.10011123470522808,0,1,auto_captions,1,1,1,srt_dedup,437,0,153,0.0000,1.000,0.444,0.000,en,native_en,1
zYn_KGENMHQ,product_reviews,UCy7LTJDJJHcXEjTMAMl_cUQ,ok,false,,559,metadata,2052,26944,303,metadata,0,0,0,0,1280,720,0,0,1,1,1,20,20,1.0,1,0,1,0.04243789902891776,0,1,auto_captions,1,1,1,srt_dedup,4297,0,1444,0.0000,1.000,0.376,0.006,en,native_en,1
zlSD0tAnFeQ,product_reviews,UCJYtSEiDiVWbgw6uxC7jP1A,ok,true,,49,metadata,915,383889,8250,metadata,0,0,0,0,1280,720,0,1,1,1,1,19,20,0.95,0,1,1,0.0,0,0,whisper,0,1,0,whisper,1,0,1,0.0000,1.000,0.000,0.000,en,sparse,0
-7D7zIJ8bbY,vlogs,UCUydruXtjRqVk7JeR0MbdmQ,ok,true,,62,metadata,441,13125,91000,metadata,0,0,0,1,1280,720,0,1,1,1,1,20,20,1.0,1,0,1,0.0,0,1,auto_captions,1,1,1,srt_dedup,794,0,267,0.0000,1.000,0.408,0.022,ru,translated_en,1
-E7oy48zgo0,vlogs,UCN1ONDpR_gV5SUxIhxAF3gw,ok,false,,919,metadata,267,310335,52200,metadata,0,0,0,0,1280,720,0,0,1,1,1,19,20,0.95,0,1,1,0.15227116872938645,0,1,auto_captions,1,1,1,srt_dedup,3226,0,1124,0.0000,1.000,0.357,0.015,en,native_en,1
-Sw9mWE_dmk,vlogs,UC9BLFIHVuiMBuiKX3y3dWkQ,ok,true,,58,metadata,5,156298,94000,metadata,0,0,1,0,1280,720,0,1,1,1,1,20,20,1.0,1,0,1,0.0,0,1,auto_captions,1,1,1,srt_dedup,764,0,263,0.0000,1.000,0.384,0.000,hi,translated_en,1
-VF8xHdISEs,vlogs,UCIw7Fsv6FLIUAkpqEQUjQ6A,ok,false,,2617,metadata,12,17398,82800,metadata,0,0,0,0,1280,720,0,0,1,1,1,20,20,1.0,1,0,1,0.039569458613693424,0,1,auto_captions,1,1,1,srt_dedup,17467,0,5793,0.0007,1.000,0.379,0.004,en,native_en,1
-ZYQ3WvupZY,vlogs,UCb4l6L58yYFDhQbaFC0fPWQ,ok,true,,43,metadata,14,62249,770000,metadata,0,0,0,0,1280,720,0,1,1,1,1,20,20,1.0,1,0,1,0.0,0,1,auto_captions,1,1,1,srt_dedup,606,0,200,0.0000,1.000,0.380,0.020,en,native_en,1
-kHRtClmTIE,vlogs,UCcmQxZBJ2qTXWpOQCAODyNA,ok,false,,1653,metadata,44,2015373,14900000,metadata,0,0,0,0,1280,720,0,0,1,1,1,20,20,1.0,1,0,1,0.036965121765325,0,1,auto_captions,1,1,1,srt_dedup,15131,0,5209,0.0017,1.000,0.362,0.004,hi,translated_en,1
-mS-O1gL5o0,vlogs,UCWJMtvKZjKYCfwMUpAmuP5A,ok,false,,1678,metadata,14,2675687,23900000,metadata,0,0,0,0,1280,720,0,0,1,1,1,19,20,0.95,0,1,1,0.0006971132362141391,0,1,auto_captions,1,1,1,srt_dedup,13172,0,4560,0.0009,1.000,0.336,0.008,en,native_en,1
-xyHLcVZU4Y,vlogs,UCrZB2IODMXfaTbaaVeLiUqw,ok,true,,60,metadata,218,270,177,metadata,0,0,0,0,1280,720,0,1,1,1,1,20,20,1.0,1,0,1,0.0,0,0,whisper,0,1,0,whisper,1,0,1,0.0000,1.000,0.000,0.000,hi,sparse,0
0Ac7FeMJGwo,vlogs,UCsX0HPX_T74bS-GtpDOge6w,ok,true,,23,metadata,61,4374508,108000,metadata,0,0,0,0,1280,720,0,1,1,1,1,20,20,1.0,1,0,1,0.015404364569961493,0,1,auto_captions,1,1,1,srt_dedup,76,0,24,0.0000,1.000,0.364,0.185,en,sparse,0
0BdVjyz7nDI,vlogs,UCFcBAGR0drI3F15EhMFjuTg,ok,false,,779,metadata,7,2658488,20700000,metadata,0,0,0,0,1280,720,0,0,1,1,1,20,20,1.0,1,0,1,0.02079482439926063,0,0,whisper,0,1,0,whisper,1306,0,1306,0.0308,1.000,0.332,0.000,hi,whisper_on_non_english,0
0I_72h_Nj0o,vlogs,UC9SAMtJQRYtEEn2upkQHozg,ok,true,,60,metadata,12,184128,220000,metadata,0,0,0,0,1280,720,0,1,1,1,1,20,20,1.0,1,0,1,0.0,0,1,auto_captions,1,1,1,srt_dedup,711,0,244,0.0000,1.000,0.398,0.000,hi,translated_en,1
0KVCI6ijsjY,vlogs,UC2BKi0lRr_0yYcgsR6GKGsA,ok,false,,998,metadata,11,380655,1770000,metadata,0,0,0,0,1280,720,0,0,1,1,1,20,20,1.0,1,0,1,0.017638221153846168,0,1,auto_captions,1,1,1,srt_dedup,7690,0,2637,0.0000,1.000,0.329,0.007,de,translated_en,1
0N4UE2-RtA0,vlogs,UCiW3J7Ui-3_WD4UIsMYCbKA,ok,true,,25,metadata,1,15774,19700,metadata,0,0,0,1,1280,720,0,1,1,1,1,20,20,1.0,1,0,1,0.0,0,1,auto_captions,1,1,1,srt_dedup,302,0,106,0.0000,1.000,0.443,0.000,hi,translated_en,1
0RsL2qq91AE,vlogs,UCuhp7oH9As-5fU0DrVjOUAw,ok,true,,29,metadata,3,10753864,1610000,metadata,0,0,1,0,1280,720,0,1,1,1,1,20,20,1.0,1,0,1,0.0,0,1,auto_captions,1,1,1,srt_dedup,261,0,92,0.0000,1.000,0.283,0.011,hi,translated_en,1
0TdZM110qxM,vlogs,UCuhp7oH9As-5fU0DrVjOUAw,ok,true,,28,metadata,2,10210689,1610000,metadata,0,0,1,0,1280,720,0,1,1,1,1,20,20,1.0,1,0,1,0.0,0,1,auto_captions,1,1,1,srt_dedup,202,0,68,0.0000,1.000,0.279,0.000,hi,translated_en,1
0VfvepNmE4Q,vlogs,UCBsrD6O3r86xDGQIjb_Glbw,ok,false,,1250,metadata,115,1293585,304000,metadata,0,0,0,0,1280,720,0,0,1,1,1,20,20,1.0,1,0,1,0.004993877698014457,0,1,auto_captions,1,1,1,srt_dedup,6993,0,2417,0.0000,1.000,0.331,0.010,en,native_en,1
0YAELDpe6Aw,vlogs,UCH4APo2ghLeQisOsMFeruSQ,ok,false,,864,metadata,7,392679,41300,metadata,0,0,0,0,1280,720,0,0,1,1,1,20,20,1.0,1,0,1,0.028912568116344465,0,1,auto_captions,1,1,1,srt_dedup,11029,0,3672,0.0000,1.000,0.359,0.006,es,translated_en,1
0e7cCLKQbI0,vlogs,UCEDWS0AWlvKzgdkhSjMezqQ,ok,false,,1012,metadata,449,1753107,22200,metadata,0,0,0,0,1280,720,0,0,1,1,1,19,20,0.95,0,1,1,0.20918926930487614,0,0,whisper,0,1,0,whisper,3,0,3,0.0000,1.000,0.333,0.000,en,sparse,0
0gBmSmiYlfQ,vlogs,UC28haopD28ljl7lVEKkw1PA,ok,true,,53,metadata,348,98802978,15900000,metadata,0,0,1,0,1280,720,0,1,1,1,1,20,20,1.0,1,0,1,0.0,0,0,whisper,0,1,0,whisper,14,0,14,0.0000,1.000,0.286,0.000,en,sparse,0
0gLTzzZVtLU,vlogs,UCItslqV499l-9FlqWO85fdw,ok,false,,1253,metadata,12,225118,537000,metadata,0,0,0,0,1280,720,0,0,1,1,1,20,20,1.0,1,0,1,0.021028429094915348,0,1,auto_captions,1,1,1,srt_dedup,8431,0,2835,0.0035,1.000,0.355,0.015,en,native_en,1
0j5lSvu1otA,vlogs,UChBwgWke9kxtuIT0Su-LBow,ok,true,,72,metadata,9,91479,32900,metadata,0,0,0,0,1280,720,0,1,1,1,1,20,20,1.0,1,0,1,0.04449064449064451,0,0,whisper,0,1,0,whisper,14,0,14,0.0000,1.000,0.143,0.000,tr,sparse,0
0lfwsk3G0xk,vlogs,UCtOOZHpdNzjCsKS0hdbfMNw,ok,true,,19,metadata,91,3365,346,metadata,0,0,0,0,1280,720,0,1,1,1,1,20,20,1.0,1,0,1,0.0,0,0,whisper,0,1,0,whisper,1,0,1,0.0000,0.000,0.000,0.000,en,sparse,0
0n42-2bV7no,vlogs,UC4M-MIO7eKc228E3cbHpRiA,ok,false,,3110,metadata,20,251858,902000,metadata,0,0,0,0,1280,720,0,0,1,1,1,20,20,1.0,1,0,1,0.008391608391608395,0,0,whisper,0,1,0,whisper,3028,0,3028,0.0659,1.000,0.337,0.000,id,whisper_on_non_english,0
0n9mEipmDjY,vlogs,UCUzvW98UhwyHcmUe5mRkjHQ,ok,false,,978,metadata,7,619289,12000000,metadata,0,0,0,0,1280,720,0,0,1,1,1,20,20,1.0,1,0,1,0.03679965653653901,0,1,auto_captions,1,1,1,srt_dedup,9380,0,3247,0.0034,1.000,0.389,0.006,hi,translated_en,1
0tfcJDOSZPU,vlogs,UCgAq9LRKx0NUSZ0ZtB3DWIg,ok,true,,26,metadata,322,86836292,12600000,metadata,0,0,0,0,1280,720,0,1,1,1,1,20,20,1.0,1,0,1,0.0,0,0,whisper,0,1,0,whisper,43,0,43,0.0556,1.000,0.419,0.000,hi,sparse,0
0vH0WXpbxC0,vlogs,UCy3m1_dPUtLYcB7DxgTdy5g,ok,false,,897,metadata,35,633608,173000,metadata,0,0,0,0,1280,720,0,0,1,1,1,20,20,1.0,1,0,1,0.011203263995719357,0,1,auto_captions,1,1,1,srt_dedup,9451,0,3204,0.0003,1.000,0.406,0.006,en,native_en,1
0wzi3yXsy8o,vlogs,UCbtECPKhQOPsigqBBJl7hlQ,ok,true,,57,metadata,1,1493,353,metadata,0,0,0,1,1280,720,0,1,1,1,1,20,20,1.0,1,0,1,0.0,0,1,auto_captions,1,1,1,srt_dedup,908,0,306,0.0000,1.000,0.441,0.000,hi,translated_en,1
11xMRGN-KWE,vlogs,UCWJMtvKZjKYCfwMUpAmuP5A,ok,false,,2019,metadata,10,2714443,23900000,metadata,0,0,0,0,1280,720,0,0,1,1,1,20,20,1.0,1,0,1,0.001887269106742158,0,1,auto_captions,1,1,1,srt_dedup,17269,0,5925,0.0010,1.000,0.338,0.004,en,native_en,1
18yWzIUkreU,vlogs,UCHlbZ9NH8aebNJnd1ntmTig,ok,true,,13,metadata,178,144,48600,metadata,0,0,0,1,1280,720,0,1,1,1,1,20,20,1.0,1,0,1,0.0,0,1,auto_captions,1,1,1,srt_dedup,58,0,24,0.0000,1.000,0.292,0.000,en,sparse,0
1WgMQ9iGZcc,vlogs,UCpyWgLix_ErT2l4nbDd0s2A,ok,true,,41,metadata,7,333967,47300,metadata,0,0,0,0,1280,720,0,1,1,1,1,20,20,1.0,1,0,1,0.0,0,1,auto_captions,1,1,1,srt_dedup,504,0,191,0.0000,1.000,0.342,0.000,te,translated_en,1
1fClYsOGYQE,vlogs,UCbK2Dc_JBauzczySLBg_1Ig,ok,true,,60,metadata,513,3319469,1580000,metadata,0,0,0,0,1280,720,0,1,1,1,1,20,20,1.0,1,0,1,0.04419889502762432,0,0,whisper,0,0,0,none,0,0,0,0.0000,0.000,0.000,0.000,en,missing,0
1t-M3NpiXUs,vlogs,UCIvkyLelNLPGO5GIYCcrTxQ,ok,false,,762,metadata,30,2446157,7520000,metadata,0,0,0,0,1280,720,0,0,1,1,1,20,20,1.0,1,0,1,0.005120327700972866,0,1,auto_captions,1,1,1,srt_dedup,8544,0,2903,0.0052,1.000,0.362,0.009,hi,translated_en,1
2-iOGD52g4o,vlogs,UCjvgGbPPn-FgYeguc5nxG4A,ok,false,,878,metadata,17,6034456,41600000,metadata,0,0,0,0,1280,720,0,0,1,1,1,20,20,1.0,1,0,1,0.06598360655737706,0,1,auto_captions,1,1,1,srt_dedup,7906,0,2718,0.0030,1.000,0.359,0.001,hi,translated_en,1
22AlEn2zc_E,vlogs,UC8Pw0ep9ceL0IeL_o-Obb9Q,ok,false,,2679,metadata,80,51436,56000,metadata,0,0,0,0,1280,720,0,0,1,1,1,18,20,0.9,0,1,1,0.031202750680390218,0,1,auto_captions,1,1,1,srt_dedup,17605,0,5423,0.0041,1.000,0.352,0.037,en,native_en,1
23hgrvX-Z4c,vlogs,UCKnTHKj6QoNBVMJ1Rkhw2pA,ok,true,,84,metadata,14,759189,817000,metadata,0,0,0,0,1280,720,0,1,1,1,1,20,20,1.0,1,0,1,0.0,0,1,auto_captions,1,1,1,srt_dedup,638,0,234,0.0000,1.000,0.409,0.000,hi,translated_en,1
27hbQhAufmI,vlogs,UC5F0oz5sjbp8X82SW7j47vQ,ok,false,,785,metadata,8,95894,503000,metadata,0,0,0,0,1280,720,0,0,1,1,1,20,20,1.0,1,0,1,0.04508979747802829,0,1,auto_captions,1,1,1,srt_dedup,8656,0,2943,0.0017,1.000,0.406,0.005,hi,translated_en,1
2B6T5l1W064,vlogs,UCnj-zykC0v_6LFxf5WndmwA,ok,false,,1032,metadata,13,32834,358000,metadata,0,0,0,0,1280,720,0,0,1,1,1,20,20,1.0,1,0,1,0.0024710020640134893,0,1,auto_captions,1,1,1,srt_dedup,5844,0,1987,0.0000,1.000,0.358,0.004,en,native_en,1
2IZpJiQCeu4,vlogs,UCAk_loXdoKqPXwnTMmCuDeQ,ok,false,,1292,metadata,213,800098,1500000,metadata,0,0,0,0,1280,720,0,0,1,1,1,20,20,1.0,1,0,1,0.004481077315997216,0,1,auto_captions,1,1,1,srt_dedup,8470,0,2854,0.0004,0.999,0.345,0.008,en,native_en,1
2SOY2H1Su2c,vlogs,UCwbhcvKWYxvjMuFatRy0BHw,ok,true,,58,metadata,13,3709757,1030000,metadata,0,0,0,0,1280,720,0,1,1,1,1,20,20,1.0,1,0,1,0.0,0,1,auto_captions,1,1,1,srt_dedup,524,0,187,0.0000,1.000,0.385,0.016,en,native_en,1
2clwns8eQ18,vlogs,UCXKQI4B4Btpb4whgi-CvghQ,ok,true,,96,metadata,226,20122,2570,metadata,0,0,0,0,1280,720,0,1,1,1,1,20,20,1.0,1,0,1,0.0,0,1,auto_captions,1,1,1,srt_dedup,899,0,298,0.0000,1.000,0.403,0.010,hi,translated_en,1
2jQz0yTMRm4,vlogs,UClyqyvCwTcY2b-V_bSABciQ,ok,true,,36,metadata,2,181974,182000,metadata,0,0,0,0,1280,720,0,1,1,1,1,20,20,1.0,1,0,1,0.0,0,1,auto_captions,1,1,1,srt_dedup,219,0,65,0.0000,1.000,0.431,0.110,hi,translated_en,1
2qWiygoT898,vlogs,UC8QcBUoxllBxZc8ViuBuBcw,ok,false,,987,metadata,10,67372,13400,metadata,0,0,0,0,1280,720,0,0,1,1,1,20,20,1.0,1,0,1,0.0756345949232406,0,1,auto_captions,1,1,1,srt_dedup,6873,0,2385,0.0004,1.000,0.366,0.014,en,native_en,1
2tM5F_X9ztA,vlogs,UC28haopD28ljl7lVEKkw1PA,ok,true,,60,metadata,752,135622743,15900000,metadata,0,0,1,0,1280,720,0,1,1,1,1,20,20,1.0,1,0,1,0.0,0,0,whisper,0,1,0,whisper,2,0,2,0.0000,1.000,0.000,0.000,en,sparse,0
34Dm_ndyGnc,vlogs,UCvWCb04yx89ShWM3GTalnFw,ok,true,,59,metadata,8,780219,88300,metadata,0,0,0,0,1280,720,0,1,1,1,1,20,20,1.0,1,0,1,0.0,0,1,auto_captions,1,1,1,srt_dedup,617,0,209,0.0000,1.000,0.341,0.000,en,native_en,1
3CdaYmuCgvo,vlogs,UCde3UOqD6Adc_eceRgXDZmw,ok,false,,823,metadata,11,277319,1720000,metadata,0,0,0,0,1280,720,0,0,1,1,1,20,20,1.0,1,0,1,0.007185585059819076,0,1,auto_captions,1,1,1,srt_dedup,5588,0,1923,0.0037,1.000,0.391,0.005,en,native_en,1
3X-_ub_NJNA,vlogs,UCkn7QWNmJftBg-yHla3EJjw,ok,true,,46,metadata,11,8469145,9650000,metadata,0,0,0,0,1280,720,0,1,1,1,1,20,20,1.0,1,0,1,0.0,0,1,auto_captions,1,1,1,srt_dedup,500,0,172,0.0000,1.000,0.349,0.000,hi,translated_en,1
3_q4ltsZdXw,vlogs,UC28haopD28ljl7lVEKkw1PA,ok,true,,38,metadata,334,182651792,15900000,metadata,0,0,0,0,1280,720,0,1,1,1,1,20,20,1.0,1,0,1,0.0,0,0,whisper,0,1,0,whisper,5,0,5,0.0000,1.000,0.000,0.000,en,sparse,0
3flasGVUrCA,vlogs,UCLloLCKwouRe0hRwR91tNKw,ok,false,,,none,161,16701648,136000,metadata,1,0,0,1,1280,720,0,0,1,1,1,20,20,1.0,1,0,1,0.006718082166671765,0,0,whisper,0,1,0,whisper,21382,0,21382,0.5776,1.000,0.256,0.000,en,native_en,0
3tRLD_qitXg,vlogs,UCPXLAruFusYx0ZI_WA8T34w,ok,true,,75,metadata,1,989876,7240000,metadata,0,0,0,0,1280,720,0,1,1,1,1,20,20,1.0,1,0,1,0.0,0,1,auto_captions,1,1,1,srt_dedup,880,0,297,0.0000,1.000,0.364,0.000,hi,translated_en,1
3v-t2Qt39yE,vlogs,UCD5uKMwszYqaxA4Vvwlemwg,ok,false,,1418,metadata,345,203410,62100,metadata,0,0,0,0,1280,720,0,0,1,1,1,19,20,0.95,0,1,1,0.05866920554321372,0,1,auto_captions,1,1,1,srt_dedup,12449,0,4139,0.0005,1.000,0.350,0.000,en,native_en,1
3vfzYJLaskA,vlogs,UC1g_04NgoUdMNEkY_1D5aSg,ok,true,,59,metadata,12,4296315,1220000,metadata,0,0,0,0,1280,720,0,1,1,1,1,19,20,0.95,0,1,1,0.0,0,1,auto_captions,1,1,1,srt_dedup,693,0,234,0.0000,1.000,0.404,0.000,ta,translated_en,1
41mF69pzsNw,vlogs,UCFcBAGR0drI3F15EhMFjuTg,ok,false,,736,metadata,14,3164163,20700000,metadata,0,0,0,0,1280,720,0,0,1,1,1,20,20,1.0,1,0,1,0.02629647749510764,0,0,whisper,0,1,0,whisper,1039,0,1039,0.0165,1.000,0.343,0.000,hi,whisper_on_non_english,0
4MFUzsuKDno,vlogs,UCuRUrUgM28vJL-1tCvPey0Q,ok,false,,2727,metadata,110,164337,46300,metadata,0,0,0,0,1280,720,0,0,1,1,1,20,20,1.0,1,0,1,0.08725312207735045,0,0,whisper,0,1,0,whisper,29,0,29,0.0000,1.000,0.276,0.000,en,sparse,0
4P2Wv7tlTXM,vlogs,UCb2Uob9gB6v7JZHncZB_jDQ,ok,false,,648,metadata,333,110680,29600,metadata,0,0,0,0,1280,720,0,0,1,1,1,19,20,0.95,0,1,1,0.02036000185090927,0,1,auto_captions,1,1,1,srt_dedup,3759,0,1253,0.0000,1.000,0.346,0.000,en,native_en,1
4X6GvT37-1w,vlogs,UC7S5chzuIbMfRg-DYepOECg,ok,true,,15,metadata,126,170,151,metadata,0,0,0,1,1280,720,0,1,1,1,1,20,20,1.0,1,0,1,0.15369261477045917,0,1,whisper,1,1,1,srt_dedup,1,0,1,0.0000,1.000,0.000,0.000,en,sparse,0
4XOT-eNaqa8,vlogs,UC-G03nGTjd2qtbGujOYFHKw,ok,true,,36,metadata,15,2133412,93300,metadata,0,0,0,0,1280,720,0,1,1,1,1,20,20,1.0,1,0,1,0.0,0,1,auto_captions,1,1,1,srt_dedup,498,0,170,0.0000,1.000,0.394,0.000,en,native_en,1
4_CM7iESxgE,vlogs,UCzA4rUy-K3DlFUtQb1Lg0Gg,ok,true,,59,metadata,15,1477343,2700000,metadata,0,0,0,0,1280,720,0,1,1,1,1,20,20,1.0,1,0,1,0.0,0,1,auto_captions,1,1,1,srt_dedup,67,0,30,0.0000,1.000,0.300,0.000,en,sparse,0
4gnwfEGORww,vlogs,UC3YCsXJjxUY-nTbmQVQ3nSg,ok,true,,23,metadata,521,1640170,510000,metadata,0,0,0,0,1280,720,0,1,1,1,1,20,20,1.0,1,0,1,0.0,0,1,whisper,1,0,1,srt_dedup,0,0,2,0.0000,1.000,0.000,0.000,en,sparse,0
4ji5YKPYzmA,vlogs,UCFiIJEdXb4ZWeK8zYDIaqPQ,ok,true,,83,metadata,22,608169,2210000,metadata,0,0,0,0,1280,720,0,1,1,1,1,20,20,1.0,1,0,1,0.0,0,1,auto_captions,1,1,1,srt_dedup,1144,0,382,0.0000,1.000,0.385,0.000,en,native_en,1
4kXpoMpXb3E,vlogs,UCUDOi90KM6AhNyJe-G7W4lQ,ok,false,,1501,metadata,5,112615,858000,metadata,0,0,0,0,640,480,1,0,1,1,1,20,20,1.0,1,0,1,0.06764993904510665,0,1,auto_captions,1,1,1,srt_dedup,7957,0,2885,0.0028,1.000,0.318,0.012,en,native_en,1
4wCwVzlo3EQ,vlogs,UCnfKSOftPqGsVFNEHLlc6pg,ok,true,,68,metadata,43,1611422,2920000,metadata,0,0,0,0,1280,720,0,1,1,1,1,20,20,1.0,1,0,1,0.13550373955125392,0,1,whisper,1,1,0,whisper,72,0,72,0.2154,1.000,0.236,0.000,en,native_en,1
4xZ7sj7vGKY,vlogs,UCk-pANJ8P9Jm_tq3i0wx-nw,ok,false,,1854,metadata,11,1352570,2210000,metadata,0,0,0,0,1280,720,0,0,1,1,1,20,20,1.0,1,0,1,0.010371664805915577,0,1,auto_captions,1,1,1,srt_dedup,18116,0,6300,0.0008,1.000,0.331,0.005,hi,translated_en,1
5207trn9Fm0,vlogs,UClyw32fdzLCsqbkfzhdrtXA,ok,true,,56,metadata,14,56588515,23300000,metadata,0,0,0,0,1280,720,0,1,1,1,1,20,20,1.0,1,0,1,0.0,0,1,auto_captions,1,1,1,srt_dedup,374,0,133,0.0000,1.000,0.301,0.015,hi,translated_en,1
5630Hz2Dzw4,vlogs,UCcmQxZBJ2qTXWpOQCAODyNA,ok,true,,39,metadata,9,4743669,14900000,metadata,0,0,0,0,1280,720,0,1,1,1,1,20,20,1.0,1,0,1,0.0,0,1,auto_captions,1,1,1,srt_dedup,652,0,221,0.0000,1.000,0.432,0.000,hi,translated_en,1
588qx9Ccd14,vlogs,UCeWhsfqHbdc-xD08o4wfHBQ,ok,true,,17,metadata,2,128253,354000,metadata,0,0,0,0,1280,720,0,1,1,1,1,20,20,1.0,1,0,1,0.0,0,1,auto_captions,1,1,1,srt_dedup,96,0,32,0.0000,1.000,0.387,0.000,pt,sparse,0
5K7VZ3y5AIc,vlogs,UCeGUqJFEuNCiECPrHMup3tg,ok,false,,891,metadata,60,322292,2140000,metadata,0,0,0,0,1280,720,0,0,1,1,1,20,20,1.0,1,0,1,0.024783648179950848,0,1,auto_captions,1,1,1,srt_dedup,2758,0,911,0.0000,1.000,0.364,0.015,en,native_en,1
5Kfu-iUTVQk,vlogs,UCbHQsM6x-qCnxRILQgX0PvA,ok,true,,58,metadata,421,369991,217000,metadata,0,0,0,0,1280,720,0,1,1,1,1,18,20,0.9,0,1,1,0.08268733850129203,0,1,auto_captions,1,1,1,srt_dedup,576,0,196,0.0000,1.000,0.396,0.000,fr,translated_en,1
5Pv2n_AvOqY,vlogs,UCrn-7E41QWkrj6ycrCuZZlQ,ok,false,,813,metadata,10,449132,1300000,metadata,0,0,0,0,1280,720,0,0,1,1,1,20,20,1.0,1,0,1,0.0018073177928592513,0,1,auto_captions,1,1,1,srt_dedup,7494,0,2561,0.0000,1.000,0.369,0.003,en,native_en,1
5VR7ir5oB4w,vlogs,UCHDQOZjxuSm0-LgLQtMeCqw,ok,false,,1400,metadata,11,2330220,6870000,metadata,0,0,0,0,1280,720,0,0,1,1,1,20,20,1.0,1,0,1,0.01103847390419034,0,1,auto_captions,1,1,1,srt_dedup,12572,0,4284,0.0026,1.000,0.374,0.007,hi,translated_en,1
5e8SBi9G2bk,vlogs,UCBTDAlFNciEA6_9nJgFfn8Q,ok,true,,76,metadata,12,1415547,918000,metadata,0,0,0,0,1280,720,0,1,1,1,1,20,20,1.0,1,0,1,0.0,0,1,auto_captions,1,1,1,srt_dedup,817,0,281,0.0000,1.000,0.374,0.000,hi,translated_en,1
5hedan63SZE,vlogs,UCx-G-8iKGoVWQj2i-kuyIYQ,ok,false,,1098,metadata,8,87314,174000,metadata,0,0,0,0,1280,720,0,0,1,1,1,20,20,1.0,1,0,1,0.12347973434638813,0,0,whisper,0,1,0,whisper,61,0,61,0.0000,1.000,0.295,0.000,en,native_en,1
5iFG264wz9U,vlogs,UC28haopD28ljl7lVEKkw1PA,ok,true,,57,metadata,23,7143189,15900000,metadata,0,0,1,0,1280,720,0,1,1,1,1,19,20,0.95,0,1,1,0.0,0,1,auto_captions,1,1,1,srt_dedup,501,0,170,0.0000,1.000,0.347,0.017,en,native_en,1
5ix9lbmEWYw,vlogs,UCFD_GnfS3uoOPSHQ-c5W7tg,ok,true,,82,metadata,0,7440,1520000,metadata,0,0,0,0,1280,720,0,1,1,1,1,20,20,1.0,1,0,1,0.0,0,1,whisper,1,1,0,whisper,63,0,63,0.1786,1.000,0.286,0.000,en,native_en,1
5qLYtnzCbi8,vlogs,UC2Z8m-SKLfC9qOdDEdjHX7Q,ok,false,,744,metadata,5,85556,1580000,metadata,0,0,0,0,1280,720,0,0,1,1,1,20,20,1.0,1,0,1,0.09734370591317668,0,0,whisper,0,1,0,whisper,678,0,678,0.0462,0.999,0.385,0.000,hi,whisper_on_non_english,0
5sOj52ys1N0,vlogs,UCYVFeFY_4-755hqdPfB2qpw,ok,true,,53,metadata,20,333102,654000,metadata,0,0,0,0,1280,720,0,1,1,1,1,20,20,1.0,1,0,1,0.0,0,0,whisper,0,1,0,whisper,223,0,223,0.0000,1.000,0.350,0.000,en,native_en,1
5vBiLK46EoM,vlogs,UCIvkyLelNLPGO5GIYCcrTxQ,ok,true,,59,metadata,13,8134542,7530000,metadata,0,0,0,0,1280,720,0,1,1,1,1,20,20,1.0,1,0,1,0.0,0,1,auto_captions,1,1,1,srt_dedup,673,0,226,0.0000,1.000,0.369,0.004,en,native_en,1
66MX7rEl748,vlogs,UCNKWfWg41fKCYsVd8-dJHGA,ok,false,,1997,metadata,9,543031,518000,metadata,0,0,0,0,1280,720,0,0,1,1,1,20,20,1.0,1,0,1,0.05112569652002824,0,1,auto_captions,1,1,1,srt_dedup,13606,0,4429,0.0000,1.000,0.346,0.003,en,native_en,1
66MfaFGD6Eg,vlogs,UC9BLFIHVuiMBuiKX3y3dWkQ,ok,true,,53,metadata,0,35375,93900,metadata,0,0,1,0,1280,720,0,1,1,1,1,20,20,1.0,1,0,1,0.0,0,1,auto_captions,1,1,1,srt_dedup,654,0,220,0.0000,1.000,0.416,0.000,hi,translated_en,1
6JR4R7SEnt4,vlogs,UCfPc8UFgOt13ikYK5E2U3WA,ok,true,,17,metadata,4,288103,8630,metadata,0,0,0,0,1280,720,0,1,1,1,1,20,20,1.0,1,0,1,0.0,0,1,whisper,1,1,1,srt_dedup,11,0,6,0.0000,1.000,0.333,0.000,or,sparse,0
6ftD0N64ZII,vlogs,UCjvgGbPPn-FgYeguc5nxG4A,ok,false,,1204,metadata,13,4732139,41600000,metadata,0,0,0,0,1280,720,0,0,1,1,1,20,20,1.0,1,0,0,,0,1,auto_captions,1,1,1,srt_dedup,7865,0,2709,0.0004,1.000,0.386,0.015,hi,translated_en,1
6mXoTqNOLF8,vlogs,UCjvgGbPPn-FgYeguc5nxG4A,ok,false,,593,metadata,2,4235004,41600000,metadata,0,0,0,0,1280,720,0,0,1,1,1,20,20,1.0,1,0,1,0.10733977439425361,0,1,auto_captions,1,1,1,srt_dedup,5514,0,1906,0.0053,1.000,0.388,0.001,hi,translated_en,1
6nuemrJg1l0,vlogs,UCgAq9LRKx0NUSZ0ZtB3DWIg,ok,true,,59,metadata,13,65344079,12600000,metadata,0,0,0,0,1280,720,0,1,1,1,1,20,20,1.0,1,0,1,0.0,0,1,auto_captions,1,1,1,srt_dedup,748,0,263,0.0000,1.000,0.330,0.000,hi,translated_en,1
6qjumS2U81s,vlogs,UCHlbZ9NH8aebNJnd1ntmTig,ok,true,,8,metadata,184,145,48600,metadata,0,0,0,0,1280,720,0,1,1,1,1,20,20,1.0,1,0,1,0.0,0,1,whisper,1,1,1,srt_dedup,2,0,8,0.0000,1.000,0.250,0.000,en,sparse,0
6sCvZqHSPAY,vlogs,UClKAZxeXot1v48n8uDMN_aA,ok,true,,178,metadata,9,270245,91100,metadata,0,0,0,0,1280,720,0,1,1,1,1,20,20,1.0,1,0,1,0.10524546065904511,0,1,auto_captions,1,1,1,srt_dedup,1071,0,363,0.0000,1.000,0.311,0.000,hi,translated_en,1
6yuASL9Q8to,vlogs,UCvKQ501YpFS4rEGuq1nu42Q,ok,true,,23,metadata,2,18920,42500,metadata,0,0,1,0,1280,720,0,1,1,1,1,20,20,1.0,1,0,1,0.0,0,1,auto_captions,1,1,1,srt_dedup,273,0,97,0.0000,1.000,0.278,0.000,hi,translated_en,1
7BcppfDoj4g,vlogs,UCpFKsp-UHeBau-K_QBbQsgg,ok,false,,753,metadata,57,1145192,816000,metadata,0,0,0,0,1280,720,0,0,1,1,1,20,20,1.0,1,0,1,0.01565549934270805,0,1,auto_captions,1,1,1,srt_dedup,4216,0,1462,0.0000,1.000,0.360,0.010,en,native_en,1
7Kkj68R7GRs,vlogs,UCX9HZNbycZiB3VVuQxK5nEQ,ok,false,,896,metadata,10,41342,72100,metadata,0,0,0,0,1280,720,0,0,1,1,1,20,20,1.0,1,0,1,0.03434194671308076,0,1,auto_captions,1,1,1,srt_dedup,7987,0,2583,0.0000,1.000,0.343,0.002,en,native_en,1
7NI_-uP21TM,vlogs,UCbZ-t3qPLfKO6xncRqeT-lg,ok,true,,34,metadata,8,3085486,2630000,metadata,0,0,0,0,1280,720,0,1,1,1,1,19,20,0.95,0,1,1,0.0,0,1,auto_captions,1,1,1,srt_dedup,320,0,113,0.0000,1.000,0.354,0.017,en,native_en,1
7TPUchKPqug,vlogs,UCjvgGbPPn-FgYeguc5nxG4A,ok,false,,774,metadata,31,4748563,41600000,metadata,0,0,0,0,1280,720,0,0,1,1,1,20,20,1.0,1,0,1,0.028892767112662403,0,0,whisper,0,1,0,whisper,1274,0,1274,0.0284,1.000,0.370,0.000,hi,whisper_on_non_english,0
7YF-7Ztd9yM,vlogs,UCPXLAruFusYx0ZI_WA8T34w,ok,true,,79,metadata,9,5795351,7240000,metadata,0,0,0,0,1280,720,0,1,1,1,1,20,20,1.0,1,0,1,0.0,0,1,auto_captions,1,1,1,srt_dedup,1023,0,345,0.0000,1.000,0.357,0.000,hi,translated_en,1
7nYRXYVS4nw,vlogs,UCuTLGbTDvejRN3PXOcS2cHg,ok,true,,120,metadata,7,132241,24700,metadata,0,0,0,0,1280,720,0,1,1,1,1,19,20,0.95,0,1,1,0.0,0,1,auto_captions,1,1,1,srt_dedup,1705,0,573,0.0000,1.000,0.409,0.000,pl,translated_en,1
7v67Y02czU0,vlogs,UCsxaFecfdxzb8W_YbXbhr7Q,ok,false,,228,metadata,27,1530114,198000,metadata,0,0,0,0,1280,720,0,0,1,1,1,20,20,1.0,1,0,1,0.0,0,1,auto_captions,1,1,1,srt_dedup,1457,0,442,0.3655,1.000,0.348,0.083,en,native_en,1
7vxHLo2oBUU,vlogs,UCWJMtvKZjKYCfwMUpAmuP5A,ok,false,,2404,metadata,5,4335728,23800000,metadata,0,0,0,0,1280,720,0,0,1,1,1,20,20,1.0,1,0,1,0.0010358297245691328,0,1,auto_captions,1,1,1,srt_dedup,21053,0,7272,0.0007,1.000,0.321,0.004,en,native_en,1
85OUNUY3AMI,vlogs,UCYtI-862ojEBkTZDiIg74uA,ok,true,,32,metadata,352,298696,1780000,metadata,0,0,0,0,1280,720,0,1,1,1,1,20,20,1.0,1,0,1,0.0,0,0,whisper,0,1,0,whisper,95,0,95,0.0000,1.000,0.358,0.000,pt,whisper_on_non_english,0
8IL_nMjDNg4,vlogs,UCq0fToUIqmbVZasHtzyYg8A,ok,true,,179,metadata,0,12854,49900,metadata,0,0,0,0,1280,720,0,1,1,1,1,20,20,1.0,1,0,1,0.004523370748869159,0,1,auto_captions,1,1,1,srt_dedup,2099,0,705,0.0000,1.000,0.430,0.000,hi,translated_en,1
8Ms49d7az_A,vlogs,UCxSDXFuA1XEeDSzl9wcctvA,ok,true,,18,metadata,108,427,636,metadata,0,0,0,1,1280,720,0,1,1,1,1,20,20,1.0,1,0,1,0.0,0,1,auto_captions,1,1,1,srt_dedup,57,0,22,0.0000,1.000,0.409,0.043,hi,sparse,0
8OUaCD5oZws,vlogs,UCvwWb_vQ8SGPh1gy1CVRcyQ,ok,true,,51,metadata,11,4215942,506000,metadata,0,0,0,0,1280,720,0,1,1,1,1,20,20,1.0,1,0,1,0.0,0,1,auto_captions,1,1,1,srt_dedup,614,0,214,0.0000,1.000,0.369,0.000,en,native_en,1
8SIhXFR4I5U,vlogs,UCk6ypW9KfozI4Qrn8HPhQ7g,ok,true,,66,metadata,22,1215773,48800,metadata,0,0,0,0,1280,720,0,1,1,1,1,20,20,1.0,1,0,1,0.0,0,1,auto_captions,1,1,1,srt_dedup,758,0,256,0.0000,1.000,0.332,0.000,en,native_en,1
8WdVPCMYMaI,vlogs,UCxOiod5rFE6Gq27ENJwA1gw,ok,false,,1361,metadata,249,138004,39700,metadata,0,0,0,0,1280,720,0,0,1,1,1,20,20,1.0,1,0,1,0.06331011374658317,0,1,auto_captions,1,1,1,srt_dedup,3625,0,1259,0.0016,1.000,0.333,0.023,en,native_en,1
8q8ICVvXgLo,vlogs,UCDtvjH47MK02iNrCT0wu2lQ,ok,true,,54,metadata,20,531637,30200,metadata,0,0,0,0,1280,720,0,1,1,1,1,20,20,1.0,1,0,1,0.0,0,1,auto_captions,1,1,1,srt_dedup,521,0,175,0.0000,1.000,0.411,0.017,en,native_en,1
8qFMOnKnrU8,vlogs,UC0RCbuy2jN3zE5VTPJC4NVA,ok,true,,95,metadata,14,3583699,236000,metadata,0,0,0,0,1280,720,0,1,1,1,1,20,20,1.0,1,0,1,0.008866371120962639,0,1,whisper,1,1,1,srt_dedup,4,0,3,0.0000,1.000,0.000,0.250,vi,sparse,0
8qctYC4uoqY,vlogs,UCMSooEdloSMWLEPtEgLRpXQ,ok,true,,59,metadata,18,525233,503000,metadata,0,0,0,0,1280,720,0,1,1,1,1,20,20,1.0,1,0,1,0.007088607594936711,0,1,auto_captions,1,1,1,srt_dedup,382,0,134,0.0000,1.000,0.358,0.000,en,native_en,1
8zhCpAQowf8,vlogs,UCU5H6m2v8MO6EFEGSusYJpw,ok,true,,42,metadata,7,192435,1810,metadata,0,0,0,0,1280,720,0,1,1,1,1,20,20,1.0,1,0,1,0.0,0,1,auto_captions,1,1,1,srt_dedup,472,0,167,0.0000,1.000,0.389,0.000,hi,translated_en,1
99YPOOtJPKs,vlogs,UCtQ6_hXMIieTOIOS99uwOQA,ok,true,,30,metadata,151,352,87,metadata,0,0,0,1,1280,720,0,1,1,1,1,20,20,1.0,1,0,1,0.0796019900497513,0,1,auto_captions,1,1,1,srt_dedup,302,0,108,0.0000,1.000,0.472,0.000,hi,translated_en,1
9AXl_E2GZ8Q,vlogs,UC6N-9Wh0DYhDI8sQS7jwjVA,ok,false,,2302,metadata,7,3917303,15400000,metadata,0,0,0,0,1280,720,0,0,1,1,1,20,20,1.0,1,0,0,,0,1,auto_captions,1,1,1,srt_dedup,19353,0,6387,0.0008,1.000,0.344,0.019,fil,translated_en,1
9EIWKqMO6UQ,vlogs,UC1Jd0cvv3iR0Q5zBNSUOypA,ok,true,,41,metadata,9,1376901,453000,metadata,0,0,0,0,1280,720,0,1,1,1,1,20,20,1.0,1,0,1,0.0,0,0,whisper,0,1,0,whisper,140,0,140,0.1504,1.000,0.514,0.000,te,whisper_on_non_english,0
9MOJH2YM9Lo,vlogs,UCt0Ixx31xpbcDeX-UnK-Fyw,ok,true,,42,metadata,14,65614990,5160000,metadata,0,0,0,0,1280,720,0,1,1,1,1,20,20,1.0,1,0,1,0.007812500000000002,0,1,auto_captions,1,1,1,srt_dedup,213,0,75,0.0000,1.000,0.280,0.051,hi,translated_en,1
9OZMIP7wru8,vlogs,UCIvkyLelNLPGO5GIYCcrTxQ,ok,false,,726,metadata,12,4482652,7530000,metadata,0,0,0,0,1280,720,0,0,1,1,1,20,20,1.0,1,0,1,0.010790028525362774,0,1,auto_captions,1,1,1,srt_dedup,7023,0,2395,0.0021,1.000,0.346,0.011,hi,translated_en,1
9PHOmuO54A8,vlogs,UCgAq9LRKx0NUSZ0ZtB3DWIg,ok,true,,48,metadata,9,60255964,12600000,metadata,0,0,0,0,1280,720,0,1,1,1,1,20,20,1.0,1,0,1,0.0,0,1,auto_captions,1,1,1,srt_dedup,383,0,141,0.0000,1.000,0.264,0.014,hi,translated_en,1
9dbizTosnlo,vlogs,UCHDQOZjxuSm0-LgLQtMeCqw,ok,false,,971,metadata,7,1887692,6880000,metadata,0,0,0,0,1280,720,0,0,1,1,1,20,20,1.0,1,0,1,0.014082767140210006,0,1,auto_captions,1,1,1,srt_dedup,7638,0,2624,0.0031,1.000,0.367,0.021,hi,translated_en,1
9k3lzWutHb4,vlogs,UC_d8E8UozIJpoq89jevopdA,ok,true,,8,metadata,0,23157,182000,metadata,0,0,0,0,1280,720,0,1,1,1,1,20,20,1.0,1,0,1,0.0,0,1,whisper,1,1,1,srt_dedup,11,0,8,0.0000,1.000,0.500,0.111,hi,sparse,0
A-MLsCeURmc,vlogs,UCgKJBKJJrudXZc0LIZH_bKQ,ok,true,,62,metadata,12,330635,12500,metadata,0,0,0,0,1280,720,0,1,1,1,1,20,20,1.0,1,0,1,0.0,0,1,auto_captions,1,1,1,srt_dedup,869,0,297,0.0000,1.000,0.364,0.000,hi,translated_en,1
A3V1QunvrrE,vlogs,UCg-dUfq-_soMT53AOIP1QwA,ok,true,,72,metadata,6,1161087,1310000,metadata,0,0,0,0,1280,720,0,1,1,1,1,20,20,1.0,1,0,1,0.054926624737945524,0,1,auto_captions,1,1,1,srt_dedup,469,0,165,0.0000,1.000,0.352,0.000,pt,translated_en,1
A8fXE5PoQqg,vlogs,UC-A9gAinrAUGj5LiERnv_vQ,ok,true,,135,metadata,3,167143,556000,metadata,0,0,0,0,1280,720,0,1,1,1,1,20,20,1.0,1,0,1,0.04380698243273296,0,1,auto_captions,1,1,1,srt_dedup,1606,0,530,0.0000,1.000,0.360,0.002,en,native_en,1
ADwZfmMMwWA,vlogs,UCgqtOkMB-gLDomCFhkedwMw,ok,true,,30,metadata,1,1155,742,metadata,0,0,0,1,1280,720,0,1,1,1,1,20,20,1.0,1,0,1,0.10600000000000008,0,1,auto_captions,1,1,1,srt_dedup,266,0,99,0.0000,1.000,0.364,0.000,ne,translated_en,1
AIgJlsR2YbI,vlogs,UCW5fZ_opoz4wPhfwnsQivqg,ok,true,,72,metadata,2,128297,94500,metadata,0,0,0,0,1280,720,0,1,1,1,1,20,20,1.0,1,0,1,0.0,0,1,auto_captions,1,1,1,srt_dedup,1064,0,355,0.0000,0.999,0.418,0.003,fr,translated_en,1
AJ-hoe_JeAM,vlogs,UCjvgGbPPn-FgYeguc5nxG4A,ok,false,,610,metadata,6,5446485,41600000,metadata,0,0,0,0,1280,720,0,0,1,1,1,19,20,0.95,0,1,1,0.09517248166920926,0,1,auto_captions,1,1,1,srt_dedup,5169,0,1872,0.0509,1.000,0.363,0.001,hi,translated_en,1
AMmiTiBLrBc,vlogs,UCEP9WOPkf9ZBSbXpPpe3GTw,ok,false,,919,metadata,6,46750,57100,metadata,0,0,0,0,1280,720,0,0,1,1,1,20,20,1.0,1,0,1,0.11830976716846811,0,1,auto_captions,1,1,1,srt_dedup,4500,0,1666,0.0096,1.000,0.350,0.005,mr,translated_en,1
AU8eXALrOGM,vlogs,UCypeLkg3Ne5-LIyiB41b1GQ,ok,false,,2627,metadata,6,3589352,21100000,metadata,0,0,0,0,1280,720,0,0,1,1,1,20,20,1.0,1,0,0,,0,1,auto_captions,1,1,1,srt_dedup,20407,0,6925,0.0000,1.000,0.339,0.005,en,native_en,1
AZcpA5bQXRE,vlogs,UCoL3cx7uImYe8PWdEYVCewQ,ok,true,,27,metadata,94,1402,210,metadata,0,0,0,1,1280,720,0,1,1,1,1,20,20,1.0,1,0,1,0.0,0,1,auto_captions,1,1,1,srt_dedup,105,0,34,0.0000,1.000,0.529,0.128,en,sparse,0
Aa7RRAHkgM4,vlogs,UC9A5Oe2DGv7hhJuYBslfF9A,ok,true,,20,metadata,1,22223,77800,metadata,0,0,0,1,1280,720,0,1,1,1,1,20,20,1.0,1,0,1,0.0,0,1,auto_captions,1,1,1,srt_dedup,116,0,39,0.0000,1.000,0.462,0.000,bn,sparse,0
AiLehkdG9k0,vlogs,UCJiZhZ25NJu_hqcXdzcCTBw,ok,false,,1236,metadata,10,553556,1880000,metadata,0,0,0,0,1280,720,0,0,1,1,1,20,20,1.0,1,0,1,0.03461669175122591,0,1,auto_captions,1,1,1,srt_dedup,8163,0,2895,0.0000,1.000,0.384,0.010,hi,translated_en,1
AtkO24-V3CM,vlogs,UCiU62OZdeYaOWzryECkxROA,ok,false,,1520,metadata,116,218961,1700000,metadata,0,0,0,0,1280,720,0,0,1,1,1,20,20,1.0,1,0,1,0.026369808937312503,0,1,auto_captions,1,1,1,srt_dedup,14596,0,4849,0.0008,1.000,0.367,0.001,en,native_en,1
AvZkBehQHsg,vlogs,UC83RUgBISqsDm_UagGBneoQ,ok,true,,65,metadata,47,12912810,683000,metadata,0,0,0,0,1280,720,0,1,1,1,1,20,20,1.0,1,0,1,0.0,0,1,auto_captions,1,1,1,srt_dedup,797,0,267,0.0000,1.000,0.393,0.000,en,native_en,1
BJxkA9xngfE,vlogs,UChtnX_klmkzjXbNZAIxdVXA,ok,true,,30,metadata,6,67946,22900,metadata,0,0,0,0,1280,720,0,1,1,1,1,20,20,1.0,1,0,1,0.0,0,0,whisper,0,1,0,whisper,22,0,22,0.0000,1.000,0.182,0.000,ja,sparse,0
BK708o4iKnI,vlogs,UC1g_04NgoUdMNEkY_1D5aSg,ok,true,,59,metadata,13,4209804,1220000,metadata,0,0,0,0,1280,720,0,1,1,1,1,20,20,1.0,1,0,1,0.01324503311258279,0,1,auto_captions,1,1,1,srt_dedup,678,0,239,0.0000,1.000,0.448,0.000,ta,translated_en,1
BQJywSBfSeY,vlogs,UCbK2Dc_JBauzczySLBg_1Ig,ok,true,,60,metadata,566,37387938,1580000,metadata,0,0,0,0,1280,720,0,1,1,1,1,20,20,1.0,1,0,1,0.09423558897243114,0,0,whisper,0,1,0,whisper,14,0,14,0.0000,1.000,0.286,0.000,en,sparse,0
BWGCC3Ov-eg,vlogs,UC9BLFIHVuiMBuiKX3y3dWkQ,ok,true,,58,metadata,7,115773,94000,metadata,0,0,1,0,1280,720,0,1,1,1,1,20,20,1.0,1,0,1,0.0,0,1,auto_captions,1,1,1,srt_dedup,751,0,257,0.0000,1.000,0.336,0.000,hi,translated_en,1
BWyuLvkezhI,vlogs,UCjvgGbPPn-FgYeguc5nxG4A,ok,false,,1388,metadata,71,8078726,41600000,metadata,0,0,0,0,1280,720,0,0,1,1,1,20,20,1.0,1,0,1,0.09419851288258685,0,1,auto_captions,1,1,1,srt_dedup,9185,0,3267,0.0012,1.000,0.282,0.005,hi,translated_en,1
B_qvkLXztWc,vlogs,UCwea5K1pbNiRIJckIIhtUWQ,ok,false,,911,metadata,10,29158,444000,metadata,0,0,0,0,1280,720,0,0,1,1,1,20,20,1.0,1,0,1,0.12945590994371492,0,1,auto_captions,1,1,1,srt_dedup,6724,0,2332,0.0030,1.000,0.387,0.001,en,native_en,1
Bbi0qSVHhWc,vlogs,UCqu6nUqP4iov5898O7b9wbA,ok,true,,70,metadata,11,322148,25300,metadata,0,0,0,0,1280,720,0,1,1,1,1,20,20,1.0,1,0,1,0.0,0,1,auto_captions,1,1,1,srt_dedup,825,0,278,0.0000,1.000,0.347,0.011,en,native_en,1
BpxvoQZoGPI,vlogs,UC6WP8sKb6NW5XuPAtsToNwQ,ok,true,,38,metadata,80,177487,14300,metadata,0,0,0,1,1280,720,0,1,1,1,1,19,20,0.95,0,1,1,0.0,0,1,auto_captions,1,1,1,srt_dedup,267,0,104,0.0000,1.000,0.369,0.000,uz,translated_en,1
BxY4YSPShaM,vlogs,UCMvai0JjjVaXOElzM7hqE9Q,ok,true,,38,metadata,0,37493,67700,metadata,0,0,0,0,1280,720,0,1,1,1,1,20,20,1.0,1,0,1,0.0,0,1,whisper,1,1,1,srt_dedup,19,0,4,0.0000,1.000,0.000,0.000,en,sparse,0
CMdJtBUs2Ys,vlogs,UC-jIzW0cFY4pIl5PIHsbJ4w,ok,true,,34,metadata,1,11045,42900,metadata,0,0,1,0,1280,720,0,1,1,1,1,18,20,0.9,0,1,1,0.01066666666666667,0,0,whisper,0,1,0,whisper,53,0,53,0.0000,1.000,0.321,0.000,hi,whisper_on_non_english,0
CUDtU3NhJYg,vlogs,UCXo6lMMRVOnkZ6JFsEQr3Nw,ok,true,,68,metadata,8,105818,64000,metadata,0,0,0,0,1280,720,0,1,1,1,1,20,20,1.0,1,0,1,0.02350332594235034,0,1,auto_captions,1,1,1,srt_dedup,685,0,233,0.0000,1.000,0.378,0.000,en,native_en,1
Cc6-NORzsPM,vlogs,UC-j7tR3DhEt85EM9HbvxXqA,ok,false,,2259,metadata,1,1593067,15500000,metadata,0,0,0,0,1280,720,0,0,1,1,1,20,20,1.0,1,0,0,,0,1,auto_captions,1,1,1,srt_dedup,16885,0,5710,0.0000,1.000,0.341,0.000,en,native_en,1
Ch31WOr1ATs,vlogs,UCty5XYj-AHxqxP25eLR52Pg,ok,true,,5,metadata,84,2362,62,metadata,0,0,0,1,1280,720,0,1,1,1,1,12,20,0.6,0,1,1,0.0,0,1,whisper,1,1,1,srt_dedup,8,0,10,0.0000,1.000,0.000,0.000,en,sparse,0
CixMXNxUGgU,vlogs,UCcwKA5Fw33duGyM7FrFVixw,ok,true,,9,metadata,0,5530,53500,metadata,0,0,0,0,1280,720,0,1,1,1,1,20,20,1.0,1,0,1,0.0,0,1,whisper,1,1,1,srt_dedup,3,0,12,0.0000,1.000,0.364,0.214,pa,sparse,0
Cl8VJcWEwxM,vlogs,UCw-4C5sFYuvAbpXwkC_mEBA,ok,false,,1503,metadata,8,36299,155000,metadata,0,0,0,0,1280,720,0,0,1,1,1,20,20,1.0,1,0,1,0.011279021020901128,0,1,auto_captions,1,1,1,srt_dedup,11033,0,3666,0.0096,1.000,0.385,0.002,en,native_en,1
ClhbVW_myFs,vlogs,UCR0GaZUZ5PyRaYBXWt-tC1A,ok,true,,24,metadata,8,235868,28000,metadata,0,0,0,0,1280,720,0,1,1,1,1,20,20,1.0,1,0,1,0.0,0,0,whisper,0,1,0,whisper,3,0,3,0.0000,1.000,0.667,0.000,en,sparse,0
CpVkp-BFdB4,vlogs,UC8TH0y8eM77c6e0oKbLyTLQ,ok,false,,742,metadata,28,158955,18900,metadata,0,0,0,0,1280,720,0,0,1,1,1,20,20,1.0,1,0,1,0.002142106539487512,0,1,auto_captions,1,1,1,srt_dedup,6536,0,2197,0.0000,1.000,0.327,0.008,vi,translated_en,1
Cw2rzMWyKVY,vlogs,UC7hdBo0gwVQhIJ659Br2eiw,ok,false,,1745,metadata,125,372174,100000,metadata,0,0,0,0,1280,720,0,0,1,1,1,20,20,1.0,1,0,1,0.06426593750537414,0,1,auto_captions,1,1,1,srt_dedup,15284,0,5115,0.0027,1.000,0.348,0.004,en,native_en,1
CwlMOUXwODk,vlogs,UCgAq9LRKx0NUSZ0ZtB3DWIg,ok,true,,23,metadata,391,466322933,12600000,metadata,0,0,0,0,1280,720,0,1,1,1,1,20,20,1.0,1,0,1,0.0,0,1,auto_captions,1,1,1,srt_dedup,148,0,53,0.0000,1.000,0.396,0.000,hi,translated_en,1
CxVGyXIiqEM,vlogs,UCTvf2nAFx4Dkh6YD4YNhhZg,ok,false,,1162,metadata,72,134151,52100,metadata,0,0,0,0,1280,720,0,0,1,1,1,20,20,1.0,1,0,1,0.09701666020922117,0,1,whisper,1,1,1,srt_dedup,19,0,50,0.0000,1.000,0.220,0.180,en,native_en,1
DE8K6Q1s_IA,vlogs,UCKMXColCztxoJ5Rw0ythBhA,ok,true,,66,metadata,6,285553,15600,metadata,0,0,0,0,1280,720,0,1,1,1,1,20,20,1.0,1,0,1,0.0,0,0,whisper,0,1,0,whisper,24,0,24,0.0000,1.000,0.250,0.000,en,sparse,0
DL0IPWR3ebc,vlogs,UCVHiobNM6zGm0n55w8RZo_Q,ok,false,,4972,metadata,156,321641,92000,metadata,0,0,0,0,1280,720,0,0,1,1,1,20,20,1.0,1,0,1,0.035028330406763106,0,1,auto_captions,1,1,1,srt_dedup,24919,0,8993,0.0033,1.000,0.367,0.000,en,native_en,1
DhydKxv7RV8,vlogs,UCuLJy1msMYWmBq2FkDx1aYQ,ok,false,,1830,metadata,10,85693,149000,metadata,0,0,0,0,1280,720,0,0,1,1,1,20,20,1.0,1,0,1,0.052595348532280026,0,1,auto_captions,1,1,1,srt_dedup,16806,0,5658,0.0005,1.000,0.378,0.006,es,translated_en,1
DlHyGraT9xA,vlogs,UCzA4rUy-K3DlFUtQb1Lg0Gg,ok,true,,58,metadata,4,3768008,2700000,metadata,0,0,0,0,1280,720,0,1,1,1,1,20,20,1.0,1,0,1,0.009859885832900886,0,1,whisper,1,1,0,whisper,92,0,92,0.0000,0.997,0.359,0.000,bn,whisper_on_non_english,0
DnM38sAlD_s,vlogs,UCJ69ZIKF5GEMXZCAIQJuhJw,ok,false,,1234,metadata,372,355765,270000,metadata,0,0,0,0,1280,720,0,0,1,1,1,18,20,0.9,0,1,1,0.0127927621178588,0,1,auto_captions,1,1,1,srt_dedup,10209,0,3479,0.0000,1.000,0.342,0.000,en,native_en,1
DzhPKTlZZKM,vlogs,UCbZ-t3qPLfKO6xncRqeT-lg,ok,true,,38,metadata,12,2264122,2630000,metadata,0,0,0,0,1280,720,0,1,1,1,1,20,20,1.0,1,0,1,0.0,0,1,auto_captions,1,1,1,srt_dedup,567,0,141,0.2612,1.000,0.234,0.000,en,native_en,1
E9b4uwzsyQo,vlogs,UCP5tttdl9RWIXouHjeeOszg,ok,true,,58,metadata,0,794,76500,metadata,0,0,0,0,1280,720,0,1,1,1,1,20,20,1.0,1,0,1,0.0,0,1,auto_captions,1,1,1,srt_dedup,585,0,217,0.0000,1.000,0.369,0.009,te,translated_en,1
EBOAE7BkOTg,vlogs,UC3cEGj5_qIPzm4L_D6i7rug,ok,false,,2686,metadata,85,214757,495000,metadata,0,0,0,0,1280,720,0,0,1,1,1,20,20,1.0,1,0,1,0.052640984686868245,0,1,auto_captions,1,1,1,srt_dedup,17581,0,5859,0.0002,1.000,0.359,0.004,en,native_en,1
EHd634KMsdw,vlogs,UCO2N-kyAS464gH17K-cavFg,ok,false,,804,metadata,16,193902,391000,metadata,0,0,0,0,1280,720,0,0,1,1,1,20,20,1.0,1,0,1,0.0015291090142841165,0,1,auto_captions,1,1,1,srt_dedup,8257,0,2743,0.0000,1.000,0.364,0.013,en,native_en,1
EKQHUjbYxEE,vlogs,UCrMh34x46BqdyloVTlNgACA,ok,true,,60,metadata,19,1286485,314000,metadata,0,0,0,0,1280,720,0,1,1,1,1,20,20,1.0,1,0,1,0.0,0,1,auto_captions,1,1,1,srt_dedup,739,0,251,0.0000,1.000,0.418,0.000,en,native_en,1
EQIFJe9E_YA,vlogs,UC_niYoJcVwf5IVQZ6pJqgrg,ok,false,,2580,metadata,12,1834378,9290000,metadata,0,0,0,0,1280,720,0,0,1,1,1,20,20,1.0,1,0,1,0.0021864278653253473,0,1,auto_captions,1,1,1,srt_dedup,25031,0,8640,0.0014,1.000,0.365,0.004,ur,translated_en,1
EXZ4z_q8A_g,vlogs,UCrMh34x46BqdyloVTlNgACA,ok,true,,63,metadata,14,827938,314000,metadata,0,0,0,0,1280,720,0,1,1,1,1,20,20,1.0,1,0,1,0.0,0,1,auto_captions,1,1,1,srt_dedup,581,0,193,0.0000,1.000,0.358,0.020,en,native_en,1
EcT2_RbCpKY,vlogs,UCYVFeFY_4-755hqdPfB2qpw,ok,true,,44,metadata,10,314043,653000,metadata,0,0,0,0,1280,720,0,1,1,1,1,20,20,1.0,1,0,1,0.006807351940095304,0,0,whisper,0,1,0,whisper,4,0,4,0.0000,1.000,0.250,0.000,en,sparse,0
EiARj29Daz8,vlogs,UCty5XYj-AHxqxP25eLR52Pg,ok,true,,9,metadata,82,35,62,metadata,0,0,0,1,1280,720,0,1,1,1,1,20,20,1.0,1,0,1,0.0,0,1,whisper,1,1,1,srt_dedup,12,0,10,0.0000,1.000,0.200,0.000,en,sparse,0
EoCv278kudQ,vlogs,UC-aNXeeekoLq9inygfiSaLw,ok,false,,2700,metadata,9,58011,93900,metadata,0,0,0,0,1280,720,0,0,1,1,1,20,20,1.0,1,0,1,0.06662222962839524,0,1,auto_captions,1,1,1,srt_dedup,14227,0,5235,0.0025,1.000,0.386,0.003,en,native_en,1
EpXoTdT53xA,vlogs,UCc0gcKXGC44Y8ExPQHOyHrg,ok,true,,32,metadata,7,202294,58200,metadata,0,0,0,0,1280,720,0,1,1,1,1,20,20,1.0,1,0,1,0.0,0,1,auto_captions,1,1,1,srt_dedup,462,0,156,0.0000,1.000,0.353,0.000,bgc,translated_en,1
Ezg8_QTB8Zs,vlogs,UCbZ-t3qPLfKO6xncRqeT-lg,ok,true,,35,metadata,10,2238862,2630000,metadata,0,0,0,0,1280,720,0,1,1,1,1,20,20,1.0,1,0,1,0.0,0,1,auto_captions,1,1,1,srt_dedup,332,0,117,0.0000,1.000,0.402,0.000,en,native_en,1
F-eSShgjRpw,vlogs,UCvoaNSUpcMXVrU1HTDa-SJg,ok,false,,1497,metadata,16,946876,757000,metadata,0,0,0,0,1280,720,0,0,1,1,1,20,20,1.0,1,0,1,0.06553762902094398,0,1,auto_captions,1,1,1,srt_dedup,12666,0,4315,0.0005,1.000,0.376,0.014,en,native_en,1
FA8Ue-5LhxU,vlogs,UCPAqfaZa_ihlISEOzUUc0yQ,ok,true,,25,metadata,1,54281,631,metadata,0,0,0,0,1280,720,0,1,1,1,1,20,20,1.0,1,0,1,0.012180267965895252,0,1,auto_captions,1,1,1,srt_dedup,293,0,101,0.0000,1.000,0.347,0.000,hi,translated_en,1
Fgs0_Lvqsjs,vlogs,UCJzkI0Nu59aJs1b9nhZq-qQ,ok,false,,2109,metadata,14,314723,128000,metadata,0,0,0,0,1280,720,0,0,1,1,1,20,20,1.0,1,0,1,0.017934859906130002,0,1,auto_captions,1,1,1,srt_dedup,11452,0,3995,0.0053,1.000,0.373,0.033,en,native_en,1
FkNi9oOlXIc,vlogs,UCcmQxZBJ2qTXWpOQCAODyNA,ok,true,,46,metadata,8,4082531,14900000,metadata,0,0,0,1,1280,720,0,1,1,1,1,20,20,1.0,1,0,1,0.0,0,1,auto_captions,1,1,1,srt_dedup,689,0,235,0.0000,1.000,0.357,0.000,hi,translated_en,1
FozEFd-ATNk,vlogs,UCv4Naqqc7_2naZxD8ctbn0w,ok,true,,25,metadata,14,202088,43100,metadata,0,0,0,0,1280,720,0,1,1,1,1,20,20,1.0,1,0,1,0.0,0,1,auto_captions,1,1,1,srt_dedup,122,0,41,0.0000,1.000,0.317,0.109,en,sparse,0
FwMxbN0VpWc,vlogs,UC8QcBUoxllBxZc8ViuBuBcw,ok,false,,975,metadata,6,98114,13400,metadata,0,0,0,0,1280,720,0,0,1,1,1,20,20,1.0,1,0,1,0.06450223111247883,0,1,auto_captions,1,1,1,srt_dedup,7518,0,2612,0.0000,1.000,0.383,0.011,hi,translated_en,1
G6ZqxxX8Yds,vlogs,UC28haopD28ljl7lVEKkw1PA,ok,true,,45,metadata,8,9155228,15900000,metadata,0,0,1,0,1280,720,0,1,1,1,1,20,20,1.0,1,0,1,0.0,0,1,auto_captions,1,1,1,srt_dedup,420,0,140,0.0000,1.000,0.329,0.000,en,native_en,1
GN0VIHVg-yc,vlogs,UCvoaNSUpcMXVrU1HTDa-SJg,ok,false,,905,metadata,121,1535202,758000,metadata,0,0,0,0,1280,720,0,0,1,1,1,20,20,1.0,1,0,1,0.029082106380156528,0,1,auto_captions,1,1,1,srt_dedup,6768,0,2344,0.0009,1.000,0.386,0.021,en,native_en,1
GQSCwZJp4bE,vlogs,UC1Jd0cvv3iR0Q5zBNSUOypA,ok,true,,53,metadata,13,1412004,453000,metadata,0,0,0,0,1280,720,0,1,1,1,1,20,20,1.0,1,0,1,0.0,0,1,auto_captions,1,1,1,srt_dedup,522,0,183,0.0000,1.000,0.326,0.000,te,translated_en,1
GWMM8C3SOA0,vlogs,UC_pTmgQ8BmKbxSOD2rN1BLQ,ok,true,,32,metadata,7,461189,238000,metadata,0,0,0,0,1280,720,0,1,1,1,1,20,20,1.0,1,0,1,0.0,0,1,auto_captions,1,1,1,srt_dedup,132,0,46,0.0000,1.000,0.217,0.061,en,sparse,0
GXy5gc2OSc0,vlogs,UCxjZr8cJ3sOZMdWHjdT2PyA,ok,true,,70,metadata,7,464654,44100,metadata,0,0,0,0,1280,720,0,1,1,1,1,20,20,1.0,1,0,1,0.0,0,1,auto_captions,1,1,1,srt_dedup,851,0,285,0.0000,1.000,0.354,0.004,de,translated_en,1
Gfmsnx10dZc,vlogs,UCHl_Ni8ihI1Df6UdXmbsJ_A,ok,false,,1930,metadata,15,205106,53900,metadata,0,0,0,0,1280,720,0,0,1,1,1,20,20,1.0,1,0,1,0.049632381514930136,0,1,auto_captions,1,1,1,srt_dedup,15979,0,5355,0.0000,1.000,0.341,0.006,de,translated_en,1
H5zMj_ToABo,vlogs,UCnAg-2ZfmgMgti9UhSkHUBg,ok,false,,1087,metadata,7,100715,552000,metadata,0,0,0,0,640,480,1,0,1,1,1,20,20,1.0,1,0,1,0.15819972957311185,0,1,auto_captions,1,1,1,srt_dedup,6263,0,2220,0.0000,1.000,0.340,0.025,en,native_en,1
H7NlHluxFPs,vlogs,UCJCc270le1VZrnfeEUPUNyw,ok,false,,2954,metadata,14,71681,56400,metadata,0,0,0,0,1280,720,0,0,1,1,1,20,20,1.0,1,0,1,0.04039326812720273,0,1,auto_captions,1,1,1,srt_dedup,13464,0,4444,0.0514,1.000,0.340,0.040,en,native_en,1
HM5tMPzvwx0,vlogs,UCemWMdV1dJ9AgTIpfg8JV0A,ok,true,,77,metadata,6,83796,236000,metadata,0,0,0,0,1280,720,0,1,1,1,1,20,20,1.0,1,0,1,0.0,0,1,auto_captions,1,1,1,srt_dedup,903,0,310,0.0000,1.000,0.397,0.000,de,translated_en,1
H_2wj2bkNMw,vlogs,UCW5fZ_opoz4wPhfwnsQivqg,ok,true,,73,metadata,7,314073,94500,metadata,0,0,0,0,1280,720,0,1,1,1,1,20,20,1.0,1,0,1,0.0,0,1,auto_captions,1,1,1,srt_dedup,968,0,325,0.0000,1.000,0.403,0.003,fr,translated_en,1
HcleKeby4BI,vlogs,UCzA4rUy-K3DlFUtQb1Lg0Gg,ok,true,,60,metadata,13,1419777,2700000,metadata,0,0,0,0,1280,720,0,1,1,1,1,19,20,0.95,0,1,1,0.0,0,1,auto_captions,1,1,1,srt_dedup,232,0,76,0.0000,1.000,0.447,0.000,en,native_en,1
HhM0BYCHL00,vlogs,UCWkYXtnAuu7VTLPwUcRSB6A,ok,false,,1171,metadata,2636,76184383,12000000,metadata,0,0,1,0,640,480,1,0,1,1,1,20,20,1.0,1,0,1,0.0522849014532127,0,1,auto_captions,1,1,1,srt_dedup,4723,0,1630,0.0000,1.000,0.333,0.000,en,native_en,1
HkKf2IY8KDw,vlogs,UCKQvjl0SDd9eeDaIKtqOjRA,missing_from_api,,,56,metadata,83,63,81,metadata,0,0,0,1,1280,720,0,1,1,1,1,20,20,1.0,1,0,1,0.05096566523605151,0,0,whisper,0,1,0,whisper,72,0,72,0.1692,1.000,0.431,0.000,,native_en,1
HskAGu0XL3c,vlogs,UCpFKsp-UHeBau-K_QBbQsgg,ok,false,,989,metadata,43,969863,816000,metadata,0,0,0,0,1280,720,0,0,1,1,1,20,20,1.0,1,0,1,0.018017471487503045,0,1,auto_captions,1,1,1,srt_dedup,7520,0,2588,0.0004,1.000,0.374,0.003,en,native_en,1
I4KAk3K_GWg,vlogs,UCOrq-J7dR8MUKx-r3k-yllw,ok,false,,1085,metadata,11,33202,3370,metadata,0,0,0,1,1280,720,0,0,1,1,1,20,20,1.0,1,0,1,0.16004314278602896,0,1,auto_captions,1,1,1,srt_dedup,2013,0,775,0.0039,1.000,0.345,0.004,en,native_en,1
IAuCb1gwEfU,vlogs,UCmpwjI3el_-Bt29FpU2mOsg,ok,false,,1788,metadata,10,151952,81600,metadata,0,0,0,0,1280,720,0,0,1,1,1,19,20,0.95,0,1,1,0.0005871202590039087,0,1,auto_captions,1,1,1,srt_dedup,9181,0,3249,0.0062,1.000,0.351,0.000,en,native_en,1
IIScvAPrlAg,vlogs,UCzt3CNnlHbeDL9CRSWSzENw,ok,false,,4376,metadata,14,51324,490000,metadata,0,0,0,0,1280,720,0,0,1,1,1,20,20,1.0,1,0,1,0.020807481095015113,0,1,auto_captions,1,1,1,srt_dedup,52193,0,17317,0.0009,1.000,0.368,0.010,en,native_en,1
IJXpt_VMO0w,vlogs,UCOm7A-0x1BP9D1DlzR2Wyaw,ok,true,,63,metadata,536,99,54,metadata,0,0,0,0,1280,720,0,1,1,1,1,20,20,1.0,1,0,1,0.0,0,1,auto_captions,1,1,1,srt_dedup,615,0,212,0.0000,1.000,0.344,0.000,en,native_en,1
IJ_aBmbjSIw,vlogs,UCy5PUAax-5yCavjUChWPtCw,ok,false,,5836,metadata,12,50373,109000,metadata,0,0,0,0,1280,720,0,0,1,1,1,20,20,1.0,1,0,1,0.0928741800834825,0,1,auto_captions,1,1,1,srt_dedup,36363,0,12155,0.0126,1.000,0.368,0.012,en,native_en,1
IJqmDj1C_qA,vlogs,UCUgvCC6iygghq-f2r96P-Jw,ok,false,,1085,metadata,7,672705,15600000,metadata,0,0,0,0,1280,720,0,0,1,1,1,20,20,1.0,1,0,1,0.03800442233278053,0,1,auto_captions,1,1,1,srt_dedup,10298,0,3498,0.0000,1.000,0.372,0.002,hi,translated_en,1
IgJNbG5ToKk,vlogs,UCIuD5maXzELG92HqCBZRWFA,ok,false,,822,metadata,11,152719,389000,metadata,0,0,0,0,1280,720,0,0,1,1,1,20,20,1.0,1,0,1,0.09936096403140407,0,1,auto_captions,1,1,1,srt_dedup,6114,0,2153,0.0000,1.000,0.359,0.002,hi,translated_en,1
Iji-8HTqHj4,vlogs,UCmjwL1gibi5BwdCR9by1Ryw,ok,true,,23,metadata,0,4820,52600,metadata,0,0,0,0,1280,720,0,1,1,1,1,20,20,1.0,1,0,0,,0,1,auto_captions,1,1,1,srt_dedup,223,0,74,0.0000,1.000,0.338,0.013,hi,translated_en,1
ImYUmPJpw-g,vlogs,UCXJHyB9Pyh1BZfhwUsq7uCg,ok,true,,16,metadata,1,121900,2490,metadata,0,0,1,0,1280,720,0,1,1,1,1,20,20,1.0,1,0,1,0.0,0,1,auto_captions,1,1,1,srt_dedup,117,0,43,0.0000,1.000,0.326,0.000,hi,sparse,0
IuY-1JwPSB0,vlogs,UC0zNrPWUcb9vd-4CeUs2xAw,ok,true,,49,metadata,518,2600498,788000,metadata,0,0,1,0,1280,720,0,1,1,1,1,20,20,1.0,1,0,1,0.0,0,1,whisper,1,1,0,whisper,79,0,79,0.0000,1.000,0.443,0.000,en,native_en,1
JTiDpnH5CxA,vlogs,UCBsrD6O3r86xDGQIjb_Glbw,ok,false,,1036,metadata,27,802180,304000,metadata,0,0,0,0,1280,720,0,0,1,1,1,20,20,1.0,1,0,1,0.0015051522519393314,0,1,auto_captions,1,1,1,srt_dedup,5616,0,1912,0.0000,1.000,0.367,0.007,en,native_en,1
JVj5uYFd00w,vlogs,UCbZ-t3qPLfKO6xncRqeT-lg,ok,true,,43,metadata,16,5418975,2640000,metadata,0,0,0,0,1280,720,0,1,1,1,1,20,20,1.0,1,0,1,0.0,0,1,auto_captions,1,1,1,srt_dedup,441,0,141,0.0000,1.000,0.293,0.041,en,native_en,1
JWhF6yOx8dI,vlogs,UC84ZJujGee7Hrxh4Qcfkfgw,ok,true,,143,metadata,11,7732254,5790000,metadata,0,0,0,0,1280,720,0,1,1,1,1,19,20,0.95,0,1,1,0.0,0,1,auto_captions,1,1,1,srt_dedup,902,0,301,0.0000,1.000,0.322,0.003,en,native_en,1
JY9c884crk4,vlogs,UCr4GuMQj_jlhtFsds0FQbig,ok,true,,29,metadata,1,28262,116,metadata,0,0,0,0,1280,720,0,1,1,1,1,20,20,1.0,1,0,1,0.0,0,1,auto_captions,1,1,1,srt_dedup,464,0,160,0.0000,1.000,0.438,0.000,ur,translated_en,1
J_llh3_h8dQ,vlogs,UCf0DkVOUDIJrE5yei6LbIHQ,ok,false,,5327,metadata,1054,2689,21300,metadata,0,0,0,0,1280,720,0,0,1,1,1,20,20,1.0,1,0,1,0.0908420204887335,0,0,whisper,0,1,0,whisper,12408,0,12408,0.0035,1.000,0.394,0.000,en,native_en,1
Jb7j7h6orQM,vlogs,UCum5kIr4aqgn9Dc21JdYCWA,ok,false,,784,metadata,8,163092,8830000,metadata,0,0,0,0,1280,720,0,0,1,1,1,20,20,1.0,1,0,1,0.0,0,1,auto_captions,1,1,1,srt_dedup,10360,0,3498,0.0037,1.000,0.392,0.002,hi,translated_en,1
JjsOnjSHNWA,vlogs,UCBY4l4uRdm0fe0e_cEo_TEA,ok,false,,1865,metadata,146,198553,25600,metadata,0,0,0,0,1280,720,0,0,1,1,1,20,20,1.0,1,0,1,0.03804330341344137,0,1,auto_captions,1,1,1,srt_dedup,13537,0,4618,0.0009,1.000,0.374,0.015,en,native_en,1
Jk3j1Mh3SZE,vlogs,UCUzvW98UhwyHcmUe5mRkjHQ,ok,false,,1159,metadata,5,709638,12000000,metadata,0,0,0,0,1280,720,0,0,1,1,1,20,20,1.0,1,0,1,0.02971937454696077,0,0,whisper,0,1,0,whisper,788,0,788,0.0000,1.000,0.355,0.000,hi,whisper_on_non_english,0
K7nePqpH5U8,vlogs,UCPXLAruFusYx0ZI_WA8T34w,ok,true,,66,metadata,2,990378,7240000,metadata,0,0,0,0,1280,720,0,1,1,1,1,20,20,1.0,1,0,1,0.0,0,1,auto_captions,1,1,1,srt_dedup,781,0,261,0.0000,1.000,0.387,0.000,hi,translated_en,1
KE6cWMTTE8U,vlogs,UC0tPW-PYaTryCBPcT8yPNJg,ok,true,,15,metadata,0,4442,5560,metadata,0,0,0,0,1280,720,0,1,1,1,1,20,20,1.0,1,0,1,0.0,0,1,auto_captions,1,1,1,srt_dedup,57,0,18,0.0000,1.000,0.412,0.105,ur,sparse,0
KOhECj6ig-o,vlogs,UC_F8VaLyYxXAvlr2KbEzt_g,ok,false,,1295,metadata,11,96086,292000,metadata,0,0,0,0,1280,720,0,0,1,1,1,20,20,1.0,1,0,1,0.0066512166859791465,0,1,auto_captions,1,1,1,srt_dedup,12240,0,4149,0.0012,1.000,0.409,0.000,az,translated_en,1
KQ_ojKUpfYQ,vlogs,UCcGLqF2p-B3b852bLm8DZKg,ok,false,,357,metadata,10,71760,540000,metadata,0,0,0,0,1280,720,0,0,1,1,1,20,20,1.0,1,0,1,0.0,0,1,auto_captions,1,1,1,srt_dedup,1287,0,400,0.0000,1.000,0.352,0.017,en,native_en,1
KSFDMA4e8OY,vlogs,UCVjUI_Ck6jqc5kxMt84NMzA,ok,false,,1784,metadata,190,454408,80500,metadata,0,0,0,0,1280,720,0,0,1,1,1,20,20,1.0,1,0,1,0.027007937575676055,0,1,auto_captions,1,1,1,srt_dedup,9852,0,3318,0.0003,1.000,0.371,0.000,en,native_en,1
KdAAx9-7z3s,vlogs,UC-F3kTU4V680v550AavEOsQ,ok,false,,2537,metadata,7,703933,2090000,metadata,0,0,0,0,640,480,1,0,1,1,1,20,20,1.0,1,0,1,0.04110155963628194,0,1,auto_captions,1,1,1,srt_dedup,23242,0,7531,0.0001,1.000,0.352,0.003,en,native_en,1
KdSKo6E1NhU,vlogs,UCR57V9viy0HHaqiKyLjuoCQ,ok,true,,21,metadata,413,1656765,38300,metadata,0,0,0,0,1280,720,0,1,1,1,1,20,20,1.0,1,0,1,0.0,0,1,auto_captions,1,1,1,srt_dedup,233,0,79,0.0000,1.000,0.385,0.000,hi,translated_en,1
KvVZWelsIl8,vlogs,UCNYFkd4KhIA64QGuHx64N0A,ok,true,,92,metadata,20,4265663,2870000,metadata,0,0,0,0,1280,720,0,1,1,1,1,20,20,1.0,1,0,1,0.0,0,1,auto_captions,1,1,1,srt_dedup,935,0,312,0.0000,1.000,0.418,0.006,en,native_en,1
LOPtYB8Nvfk,vlogs,UC7S5chzuIbMfRg-DYepOECg,ok,true,,15,metadata,125,100,151,metadata,0,0,0,1,1280,720,0,1,1,1,1,20,20,1.0,1,0,1,0.0219560878243513,0,1,auto_captions,1,1,1,srt_dedup,81,0,24,0.0000,1.000,0.417,0.148,hi,sparse,0
LObP7fr0nh4,vlogs,UCpIUg9DhfVjPLNoj9zBJvEQ,ok,true,,135,metadata,95,147,1890,metadata,0,0,0,0,1280,720,0,1,1,1,1,20,20,1.0,1,0,1,0.016681494661921717,0,1,auto_captions,1,1,1,srt_dedup,1287,0,439,0.0000,1.000,0.420,0.000,hi,translated_en,1
LVqsAFvrGgE,vlogs,UC4qX5edLFryLfvr3BgKjxwQ,ok,false,,839,metadata,20,60760,280000,metadata,0,0,0,0,1280,720,0,0,1,1,1,19,20,0.95,0,1,1,0.021631864988558333,0,1,auto_captions,1,1,1,srt_dedup,5439,0,1831,0.0000,1.000,0.353,0.001,en,native_en,1
Lb-ugeY0m2I,vlogs,UCbN00Lr-HvK5mUXK5zBtEyg,ok,true,,60,metadata,1,7938,6110,metadata,0,0,0,0,1280,720,0,1,1,1,1,20,20,1.0,1,0,1,0.022533800701051588,0,1,auto_captions,1,1,1,srt_dedup,548,0,186,0.0000,1.000,0.387,0.000,ur,translated_en,1
Lw7YLThHrVQ,vlogs,UC7S5chzuIbMfRg-DYepOECg,ok,true,,15,metadata,157,285,151,metadata,0,0,0,1,1280,720,0,1,1,1,1,20,20,1.0,1,0,1,0.0,0,0,whisper,0,1,0,whisper,8,0,8,0.0000,1.000,0.250,0.000,ur,sparse,0
M21ixJ8bCWo,vlogs,UCO4i3o2loPJ9T2FwDuBkkHQ,ok,true,,49,metadata,11,344097,865000,metadata,0,0,0,0,1280,720,0,1,1,1,1,20,20,1.0,1,0,1,0.0,0,1,auto_captions,1,1,1,srt_dedup,669,0,225,0.0000,0.999,0.395,0.000,de,translated_en,1
MEEoRPdxAPY,vlogs,UC28haopD28ljl7lVEKkw1PA,ok,true,,45,metadata,13,1338559,15900000,metadata,0,0,1,0,1280,720,0,1,1,1,1,20,20,1.0,1,0,1,0.0,0,0,whisper,0,1,0,whisper,53,0,53,0.0000,1.000,0.250,0.000,en,native_en,1
MMM6DhEBY2I,vlogs,UCDDnEg-_jFmiaifefgBaWIA,ok,false,,371,metadata,145,242438,5790,metadata,0,0,0,0,1280,720,0,0,1,1,1,20,20,1.0,1,0,1,0.008093234056328913,0,1,auto_captions,1,1,1,srt_dedup,4306,0,1421,0.0000,1.000,0.342,0.011,en,native_en,1
MVUdKH8DxjI,vlogs,UCU1Dfv7UCahezar94GH6ikw,ok,true,,43,metadata,89,365272,383000,metadata,0,0,0,0,1280,720,0,1,1,1,1,20,20,1.0,1,0,1,0.0,0,1,auto_captions,1,1,1,srt_dedup,597,0,203,0.0000,0.999,0.383,0.000,pt,translated_en,1
M_bSEF-yCME,vlogs,UCMMG_LssYBUwT2mqtra4BVA,ok,false,,1892,metadata,71,736410,1070000,metadata,0,0,0,0,1280,720,0,0,1,1,1,20,20,1.0,1,0,1,0.0004915017757483512,0,1,auto_captions,1,1,1,srt_dedup,8342,0,2877,0.0014,1.000,0.330,0.009,en,native_en,1
MinXO53Ib_A,vlogs,UCWb4JB00ayXlzZuO-vvY8Gg,ok,false,,1112,metadata,27,69746,69600,metadata,0,0,0,0,1280,720,0,0,1,1,1,20,20,1.0,1,0,1,0.05541915117502631,0,1,auto_captions,1,1,1,srt_dedup,5440,0,1808,0.0000,1.000,0.395,0.008,en,native_en,1
MnOGiLeOypE,vlogs,UCy328EtnMYZ8jT0-jG1SCdA,ok,false,,1272,metadata,442,3055409,184000,metadata,0,0,0,0,1280,720,0,0,1,1,1,20,20,1.0,1,0,1,0.03734547513447201,0,0,whisper,0,1,0,whisper,2,0,2,0.0000,1.000,0.000,0.000,en,sparse,0
MnUjFKFR3eI,vlogs,UCUgvCC6iygghq-f2r96P-Jw,ok,false,,1079,metadata,9,581976,15600000,metadata,0,0,0,0,1280,720,0,0,1,1,1,20,20,1.0,1,0,1,0.051083935519733184,0,1,auto_captions,1,1,1,srt_dedup,8534,0,2975,0.0061,1.000,0.385,0.009,hi,translated_en,1
MuBcNrIRi_U,vlogs,UCxEuzvS8X2ljN5LZACvE0jg,ok,false,,1410,metadata,148,296265,187000,metadata,0,0,0,0,1280,720,0,0,1,1,1,20,20,1.0,1,0,1,0.013873521150736243,0,1,auto_captions,1,1,1,srt_dedup,8077,0,2681,0.0000,1.000,0.376,0.011,en,native_en,1
N7wdRhuzWrE,vlogs,UCtWQdXyEDu5dC6NXd86drEA,ok,true,,28,metadata,2,200458,1200,metadata,0,0,0,0,1280,720,0,1,1,1,1,20,20,1.0,1,0,1,0.0,0,1,auto_captions,1,1,1,srt_dedup,199,0,67,0.0000,1.000,0.284,0.000,hi,translated_en,1
NIDcYJ9HiKM,vlogs,UCT6ICa_opIJnhsAN8rR6wuw,ok,true,,36,metadata,1,335748,227000,metadata,0,0,0,0,1280,720,0,1,1,1,1,20,20,1.0,1,0,1,0.0,0,1,auto_captions,1,1,1,srt_dedup,259,0,89,0.0000,1.000,0.307,0.000,id,translated_en,1
NTL2Zozszgs,vlogs,UCq0lZDZWEpheXL-ZmjTlYGA,ok,true,,31,metadata,0,1578,57200,metadata,0,0,0,1,1280,720,0,1,1,1,1,20,20,1.0,1,0,1,0.0,0,1,auto_captions,1,1,1,srt_dedup,180,0,56,0.0000,1.000,0.382,0.113,vi,translated_en,1
NXMMUdWiKFo,vlogs,UCzA4rUy-K3DlFUtQb1Lg0Gg,ok,true,,71,metadata,12,6113834,2700000,metadata,0,0,0,0,1280,720,0,1,1,1,1,20,20,1.0,1,0,1,0.0,0,1,auto_captions,1,1,1,srt_dedup,802,0,277,0.0000,1.000,0.375,0.000,en,native_en,1
Nc9DKzkSyuc,vlogs,UC-G03nGTjd2qtbGujOYFHKw,ok,true,,35,metadata,12,598449,93300,metadata,0,0,0,0,1280,720,0,1,1,1,1,20,20,1.0,1,0,1,0.0,0,1,auto_captions,1,1,1,srt_dedup,478,0,168,0.0000,1.000,0.363,0.006,en,native_en,1
Ng5KDoviAco,vlogs,UC1JCSJzKA1KgpTVytRPBeoA,ok,true,,32,metadata,8,1356265,180000,metadata,0,0,0,0,1280,720,0,1,1,1,1,20,20,1.0,1,0,1,0.0,0,1,auto_captions,1,1,1,srt_dedup,284,0,97,0.0000,1.000,0.358,0.030,en,native_en,1
NjhGpTzYNe0,vlogs,UCRV_mnGiQ_agB-4ww2LMECA,ok,true,,22,metadata,7,554213,7310,metadata,0,0,0,0,1280,720,0,1,1,1,1,20,20,1.0,1,0,1,0.0,0,1,whisper,1,1,1,srt_dedup,6,0,10,0.0000,1.000,0.400,0.000,ja,sparse,0
NqZ-3PhdpFc,vlogs,UCEkqYwjvMu4bnPstvEZue0Q,ok,true,,91,metadata,2,95346,431000,metadata,0,0,0,0,1280,720,0,1,1,1,1,20,20,1.0,1,0,1,0.023362948338269175,0,1,auto_captions,1,1,1,srt_dedup,757,0,257,0.0000,1.000,0.362,0.000,en,native_en,1
Nr7QkvKShlc,vlogs,UC0vwFZsX9gHfJ6u3a15vMfA,ok,true,,179,metadata,12,39229,55700,metadata,0,0,0,0,1280,720,0,1,1,1,1,20,20,1.0,1,0,1,0.0021823065301326177,0,1,auto_captions,1,1,1,srt_dedup,1379,0,496,0.0082,1.000,0.391,0.000,en,native_en,1
NrmT0o4gKRc,vlogs,UC6ixnJvs0QE1y8rSkFebWpQ,ok,true,,67,metadata,1,149617,56900,metadata,0,0,0,0,1280,720,0,1,1,1,1,20,20,1.0,1,0,1,0.0,0,1,auto_captions,1,1,1,srt_dedup,785,0,279,0.0000,1.000,0.394,0.000,te,translated_en,1
NymtEatsPI4,vlogs,UCzHun8ddFZbWDW3CyTIPBRA,ok,false,,1319,metadata,13,86918,117000,metadata,0,0,0,0,1280,720,0,0,1,1,1,20,20,1.0,1,0,1,0.11592423312185914,0,1,auto_captions,1,1,1,srt_dedup,7687,0,2682,0.0000,1.000,0.367,0.006,pl,translated_en,1
O2EoxahnZq0,vlogs,UC1IqsWCFqqTkYs-AUW69VUQ,ok,true,,74,metadata,8,201831,81900,metadata,0,0,0,0,1280,720,0,1,1,1,1,20,20,1.0,1,0,1,0.0,0,1,auto_captions,1,1,1,srt_dedup,943,0,327,0.0000,1.000,0.376,0.012,hi,translated_en,1
O2ZnaHSQxVI,vlogs,UCIS-gjnsfvNGV1skBLfnknQ,ok,true,,56,metadata,61,6529798,1390000,metadata,0,0,0,0,1280,720,0,1,1,1,1,20,20,1.0,1,0,1,0.0,0,1,auto_captions,1,1,1,srt_dedup,748,0,254,0.0000,1.000,0.390,0.000,en,native_en,1
OHolK0VDjSM,vlogs,UCoOSBeNL-kt1wHGgaJi0TGw,ok,false,,852,metadata,5,1832010,5980000,metadata,0,0,0,0,1280,720,0,0,1,1,1,20,20,1.0,1,0,1,0.01898087826178823,0,1,auto_captions,1,1,1,srt_dedup,8522,0,2914,0.0003,1.000,0.365,0.000,en,native_en,1
OPTk031PrOA,vlogs,UCHl_Ni8ihI1Df6UdXmbsJ_A,ok,false,,1592,metadata,55,172681,53400,metadata,0,0,0,0,1280,720,0,0,1,1,1,20,20,1.0,1,0,0,,0,1,auto_captions,1,1,1,srt_dedup,13360,0,4504,0.0000,1.000,0.336,0.004,de,translated_en,1
OQc0If1okhU,vlogs,UClyw32fdzLCsqbkfzhdrtXA,ok,false,,1070,metadata,4,1027399,23300000,metadata,0,0,0,0,1280,720,0,0,1,1,1,20,20,1.0,1,0,1,0.012651126258801092,0,1,auto_captions,1,1,1,srt_dedup,8221,0,2804,0.0025,1.000,0.350,0.020,hi,translated_en,1
OXe85UVUSfQ,vlogs,UC83RUgBISqsDm_UagGBneoQ,ok,true,,50,metadata,15,2676651,681000,metadata,0,0,0,0,1280,720,0,1,1,1,1,20,20,1.0,1,0,1,0.0,0,1,auto_captions,1,1,1,srt_dedup,597,0,203,0.0000,1.000,0.355,0.000,en,native_en,1
Oajj38LBBNo,vlogs,UCpeDC5-xKtLdbpx4prPjPZA,ok,true,,33,metadata,0,2281,1160,metadata,0,0,0,0,1280,720,0,1,1,1,1,20,20,1.0,1,0,1,0.0,0,1,whisper,1,1,1,srt_dedup,13,0,8,0.0000,1.000,0.000,0.200,en,sparse,0
Oh8KSzucd5I,vlogs,UCpFKsp-UHeBau-K_QBbQsgg,ok,false,,806,metadata,8,752573,816000,metadata,0,0,0,0,1280,720,0,0,1,1,1,20,20,1.0,1,0,1,0.018047183151000974,0,1,auto_captions,1,1,1,srt_dedup,4913,0,1705,0.0000,1.000,0.371,0.006,en,native_en,1
OoeZjY_dXBM,vlogs,UCC0OKW11AFO6Yi5SqYijxgw,ok,true,,71,metadata,9,294267,1220000,metadata,0,0,0,0,1280,720,0,1,1,1,1,20,20,1.0,1,0,1,0.0570212765957447,0,1,auto_captions,1,1,1,srt_dedup,625,0,211,0.0000,1.000,0.319,0.000,de,translated_en,1
OpMvO5jsDzg,vlogs,UCeJUOvy2698nuRajogO9AJQ,ok,true,,176,metadata,1,9832,66600,metadata,0,0,0,0,1280,720,0,1,1,1,1,20,20,1.0,1,0,1,0.11183199590233917,0,1,auto_captions,1,1,1,srt_dedup,1070,0,359,0.0000,1.000,0.329,0.000,en,native_en,1
OsC0R5gSKUI,vlogs,UCdCTCZ7Bz82AyBwETDeZ8Pg,ok,false,,1034,metadata,123,2006681,92600,metadata,0,0,0,0,1280,720,0,0,1,1,1,20,20,1.0,1,0,1,0.054918580012191236,0,1,auto_captions,1,1,1,srt_dedup,6212,0,2074,0.1456,1.000,0.364,0.009,en,native_en,1
OvF9kRTXBWA,vlogs,UCjvgGbPPn-FgYeguc5nxG4A,ok,false,,811,metadata,28,6580929,41600000,metadata,0,0,0,0,1280,720,0,0,1,1,1,20,20,1.0,1,0,1,0.07895710059171598,0,1,auto_captions,1,1,1,srt_dedup,8364,0,2874,0.0024,1.000,0.375,0.004,hi,translated_en,1
PJJbPioyVhc,vlogs,UC-G03nGTjd2qtbGujOYFHKw,ok,true,,37,metadata,20,748778,93300,metadata,0,0,0,0,1280,720,0,1,1,1,1,20,20,1.0,1,0,1,0.0,0,1,auto_captions,1,1,1,srt_dedup,436,0,149,0.0000,1.000,0.389,0.000,en,native_en,1
PT3jReHF3Eo,vlogs,UCz0M2pV4jOUUQ88lOd2q08A,ok,true,,111,metadata,0,14446,4980000,metadata,0,0,0,0,1280,720,0,1,1,1,1,20,20,1.0,1,0,1,0.038284007602497984,0,1,auto_captions,1,1,1,srt_dedup,1481,0,509,0.0000,1.000,0.427,0.000,en,native_en,1
PTXFb1Wklj8,vlogs,UC89V4O-wLmZ-bKIn3E0A14A,ok,false,,1944,metadata,539,587340,229000,metadata,0,0,0,0,1280,720,0,0,1,1,1,20,20,1.0,1,0,1,0.030721515862239243,0,1,auto_captions,1,1,1,srt_dedup,15647,0,5263,0.0000,1.000,0.361,0.000,en,native_en,1
PZhd2upaNEo,vlogs,UCFBlElVX-RDiVfv4ml1ylCQ,ok,false,,1244,metadata,10,33056,35800,metadata,0,0,0,0,1280,720,0,0,1,1,1,20,20,1.0,1,0,1,0.14059787849566047,0,1,auto_captions,1,1,1,srt_dedup,10505,0,3556,0.0000,1.000,0.365,0.001,en,native_en,1
Pmh5q5P9Fa0,vlogs,UCQ-4T4gGSO5R6s_p344r8jA,ok,false,,2465,metadata,14,28546,32300,metadata,0,0,0,0,1280,720,0,0,1,1,1,20,20,1.0,1,0,1,0.04611677073063864,0,1,auto_captions,1,1,1,srt_dedup,12917,0,4351,0.0030,1.000,0.374,0.006,en,native_en,1
Q-cLuusNfmQ,vlogs,UCyoqvgzaueeQZIWHfEXJRxg,ok,true,,45,metadata,6,90051,157000,metadata,0,0,0,0,1280,720,0,1,1,1,1,20,20,1.0,1,0,1,0.0,0,1,auto_captions,1,1,1,srt_dedup,457,0,158,0.0000,1.000,0.376,0.000,hi,translated_en,1
Q3Dr2h_gPdo,vlogs,UCiiFVjk0cuq6NPeIG0p0Yrg,ok,false,,3613,metadata,13,213275,933000,metadata,0,0,0,0,1280,720,0,0,1,1,1,20,20,1.0,1,0,1,0.020748059280169373,0,1,auto_captions,1,1,1,srt_dedup,34682,0,11417,0.0006,1.000,0.365,0.004,en,native_en,1
QJkVf1NUOk4,vlogs,UCKjyjBXqzFMkc32id1875AQ,ok,true,,51,metadata,77,59,160,metadata,0,0,0,1,1280,720,0,1,1,1,1,20,20,1.0,1,0,1,0.24184943687018387,0,1,auto_captions,1,1,1,srt_dedup,348,0,120,0.0000,1.000,0.383,0.000,hi,translated_en,1
QQDZnxErqdo,vlogs,UCwbhcvKWYxvjMuFatRy0BHw,ok,true,,49,metadata,20,5522981,1030000,metadata,0,0,0,0,1280,720,0,1,1,1,1,20,20,1.0,1,0,1,0.0,0,1,auto_captions,1,1,1,srt_dedup,404,0,141,0.0000,1.000,0.284,0.007,en,native_en,1
QR6e1osAG5Q,vlogs,UCxOiod5rFE6Gq27ENJwA1gw,ok,false,,1026,metadata,5,32431,39600,metadata,0,0,0,0,1280,720,0,0,1,1,1,20,20,1.0,1,0,1,0.039994152901622566,0,1,auto_captions,1,1,1,srt_dedup,4183,0,1388,0.0014,1.000,0.383,0.019,en,native_en,1
QSQa4KszJvc,vlogs,UC6Rx3Jex-0ZeqFh1j2Z48zg,ok,true,,63,metadata,30,926804,126000,metadata,0,0,0,0,1280,720,0,1,1,1,1,20,20,1.0,1,0,1,0.0,0,1,auto_captions,1,1,1,srt_dedup,847,0,285,0.0000,1.000,0.372,0.000,en,native_en,1
QkhvOy5jfD0,vlogs,UCh7roq7k4Tdg7fwyr-roeYw,ok,false,,1852,metadata,10,89726,31800,metadata,0,0,0,0,1280,720,0,0,1,1,1,20,20,1.0,1,0,1,0.3166674764750659,0,1,auto_captions,1,1,1,srt_dedup,13819,0,4722,0.0011,1.000,0.343,0.004,de,translated_en,1
Qnr03oSkc1Q,vlogs,UCE6dS5o_2zxZgwfCwvvg2tQ,ok,true,,74,metadata,11,382493,9330000,metadata,0,0,0,0,1280,720,0,1,1,1,1,20,20,1.0,1,0,1,0.007751937984496127,0,1,whisper,1,1,1,srt_dedup,3,0,6,0.0000,1.000,0.167,0.000,en,sparse,0
R-6gnoD1Ork,vlogs,UCXjLbV-ghjAU_Vmff1IdhUw,ok,false,,2240,metadata,198,479859,76100,metadata,0,0,0,0,1280,720,0,0,1,1,1,19,20,0.95,0,1,1,0.02434058058379883,0,0,whisper,0,1,0,whisper,513,0,513,0.8814,1.000,0.491,0.000,en,native_en,0
R1WCu1JTEbg,vlogs,UCWdNO3oR72cdVx6RCByQoQw,ok,false,,2497,metadata,8,16047,35100,metadata,0,0,0,0,1280,720,0,0,1,1,1,20,20,1.0,1,0,1,0.03587174589445106,0,1,auto_captions,1,1,1,srt_dedup,12054,0,4046,0.0072,1.000,0.369,0.030,en,native_en,1
R6lVOmLoJ24,vlogs,UCxN7nvZKxj8fX0qD3FEcL-A,ok,true,,11,metadata,4,153826,475000,metadata,0,0,0,0,1280,720,0,1,1,1,1,20,20,1.0,1,0,1,0.02770083102493075,0,1,auto_captions,1,1,1,srt_dedup,70,0,26,0.0000,1.000,0.520,0.000,en,sparse,0
RKoBYwBnUrU,vlogs,UCvKFYMql0bZR4KIDbCf7Deg,ok,false,,892,metadata,12,255013,213000,metadata,0,0,0,0,1280,720,0,0,1,1,1,20,20,1.0,1,0,1,0.036420500403551236,0,1,auto_captions,1,1,1,srt_dedup,3941,0,1381,0.0015,1.000,0.379,0.011,hi,translated_en,1
ROGgkGfiUb4,vlogs,UCYVFeFY_4-755hqdPfB2qpw,ok,true,,24,metadata,28,3859243,654000,metadata,0,0,0,0,1280,720,0,1,1,1,1,20,20,1.0,1,0,1,0.0,0,1,whisper,1,1,1,srt_dedup,1,0,1,0.0000,1.000,0.000,0.000,en,sparse,0
RQ25uZktqb4,vlogs,UCWzPVDnYbn4LKt_5IXUPcOQ,ok,true,,100,metadata,50,30,25,metadata,0,0,0,1,1280,720,0,1,1,1,1,19,20,0.95,0,1,1,0.05025579295817027,0,1,auto_captions,1,1,1,srt_dedup,645,0,228,0.0000,1.000,0.399,0.000,bn,translated_en,1
RQHfa9sCPaQ,vlogs,UCQ_UCSdpN51Y8qWhiO2LvXg,ok,true,,81,metadata,5,134289,169000,metadata,0,0,0,0,1280,720,0,1,1,1,1,20,20,1.0,1,0,1,0.0652576937337783,0,1,auto_captions,1,1,1,srt_dedup,784,0,262,0.0000,1.000,0.391,0.000,fr,translated_en,1
RXOhh8MbMsY,vlogs,UCEQG35sZitt3WfAdRT1Misg,ok,true,,14,metadata,234,303,576,metadata,0,0,0,1,1280,720,0,1,1,1,1,20,20,1.0,1,0,1,0.0,0,1,auto_captions,1,1,1,srt_dedup,170,0,60,0.0000,1.000,0.407,0.032,hi,translated_en,1
RdyYVmr_Nw0,vlogs,UClzkstOqFvksIRrtfat3Few,ok,true,,180,metadata,6,63013,33400,metadata,0,0,0,0,1280,720,0,1,1,1,1,20,20,1.0,1,0,1,0.0,0,0,whisper,0,1,0,whisper,143,0,143,0.0000,1.000,0.324,0.000,hi,whisper_on_non_english,0
RgsOUkhpnjY,vlogs,UC-Wv6gsdqF-niM3NJQZlJmg,ok,true,,63,metadata,8,14507,278000,metadata,0,0,0,0,1280,720,0,1,1,1,1,20,20,1.0,1,0,1,0.0,0,1,auto_captions,1,1,1,srt_dedup,817,0,275,0.0000,1.000,0.415,0.000,hi,translated_en,1
RibgwOOYR54,vlogs,UCjgygey9zxWYAiOEZTmnZXQ,ok,false,,1904,metadata,29,75209,44200,metadata,0,0,0,0,1280,720,0,0,1,1,1,19,20,0.95,0,1,1,0.010649526600185899,0,1,auto_captions,1,1,1,srt_dedup,10968,0,3580,0.0000,1.000,0.361,0.010,en,native_en,1
S-8oDl-h4WE,vlogs,UCEQG35sZitt3WfAdRT1Misg,ok,true,,10,metadata,46,267,576,metadata,0,0,0,0,1280,720,0,1,1,1,1,20,20,1.0,1,0,1,0.09287925696594432,0,1,auto_captions,1,1,1,srt_dedup,71,0,24,0.0000,1.000,0.375,0.040,hi,sparse,0
S-UuLVkMqdg,vlogs,UC4mcZKuwm9gWnivGSNrs5lQ,ok,false,,882,metadata,10,592601,594000,metadata,0,0,0,0,1280,720,0,0,1,1,1,19,20,0.95,0,1,1,0.022833225575934955,0,1,auto_captions,1,1,1,srt_dedup,6894,0,2420,0.0000,1.000,0.358,0.005,hi,translated_en,1
S4PUjj_b7tY,vlogs,UCpIUg9DhfVjPLNoj9zBJvEQ,ok,true,,141,metadata,40,39,1890,metadata,0,0,0,0,1280,720,0,1,1,1,1,20,20,1.0,1,0,1,0.0,0,1,auto_captions,1,1,1,srt_dedup,1288,0,433,0.0000,1.000,0.372,0.009,hi,translated_en,1
S6Oj5DYrFP0,vlogs,UC57LNCViDEbGum65rIS7pbg,ok,false,,3754,metadata,69,109317,56400,metadata,0,0,0,0,1280,720,0,0,1,1,1,20,20,1.0,1,0,1,0.05874080052420048,0,1,auto_captions,1,1,1,srt_dedup,24794,0,7929,0.0039,1.000,0.362,0.007,en,native_en,1
S9tmAT2qgcc,vlogs,UC90jA5f1LD7sUdI-3WPCurw,ok,false,,992,metadata,9,79858,531000,metadata,0,0,0,0,1280,720,0,0,1,1,1,20,20,1.0,1,0,1,0.04031575127026373,0,1,auto_captions,1,1,1,srt_dedup,7532,0,2689,0.0019,1.000,0.383,0.007,fr,translated_en,1
SIyGLcpBEzw,vlogs,UCcmQxZBJ2qTXWpOQCAODyNA,ok,true,,40,metadata,0,76372,14900000,metadata,0,0,0,0,1280,720,0,1,1,1,1,20,20,1.0,1,0,0,,0,1,auto_captions,1,1,1,srt_dedup,593,0,201,0.0000,1.000,0.363,0.000,hi,translated_en,1
SKfm5Mxd-NY,vlogs,UCq0fToUIqmbVZasHtzyYg8A,ok,true,,180,metadata,6,192942,50600,metadata,0,0,0,0,1280,720,0,1,1,1,1,20,20,1.0,1,0,1,0.0,0,1,auto_captions,1,1,1,srt_dedup,2210,0,747,0.0000,1.000,0.413,0.000,en,native_en,1
SNO6x-FOpp8,vlogs,UCg9wPkSvA7s3QPiwo5bzpcQ,ok,true,,15,metadata,6,7498886,283000,metadata,0,0,0,0,1280,720,0,1,1,1,1,20,20,1.0,1,0,1,0.0,0,1,auto_captions,1,1,1,srt_dedup,252,0,84,0.0000,1.000,0.357,0.000,hi,translated_en,1
SOG4eWLptNw,vlogs,UC8PoPNF1BR0jyIFee2vH0WA,ok,false,,1198,metadata,21,54670,266000,metadata,0,0,0,0,640,480,1,0,1,1,1,20,20,1.0,1,0,1,0.08504670556710325,0,1,auto_captions,1,1,1,srt_dedup,9140,0,3107,0.0010,1.000,0.333,0.001,de,translated_en,1
SdKMDwv6GZA,vlogs,UCewmM0L9pG_L9J1OAlzDLUw,ok,true,,19,metadata,55,865,7200,metadata,0,0,0,0,1280,720,0,1,1,1,1,15,20,0.75,0,1,1,0.0,0,0,whisper,0,1,0,whisper,1,0,1,0.0000,0.000,0.000,0.000,en,sparse,0
Si95ZgS_7hE,vlogs,UC8R-jHJC2n3Yr5WHL2lpEMg,ok,true,,45,metadata,0,17755,222000,metadata,0,0,0,0,1280,720,0,1,1,1,1,20,20,1.0,1,0,1,0.0,0,1,auto_captions,1,1,1,srt_dedup,492,0,173,0.0000,1.000,0.405,0.000,hi,translated_en,1
T3aMP-s7mEA,vlogs,UCvikOv4ANbaAo6qZHQaWafg,ok,false,,2674,metadata,12,47268,403000,metadata,0,0,1,0,1280,720,0,0,1,1,1,20,20,1.0,1,0,1,0.08965439856373421,0,1,auto_captions,1,1,1,srt_dedup,17758,0,6053,0.0055,1.000,0.389,0.016,hi,translated_en,1
T7k6fFQu66Q,vlogs,UCrb_sDVqjzarJyf8qBf_axQ,ok,true,,69,metadata,17,147824,189000,metadata,0,0,0,0,1280,720,0,1,1,1,1,20,20,1.0,1,0,1,0.0,0,1,auto_captions,1,1,1,srt_dedup,826,0,280,0.0000,1.000,0.366,0.000,de,translated_en,1
T8-kcrF2NLk,vlogs,UCBh5Ofnrx1lJ8g0Rsaa55cQ,ok,true,,43,metadata,1,2642,4260,metadata,0,0,1,0,1280,720,0,1,1,1,1,20,20,1.0,1,0,1,0.0,0,1,auto_captions,1,1,1,srt_dedup,457,0,157,0.0000,1.000,0.401,0.000,hi,translated_en,1
TDrUxLCxAY8,vlogs,UCVyTlHRwDFhx4REjYR0oP8Q,ok,false,,1341,metadata,7,512806,3560000,metadata,0,0,0,0,1280,720,0,0,1,1,1,20,20,1.0,1,0,1,0.0007609157845265539,0,1,auto_captions,1,1,1,srt_dedup,11878,0,4111,0.0024,1.000,0.344,0.006,hi,translated_en,1
TH8lLgW3W40,vlogs,UCQnAY0HU_ZrxaYgGtwuIGTw,ok,true,,62,metadata,6,58379,114000,metadata,0,0,0,0,1280,720,0,1,1,1,1,20,20,1.0,1,0,1,0.005839416058394162,0,1,auto_captions,1,1,1,srt_dedup,635,0,213,0.0000,1.000,0.329,0.000,en,native_en,1
TMtIr0LAds8,vlogs,UCzTVdPN8fFbSi-5QmtG9JPA,ok,false,,1755,metadata,5,9062,2930,metadata,0,0,0,0,1280,720,0,0,1,1,1,20,20,1.0,1,0,1,0.10672274654630015,0,1,auto_captions,1,1,1,srt_dedup,8678,0,3018,0.0037,1.000,0.340,0.004,en,native_en,1
TUe13tOHvGw,vlogs,UCEQG35sZitt3WfAdRT1Misg,ok,true,,28,metadata,219,1325,576,metadata,0,0,0,1,1280,720,0,1,1,1,1,20,20,1.0,1,0,1,0.0,0,1,auto_captions,1,1,1,srt_dedup,108,0,38,0.0000,1.000,0.395,0.000,hi,sparse,0
TYctIqaOyXA,vlogs,UCxUal-cloTFb3EckF1zXFbQ,ok,false,,1748,metadata,7,9402,73600,metadata,0,0,0,0,1280,720,0,0,1,1,1,20,20,1.0,1,0,1,0.04864567956332178,0,1,auto_captions,1,1,1,srt_dedup,3324,0,1386,0.0094,0.996,0.322,0.016,ar,translated_en,1
T_RM8gdvjOo,vlogs,UCNrRJm0gWx69f8Ybdnsi23A,ok,false,,1686,metadata,20,92672,661000,metadata,0,0,0,0,1280,720,0,0,1,1,1,20,20,1.0,1,0,1,0.43976868327402197,0,0,whisper,0,1,0,whisper,133,0,133,0.8889,1.000,0.338,0.000,en,native_en,0
Tc5LpIAC4vc,vlogs,UCH0br79eZk80FGjKujXAYDQ,ok,true,,64,metadata,5,1313623,711000,metadata,0,0,1,0,1280,720,0,1,1,1,1,20,20,1.0,1,0,1,0.0,0,1,auto_captions,1,1,1,srt_dedup,890,0,312,0.0000,1.000,0.410,0.000,hi,translated_en,1
TotM8V8UETM,vlogs,UCjhAD2sapwYwEqAhYvNYSAw,ok,false,,1277,metadata,14,52284,151000,metadata,0,0,0,0,1280,720,0,0,1,1,1,20,20,1.0,1,0,1,0.21455929694292392,0,0,whisper,0,1,0,whisper,130,0,130,0.0407,1.000,0.323,0.000,vi,whisper_on_non_english,0
UB43WYdjfVQ,vlogs,UCDNCbFmOyTh95LqbFavA4MA,ok,true,,69,metadata,6,508684,659000,metadata,0,0,0,0,1280,720,0,1,1,1,1,20,20,1.0,1,0,1,0.0,0,1,auto_captions,1,1,1,srt_dedup,714,0,251,0.0000,1.000,0.387,0.000,en,native_en,1
UBIFrQKOsHM,vlogs,UCNlnNNsJa-Rqu3SxRCo_m3Q,ok,true,,88,metadata,1,316661,455000,metadata,0,0,0,0,1280,720,0,1,1,1,1,20,20,1.0,1,0,1,0.0,0,1,auto_captions,1,1,1,srt_dedup,1197,0,441,0.0000,1.000,0.412,0.000,ta,translated_en,1
UCQHzrCN-BI,vlogs,UCf_szqf0cx0rTwvwfajqUMA,ok,true,,50,metadata,43,233649,8040,metadata,0,0,0,0,1280,720,0,1,1,1,1,20,20,1.0,1,0,1,0.0,0,1,auto_captions,1,1,1,srt_dedup,535,0,187,0.0000,1.000,0.370,0.000,ru,translated_en,1
UGRy_NEKlgg,vlogs,UCbGMR3KDvHQmRnBB6SA14nQ,ok,true,,30,metadata,305,23199325,328000,metadata,0,0,1,0,1280,720,0,1,1,1,1,20,20,1.0,1,0,1,0.01890547263681593,0,0,whisper,0,1,0,whisper,75,0,75,0.0000,0.996,0.315,0.000,hi,whisper_on_non_english,0
UQ1SOmnaOG8,vlogs,UC7Kie_ju5qrUtwx6uwzERCg,ok,true,,101,metadata,11,215853,300000,metadata,0,0,0,0,1280,720,0,1,1,1,1,20,20,1.0,1,0,1,0.0,0,1,auto_captions,1,1,1,srt_dedup,1293,0,431,0.0000,1.000,0.346,0.000,ur,translated_en,1
USQq32xDBLs,vlogs,UC_cecSRU92J2m-BrgbEyfSQ,ok,false,,1439,metadata,16,2814036,12500000,metadata,0,0,0,0,1280,720,0,0,1,1,1,20,20,1.0,1,0,1,0.0016259145769495346,0,1,auto_captions,1,1,1,srt_dedup,14351,0,4911,0.0022,1.000,0.379,0.007,hi,translated_en,1
USp8IWeIXjg,vlogs,UCzW8ONvsO6yM8Ixkoc5EA-g,ok,false,,997,metadata,13,79771,697000,metadata,0,0,0,0,1280,720,0,0,1,1,1,20,20,1.0,1,0,1,0.0019263183241030586,0,1,auto_captions,1,1,1,srt_dedup,13962,0,4676,0.0000,1.000,0.356,0.000,en,native_en,1
UV5MmScWe0A,vlogs,UCHig-ISRb77VEn8rH0uZV1g,ok,true,,58,metadata,339,9363932,58500,metadata,0,0,0,0,1280,720,0,1,1,1,1,20,20,1.0,1,0,1,0.006253256904637834,0,1,auto_captions,1,1,1,srt_dedup,622,0,215,0.0000,1.000,0.363,0.000,hi,translated_en,1
Us2rb1cgYQ0,vlogs,UCUgvCC6iygghq-f2r96P-Jw,ok,false,,1009,metadata,6,623844,15600000,metadata,0,0,0,0,1280,720,0,0,1,1,1,20,20,1.0,1,0,1,0.031260224264596535,0,1,auto_captions,1,1,1,srt_dedup,8506,0,2929,0.0048,1.000,0.368,0.008,hi,translated_en,1
Uvf2hyxhKXY,vlogs,UCFcBAGR0drI3F15EhMFjuTg,ok,false,,998,metadata,25,3337516,20700000,metadata,0,0,0,0,1280,720,0,0,1,1,1,20,20,1.0,1,0,1,0.00995099660283198,0,0,whisper,0,1,0,whisper,1830,0,1830,0.0510,1.000,0.377,0.000,hi,whisper_on_non_english,0
UvvRCDbjUgs,vlogs,UCF1vNRVrRYguW5QUDwA2Omw,ok,false,,833,metadata,6,39628,1080000,metadata,0,0,0,0,1280,720,0,0,1,1,1,20,20,1.0,1,0,1,0.007920221766209453,0,1,auto_captions,1,1,1,srt_dedup,2793,0,935,0.0054,1.000,0.312,0.025,en,native_en,1
V6eTTHcch4A,vlogs,UCPXLAruFusYx0ZI_WA8T34w,ok,true,,70,metadata,14,677005,7240000,metadata,0,0,0,0,1280,720,0,1,1,1,1,20,20,1.0,1,0,1,0.0,0,1,auto_captions,1,1,1,srt_dedup,750,0,252,0.0000,1.000,0.365,0.008,hi,translated_en,1
VARJThr_8Ws,vlogs,UCf6nmkLjKcsNUicV7BO5P2Q,ok,false,,1490,metadata,17,58360,124000,metadata,0,0,0,0,1280,720,0,0,1,1,1,20,20,1.0,1,0,1,0.043644639584298386,0,1,auto_captions,1,1,1,srt_dedup,12268,0,4227,0.0005,1.000,0.419,0.004,hi,translated_en,1
VV8WIdm2zx4,vlogs,UC1zACndCursf-RTGr9YvQmQ,ok,false,,1879,metadata,19,215731,2120000,metadata,0,0,0,0,1280,720,0,0,1,1,1,20,20,1.0,1,0,1,0.01957653370804459,0,1,auto_captions,1,1,1,srt_dedup,16129,0,5188,0.0000,1.000,0.340,0.007,en,native_en,1
Vq_YMRYnZzE,vlogs,UCVyTlHRwDFhx4REjYR0oP8Q,ok,false,,1595,metadata,15,314958,3560000,metadata,0,0,0,0,1280,720,0,0,1,1,1,20,20,1.0,1,0,1,0.0018055633922022239,0,1,auto_captions,1,1,1,srt_dedup,14196,0,4781,0.0038,1.000,0.347,0.004,en,native_en,1
VwTZDak1iPk,vlogs,UCy8oQfO0DA1-b8InPJv9aSw,ok,true,,46,metadata,727,12781963,2830000,metadata,0,0,0,0,1280,720,0,1,1,1,1,20,20,1.0,1,0,1,0.0,0,1,auto_captions,1,1,1,srt_dedup,535,0,182,0.0000,1.000,0.407,0.000,en,native_en,1
W6P5SBrv8lE,vlogs,UC5TQqCKIXGBt7BT2LvVw_fQ,ok,true,,168,metadata,2,34506,53000,metadata,0,0,0,0,1280,720,0,1,1,1,1,20,20,1.0,1,0,1,0.0,0,1,auto_captions,1,1,1,srt_dedup,2095,0,703,0.0000,1.000,0.383,0.000,en,native_en,1
W6q5vFEedcA,vlogs,UCFcBAGR0drI3F15EhMFjuTg,ok,false,,836,metadata,18,3110762,20700000,metadata,0,0,0,0,1280,720,0,0,1,1,1,20,20,1.0,1,0,1,0.021108558299827697,0,0,whisper,0,1,0,whisper,1582,0,1582,0.0622,1.000,0.351,0.000,hi,whisper_on_non_english,0
WFaTbs7ua1U,vlogs,UCX7ZNRk-EJASxtt7PhhiDIg,ok,false,,904,metadata,36,46117,31100,metadata,0,0,0,0,1280,720,0,0,1,1,1,19,20,0.95,0,1,1,0.16644544730555252,0,1,auto_captions,1,1,1,srt_dedup,6473,0,2184,0.0000,1.000,0.361,0.001,en,native_en,1
WHIx95TaaZ0,vlogs,UC7prWMGv3_z5XGO59Qafb3A,ok,false,,1047,metadata,17,796850,647000,metadata,0,0,0,0,1280,720,0,0,1,1,1,20,20,1.0,1,0,1,0.0486121057606921,0,1,auto_captions,1,1,1,srt_dedup,9210,0,3188,0.0041,1.000,0.394,0.007,hi,translated_en,1
We_vg9iRdjw,vlogs,UCxOtccRpLsWfZKndqRB2l6w,ok,true,,72,metadata,10,1175571,1480000,metadata,0,0,0,0,1280,720,0,1,1,1,1,20,20,1.0,1,0,1,0.0,0,1,auto_captions,1,1,1,srt_dedup,705,0,245,0.0000,1.000,0.377,0.000,en,native_en,1
Wo2yToeCvNY,vlogs,UCEtufNfJ95oU4z15ZudPnbw,ok,false,,1344,metadata,32,108145,523000,metadata,0,0,0,0,1280,720,0,0,1,1,1,19,20,0.95,0,1,1,0.021637675010606715,0,1,auto_captions,1,1,1,srt_dedup,7472,0,2463,0.0000,1.000,0.376,0.003,en,native_en,1
WtpxIkNqiwI,vlogs,UCuIgFd6HD8rR8OD8IvHz2nA,ok,true,,55,metadata,11,89366,1150,metadata,0,0,0,0,1280,720,0,0,1,1,1,20,20,1.0,1,0,1,0.0,0,1,auto_captions,1,1,1,srt_dedup,410,0,146,0.0576,1.000,0.295,0.039,hi,translated_en,1
XCPoGzqw1rI,vlogs,UCbK2Dc_JBauzczySLBg_1Ig,ok,true,,23,metadata,542,4977745,1580000,metadata,0,0,0,0,1280,720,0,1,1,1,1,20,20,1.0,1,0,1,0.0,0,0,whisper,0,1,0,whisper,2,0,2,0.0000,1.000,0.000,0.000,en,sparse,0
XHe_-chR12g,vlogs,UCPXLAruFusYx0ZI_WA8T34w,ok,true,,83,metadata,16,885665,7240000,metadata,0,0,0,0,1280,720,0,1,1,1,1,20,20,1.0,1,0,1,0.0,0,1,auto_captions,1,1,1,srt_dedup,976,0,326,0.0157,1.000,0.348,0.000,hi,translated_en,1
XjQ20Vp_tXk,vlogs,UCefUe0Z4UUB7MnRfudzew7A,ok,false,,439,metadata,9,8864,21600,metadata,0,0,0,0,1280,720,0,0,1,1,1,20,20,1.0,1,0,1,0.01046654809139418,0,1,whisper,1,1,1,srt_dedup,14,0,1,0.0000,1.000,0.000,0.000,en,sparse,0
Y9--gaZvK-k,vlogs,UCfBfW_as7LwMXx2jhfsBfRA,ok,true,,66,metadata,11,289716,121000,metadata,0,0,0,0,1280,720,0,1,1,1,1,19,20,0.95,0,1,1,0.0,0,1,auto_captions,1,1,1,srt_dedup,660,0,232,0.0000,1.000,0.312,0.000,en,native_en,1
YDIGdfNIDW4,vlogs,UCeAx3r6N0y72D3Ph6GipQGg,ok,true,,17,metadata,1,80550,202000,metadata,0,0,0,0,1280,720,0,1,1,1,1,20,20,1.0,1,0,1,0.017452006980802792,0,1,auto_captions,1,1,1,srt_dedup,194,0,68,0.0000,1.000,0.500,0.000,hi,translated_en,1
YE1qvo9ZXUs,vlogs,UCgjkCf9MvFqAxLoTsUAkgMA,ok,false,,2150,metadata,5,680961,2910000,metadata,0,0,0,0,1280,720,0,0,1,1,1,20,20,1.0,1,0,1,0.048097450709531565,0,1,auto_captions,1,1,1,srt_dedup,19948,0,6772,0.0021,0.999,0.338,0.005,tr,translated_en,1
Yd9RxRRmzfk,vlogs,UCssI1v1X6_2v1kIngisYvNQ,ok,true,,90,metadata,0,577,77700,metadata,0,0,1,1,1280,720,0,1,1,1,1,20,20,1.0,1,0,1,0.0,0,1,auto_captions,1,1,1,srt_dedup,1264,0,424,0.0000,1.000,0.401,0.000,hi,translated_en,1
YfyC7PQZByQ,vlogs,UCYh931jrUVrrISOGV1qyVtw,ok,false,,1235,metadata,142,263839,1360000,metadata,0,0,0,0,1280,720,0,0,1,1,1,20,20,1.0,1,0,1,0.0074110071680233295,0,1,auto_captions,1,1,1,srt_dedup,11969,0,3948,0.0000,1.000,0.349,0.009,en,native_en,1
Yjw1IwCPnYw,vlogs,UCSHIuVGOU65gX16_tLr0_IA,ok,false,,1496,metadata,12,111554,1080000,metadata,0,0,0,0,1280,720,0,0,1,1,1,20,20,1.0,1,0,1,0.04162406015037593,0,1,auto_captions,1,1,1,srt_dedup,4904,0,1785,0.0000,1.000,0.400,0.034,te,translated_en,1
YkH_HNqizLU,vlogs,UCX7ZNRk-EJASxtt7PhhiDIg,ok,false,,1335,metadata,91,171195,31100,metadata,0,0,0,0,1280,720,0,0,1,1,1,20,20,1.0,1,0,1,0.11580650962057437,0,1,auto_captions,1,1,1,srt_dedup,10808,0,3598,0.0019,1.000,0.381,0.001,en,native_en,1
Yt47D2e3OgE,vlogs,UCxQcqsa1yHm8ju3Uf9CW4lA,ok,true,,59,metadata,11,277047,507000,metadata,0,0,0,0,1280,720,0,1,1,1,1,20,20,1.0,1,0,1,0.005058168942842691,0,1,auto_captions,1,1,1,srt_dedup,683,0,231,0.0000,1.000,0.381,0.000,hi,translated_en,1
Yy2TJ6aI2Do,vlogs,UCjwQvcDfQqWue00xhLPHHaw,ok,true,,10,metadata,1,609363,545,metadata,0,0,0,0,1280,720,0,1,1,1,1,20,20,1.0,1,0,1,0.0,0,1,whisper,1,1,1,srt_dedup,9,0,14,0.0000,1.000,0.500,0.000,hi,sparse,0
Z92VfZDrDOE,vlogs,UCLcyoMwOBT9q57lPmDkfK9w,ok,true,,62,metadata,7,234074,122000,metadata,0,0,0,0,1280,720,0,1,1,1,1,20,20,1.0,1,0,1,0.0,0,1,auto_captions,1,1,1,srt_dedup,690,0,230,0.0000,1.000,0.339,0.000,hi,translated_en,1
ZV70mT8kgI0,vlogs,UCxS03VyO9H9AfFiaQliSK8g,ok,false,,1276,metadata,38,161131,425000,metadata,0,0,0,0,1280,720,0,0,1,1,1,17,20,0.85,0,1,1,0.0790160618959152,0,1,auto_captions,1,1,1,srt_dedup,7735,0,2826,0.0007,1.000,0.378,0.020,fr,translated_en,1
ZVr5mULU99E,vlogs,UCPXLAruFusYx0ZI_WA8T34w,ok,true,,89,metadata,23,2042436,7240000,metadata,0,0,0,0,1280,720,0,1,1,1,1,20,20,1.0,1,0,1,0.0,0,1,auto_captions,1,1,1,srt_dedup,990,0,336,0.0000,1.000,0.390,0.000,hi,translated_en,1
ZdtvArlMDsg,vlogs,UC49EgySW0Guwy5ThcN11ehQ,ok,false,,913,metadata,5,1960961,5730000,metadata,0,0,0,0,1280,720,0,0,1,1,1,20,20,1.0,1,0,1,0.02544629647894272,0,1,auto_captions,1,1,1,srt_dedup,6707,0,2425,0.0008,1.000,0.354,0.005,hi,translated_en,1
Zllwbjy_OCk,vlogs,UCWwPvZvoWub-Yb0P9d5bYzA,ok,false,,1251,metadata,15,486851,887000,metadata,0,0,0,0,1280,720,0,0,1,1,1,20,20,1.0,1,0,1,0.05308206861828385,0,1,auto_captions,1,1,1,srt_dedup,6449,0,2345,0.0021,1.000,0.354,0.016,en,native_en,1
ZuU-Dr4K_DA,vlogs,UCbN_q5ZgZF0yFhHpoJpl8uA,ok,true,,74,metadata,12,583850,284000,metadata,0,0,0,0,1280,720,0,1,1,1,1,20,20,1.0,1,0,1,0.0,0,0,whisper,0,1,0,whisper,20,0,20,0.0000,1.000,0.250,0.000,mr,sparse,0
_4Tg5n6t0is,vlogs,UCT6ICa_opIJnhsAN8rR6wuw,ok,true,,48,metadata,7,2249318,229000,metadata,0,0,0,0,1280,720,0,1,1,1,1,20,20,1.0,1,0,1,0.0,0,1,auto_captions,1,1,1,srt_dedup,337,0,114,0.0000,1.000,0.264,0.017,id,translated_en,1
_DwjdfbTVIo,vlogs,UC_cecSRU92J2m-BrgbEyfSQ,ok,false,,916,metadata,609,1599720,12500000,metadata,0,0,0,0,1280,720,0,0,1,1,1,20,20,1.0,1,0,1,0.007726558407543218,0,0,whisper,0,1,0,whisper,1012,0,1012,0.0159,1.000,0.382,0.000,hi,whisper_on_non_english,0
_E9YqfMeO7M,vlogs,UCbN_q5ZgZF0yFhHpoJpl8uA,ok,true,,89,metadata,4,291175,284000,metadata,0,0,0,0,1280,720,0,1,1,1,1,20,20,1.0,1,0,1,0.003702457085156514,0,1,auto_captions,1,1,1,srt_dedup,978,0,334,0.0000,1.000,0.401,0.000,mr,translated_en,1
_GfhgcQ0BPY,vlogs,UCIS-gjnsfvNGV1skBLfnknQ,ok,true,,82,metadata,9,753681,1390000,metadata,0,0,0,0,1280,720,0,1,1,1,1,20,20,1.0,1,0,1,0.0,0,1,auto_captions,1,1,1,srt_dedup,1064,0,362,0.0000,1.000,0.373,0.000,en,native_en,1
_GpMQhfS0s8,vlogs,UCachNC99wnp6IdmTLVG9j-g,ok,true,,37,metadata,12,1512367,3450000,metadata,0,0,0,0,1280,720,0,1,1,1,1,20,20,1.0,1,0,1,0.0,0,1,auto_captions,1,1,1,srt_dedup,236,0,82,0.0000,1.000,0.293,0.000,en,native_en,1
_hdyLC2UQ7E,vlogs,UCxgz_bw4NO3Egnl1YuE1DDA,ok,true,,57,metadata,44,8717461,904000,metadata,0,0,0,0,1280,720,0,1,1,1,1,20,20,1.0,1,0,1,0.0,0,1,auto_captions,1,1,1,srt_dedup,716,0,240,0.0000,1.000,0.388,0.008,id,translated_en,1
_p5wHP2_ero,vlogs,UCqQyx4yKMuNCuFuF42WwmEQ,ok,true,,25,metadata,9,30215,49900,metadata,0,0,0,0,1280,720,0,1,1,1,1,20,20,1.0,1,0,1,0.0,0,1,auto_captions,1,1,1,srt_dedup,117,0,31,0.0000,1.000,0.355,0.031,en,sparse,0
_rx2O-43lHY,vlogs,UCyiN00eOKq-OWS0ixpvsqtg,ok,false,,3206,metadata,5,55248,124000,metadata,0,0,0,0,1280,720,0,0,1,1,1,20,20,1.0,1,0,1,0.015710235513179197,0,1,auto_captions,1,1,1,srt_dedup,19113,0,6278,0.0010,1.000,0.371,0.017,en,native_en,1
aDsOOjsAjJg,vlogs,UCHvhdsf-Snb7lPD7GG-9vCw,ok,false,,2531,metadata,9,482275,599000,metadata,0,0,0,0,1280,720,0,0,1,1,1,20,20,1.0,1,0,1,0.11214233221914038,0,1,auto_captions,1,1,1,srt_dedup,19923,0,6179,0.0002,1.000,0.336,0.005,en,native_en,1
aHs_BvCDfiE,vlogs,UCFcBAGR0drI3F15EhMFjuTg,ok,false,,1369,metadata,74,6709207,20700000,metadata,0,0,0,0,1280,720,0,0,1,1,1,20,20,1.0,1,0,1,0.00834885504546949,0,0,whisper,0,1,0,whisper,1643,0,1643,0.0550,1.000,0.350,0.001,hi,whisper_on_non_english,0
aPeRJXXb9r8,vlogs,UCHQ3afcerL-xvW2j282J4tQ,missing_from_api,,,86,metadata,7,352221,14300,metadata,0,0,1,0,1280,720,0,1,1,1,1,20,20,1.0,1,0,1,0.003861003861003862,0,1,auto_captions,1,1,1,srt_dedup,688,0,239,0.0000,1.000,0.287,0.017,,native_en,1
aPjm-wBwtLQ,vlogs,UCY6rojaGnLejJmMi4awW6_g,ok,true,,22,metadata,432,1498,478,metadata,0,0,0,1,1280,720,0,1,1,1,1,20,20,1.0,1,0,1,0.10335570469798655,0,0,whisper,0,1,0,whisper,1,0,1,0.0000,0.000,0.000,0.000,ar,sparse,0
aRErzya4ehI,vlogs,UC0psAD-M4X6O0yC_hFRK4hw,ok,false,,1481,metadata,6,86262,1260000,metadata,0,0,0,0,1280,720,0,0,1,1,1,20,20,1.0,1,0,1,0.02288514895599167,0,1,auto_captions,1,1,1,srt_dedup,14896,0,4895,0.0002,1.000,0.342,0.027,en,native_en,1
aXmPUVTlHqI,vlogs,UCq0fToUIqmbVZasHtzyYg8A,ok,true,,150,metadata,0,25999,49400,metadata,0,0,0,0,1280,720,0,1,1,1,1,20,20,1.0,1,0,1,0.0,0,1,auto_captions,1,1,1,srt_dedup,1774,0,599,0.0000,1.000,0.413,0.000,hi,translated_en,1
adb2Su_QOQA,vlogs,UCIS-gjnsfvNGV1skBLfnknQ,ok,true,,82,metadata,10,1273604,1390000,metadata,0,0,0,0,1280,720,0,1,1,1,1,20,20,1.0,1,0,1,0.00403225806451613,0,1,auto_captions,1,1,1,srt_dedup,1162,0,395,0.0000,1.000,0.339,0.000,en,native_en,1
amHVGaHPQmw,vlogs,UChT0bE5RPVIrjqN1Qn_N7bw,ok,false,,761,metadata,696,2093793,105000,metadata,0,0,0,0,1280,720,0,0,1,1,1,20,20,1.0,1,0,1,0.05747761252909384,0,0,whisper,0,1,0,whisper,76,0,76,0.5652,1.000,0.487,0.000,en,native_en,0
b2kQqnRIkks,vlogs,UCfMxcV_B7FOR2zLgMQj10Tg,ok,true,,61,metadata,7,2722550,22100,metadata,0,0,0,0,1280,720,0,1,1,1,1,20,20,1.0,1,0,1,0.004901960784313726,0,1,auto_captions,1,1,1,srt_dedup,528,0,181,0.0000,1.000,0.356,0.016,hi,translated_en,1
b6KNYVXo1CE,vlogs,UClewBQ2pWDSvKVt3wAEDuQg,ok,true,,56,metadata,118,1113,121,metadata,0,0,1,1,1280,720,0,1,1,1,1,20,20,1.0,1,0,1,0.0,0,1,auto_captions,1,1,1,srt_dedup,255,0,85,0.0000,1.000,0.447,0.133,hi,translated_en,1
bZmM7RTN55I,vlogs,UCw1dHU_n3o7aQHjHzMWEWUA,ok,true,,27,metadata,436,1636143,144000,metadata,0,0,0,0,1280,720,0,1,1,1,1,20,20,1.0,1,0,1,0.0,0,0,whisper,0,0,0,none,0,0,0,0.0000,0.000,0.000,0.000,ja,missing,0
bbHx4M7CAGw,vlogs,UCFcBAGR0drI3F15EhMFjuTg,ok,false,,817,metadata,9,3219478,20700000,metadata,0,0,0,0,1280,720,0,0,1,1,1,20,20,1.0,1,0,1,0.022948411969891693,0,0,whisper,0,1,0,whisper,1385,0,1385,0.0225,1.000,0.365,0.000,hi,whisper_on_non_english,0
bihSYt6pa-A,vlogs,UCJwtiMQb8xM5HZNLeIIF92w,ok,false,,1275,metadata,6,10869,4040000,metadata,0,0,0,0,1280,720,0,0,1,1,1,20,20,1.0,1,0,1,0.027027662777568698,0,1,auto_captions,1,1,1,srt_dedup,11581,0,3971,0.0040,1.000,0.360,0.002,hi,translated_en,1
bpnOQLzg_k4,vlogs,UC8-lt5-2XwATHTJ31bdOE6A,ok,false,,1015,metadata,13,1092493,1210000,metadata,0,0,0,0,1280,720,0,0,1,1,1,20,20,1.0,1,0,1,0.010373566615439183,0,1,auto_captions,1,1,1,srt_dedup,10566,0,3670,0.0000,1.000,0.335,0.002,ur,translated_en,1
bxUVG02ac3Y,vlogs,UCz9F9eEkt2KcLXZt--M6vjA,ok,false,,917,metadata,62,439739,1460000,metadata,0,0,0,0,1280,720,0,0,1,1,1,20,20,1.0,1,0,1,0.013780236326143176,0,1,auto_captions,1,1,1,srt_dedup,5375,0,1744,0.0035,1.000,0.361,0.011,en,native_en,1
c6u6hoOYjfA,vlogs,UCxzsKQg-TtORISaHJmno4Uw,ok,false,,327,metadata,6,103230,684000,metadata,0,0,0,0,1280,720,0,0,1,1,1,20,20,1.0,1,0,1,0.032255108586090014,0,1,auto_captions,1,1,1,srt_dedup,2751,0,935,0.0000,1.000,0.394,0.000,en,native_en,1
cBVL8OvOjd4,vlogs,UChZ0JmGgyOWSU-1iXxPhsVA,ok,false,,559,metadata,5,571855,3900000,metadata,0,0,0,0,1280,720,0,0,1,1,1,20,20,1.0,1,0,1,0.005583592827230756,0,1,auto_captions,1,1,1,srt_dedup,4571,0,1554,0.0000,1.000,0.375,0.003,hi,translated_en,1
cJCUztbXHYQ,vlogs,UC9wqnVIZ7kc6V8PACtvaz_g,ok,false,,1453,metadata,15,757416,1690000,metadata,0,0,0,0,1280,720,0,0,1,1,1,20,20,1.0,1,0,1,0.007101862174325945,0,1,auto_captions,1,1,1,srt_dedup,8537,0,2950,0.0000,1.000,0.363,0.019,en,native_en,1
cTcIgmc48Yc,vlogs,UCFcBAGR0drI3F15EhMFjuTg,ok,false,,900,metadata,4,2767489,20700000,metadata,0,0,0,0,1280,720,0,0,1,1,1,20,20,1.0,1,0,1,0.03073435781192709,0,0,whisper,0,1,0,whisper,1363,0,1363,0.0140,1.000,0.380,0.000,hi,whisper_on_non_english,0
cYFgSWBttKg,vlogs,UCcmQxZBJ2qTXWpOQCAODyNA,ok,true,,56,metadata,10,2460979,14900000,metadata,0,0,0,0,1280,720,0,1,1,1,1,20,20,1.0,1,0,1,0.0,0,1,auto_captions,1,1,1,srt_dedup,772,0,274,0.0000,1.000,0.358,0.000,hi,translated_en,1
cZ20j1DURhc,vlogs,UCBTDAlFNciEA6_9nJgFfn8Q,ok,true,,65,metadata,32,9902979,918000,metadata,0,0,0,0,1280,720,0,1,1,1,1,19,20,0.95,0,1,1,0.0,0,1,auto_captions,1,1,1,srt_dedup,844,0,285,0.0000,1.000,0.400,0.000,hi,translated_en,1
chuYzzygbig,vlogs,UC7zykwhKye5sOAGG8GpVcNA,ok,true,,106,metadata,10,4422995,971000,metadata,0,0,0,0,1280,720,0,1,1,1,1,20,20,1.0,1,0,1,0.0,0,1,auto_captions,1,1,1,srt_dedup,1450,0,496,0.0000,1.000,0.393,0.000,en,native_en,1
clTbcnIHHlY,vlogs,UCXlKdBP5Q6GNcgamvgQ59ZQ,ok,false,,587,metadata,10,186745,2910000,metadata,0,0,0,0,1280,720,0,0,1,1,1,19,20,0.95,0,1,1,0.02410746207671486,0,1,auto_captions,1,1,1,srt_dedup,5067,0,1772,0.0011,1.000,0.381,0.011,hi,translated_en,1
coabr-V35u0,vlogs,UCPXLAruFusYx0ZI_WA8T34w,ok,true,,68,metadata,27,1754110,7240000,metadata,0,0,0,0,1280,720,0,1,1,1,1,20,20,1.0,1,0,1,0.0,0,1,auto_captions,1,1,1,srt_dedup,813,0,275,0.0000,1.000,0.371,0.000,hi,translated_en,1
cz6EnE7_otM,vlogs,UCRKHnsF1BqhzWXeYfnukZCw,ok,true,,17,metadata,503,5869443,397000,metadata,0,0,0,0,1280,720,0,1,1,1,1,20,20,1.0,1,0,1,0.0,0,1,auto_captions,1,1,1,srt_dedup,134,0,51,0.0000,1.000,0.431,0.000,en,native_en,1
d-Z1Tz8dPZI,vlogs,UCxjZr8cJ3sOZMdWHjdT2PyA,ok,true,,39,metadata,7,40808,44100,metadata,0,0,0,0,1280,720,0,1,1,1,1,20,20,1.0,1,0,1,0.0,0,1,auto_captions,1,1,1,srt_dedup,372,0,126,0.0000,1.000,0.333,0.023,de,translated_en,1
dPFlrI1LBKM,vlogs,UCbZ-t3qPLfKO6xncRqeT-lg,ok,true,,41,metadata,6,3859893,2630000,metadata,0,0,0,0,1280,720,0,1,1,1,1,20,20,1.0,1,0,1,0.0,0,1,whisper,1,1,0,whisper,90,0,90,0.0000,1.000,0.033,0.000,en,non_english_text,0
dZD-GnzYZeU,vlogs,UC7TM_LhSuSUe1zrEqBTWVHg,ok,true,,62,metadata,2,34215,196000,metadata,0,0,0,0,1280,720,0,1,1,1,1,20,20,1.0,1,0,1,0.0,0,1,auto_captions,1,1,1,srt_dedup,809,0,273,0.0000,1.000,0.388,0.000,en,native_en,1
d_gZmZAUyj0,vlogs,UCBTDAlFNciEA6_9nJgFfn8Q,ok,true,,65,metadata,8,1378219,918000,metadata,0,0,0,0,1280,720,0,1,1,1,1,20,20,1.0,1,0,1,0.005982512655315234,0,1,auto_captions,1,1,1,srt_dedup,848,0,293,0.0000,1.000,0.382,0.000,hi,translated_en,1
dlT0TWAhu6o,vlogs,UCsX2Ofw6A21wqwM9ZvFxTUA,ok,false,,1904,metadata,10,126177,957000,metadata,0,0,0,0,1280,720,0,0,1,1,1,20,20,1.0,1,0,1,0.023597983616887204,0,1,auto_captions,1,1,1,srt_dedup,6091,0,2207,0.0118,1.000,0.289,0.015,fil,translated_en,1
dyufWGuxANM,vlogs,UCUgvCC6iygghq-f2r96P-Jw,ok,false,,985,metadata,4,654266,15600000,metadata,0,0,0,0,1280,720,0,0,1,1,1,20,20,1.0,1,0,1,0.07170259408111074,0,1,auto_captions,1,1,1,srt_dedup,7378,0,2642,0.0019,1.000,0.357,0.007,hi,translated_en,1
e0GJ1ROdSRM,vlogs,UCblpO9TKGXSbYDNryikKJ3w,ok,true,,29,metadata,9,120267,79700,metadata,0,0,0,0,1280,720,0,1,1,1,1,20,20,1.0,1,0,1,0.0,0,1,auto_captions,1,1,1,srt_dedup,407,0,138,0.0000,1.000,0.362,0.000,en,native_en,1
e0bWrw8kJfw,vlogs,UC8Pw0ep9ceL0IeL_o-Obb9Q,ok,false,,2093,metadata,400,303987,56000,metadata,0,0,0,0,1280,720,0,0,1,1,1,19,20,0.95,0,1,1,0.06686834219845446,0,1,auto_captions,1,1,1,srt_dedup,13092,0,4253,0.0049,1.000,0.357,0.028,en,native_en,1
e4TVi7fFfKg,vlogs,UCscCsDrQBCIYVUIAjpRKRwQ,ok,true,,22,metadata,0,2052,4260,metadata,0,0,0,0,1280,720,0,1,1,1,1,20,20,1.0,1,0,1,0.0,0,0,whisper,0,1,0,whisper,34,0,34,0.0000,1.000,0.294,0.000,en,sparse,0
eI4fLi-VfHM,vlogs,UCJZ2Q7rl9koNzl1eF0KAayg,ok,false,,423,metadata,137,201136,49900,metadata,0,0,0,0,1280,720,0,0,1,1,1,19,20,0.95,0,1,1,0.0,0,1,whisper,1,1,0,whisper,257,0,257,0.0000,0.999,0.362,0.000,en,native_en,1
eREXWXoVB1Q,vlogs,UCt0Ixx31xpbcDeX-UnK-Fyw,ok,true,,34,metadata,11,11365777,5150000,metadata,0,0,0,0,1280,720,0,1,1,1,1,20,20,1.0,1,0,1,0.0,0,1,auto_captions,1,1,1,srt_dedup,240,0,73,0.0000,1.000,0.247,0.087,hi,translated_en,1
eWoyI3R3VZM,vlogs,UCaM-TXr_XisTvTMFrnXK9qQ,ok,false,,843,metadata,17,3159959,2270000,metadata,0,0,0,0,1280,720,0,0,1,1,1,20,20,1.0,1,0,1,0.007754419663500877,0,1,auto_captions,1,1,1,srt_dedup,3558,0,1309,0.0069,1.000,0.360,0.022,te,translated_en,1
errYHwrihLk,vlogs,UCrcaCWJ0hpi7mvuLPB5wKwA,ok,true,,92,metadata,8,533593,1370000,metadata,0,0,0,0,1280,720,0,1,1,1,1,20,20,1.0,1,0,1,0.00392541707556428,0,1,auto_captions,1,1,1,srt_dedup,902,0,314,0.0000,1.000,0.366,0.000,hi,translated_en,1
fIAMvKNVI1Y,vlogs,UCxSDXFuA1XEeDSzl9wcctvA,ok,true,,15,metadata,109,1811,636,metadata,0,0,0,1,1280,720,0,1,1,1,1,20,20,1.0,1,0,1,0.0,0,1,auto_captions,1,1,1,srt_dedup,51,0,20,0.0000,1.000,0.350,0.048,hi,sparse,0
fW9J88dSNfc,vlogs,UCEjhqa7NGmsnWIMuatSZXzQ,ok,true,,65,metadata,400,3266362,509000,metadata,0,0,0,0,1280,720,0,1,1,1,1,20,20,1.0,1,0,1,0.0,0,1,auto_captions,1,1,1,srt_dedup,688,0,232,0.0000,0.998,0.333,0.000,es,translated_en,1
f_dZfS-mNrY,vlogs,UCNTKUUh0HE1AjQEs60JVW0A,ok,false,,2061,metadata,8,21775,133000,metadata,0,0,0,0,1280,720,0,0,1,1,1,20,20,1.0,1,0,1,0.10782401071542964,0,1,auto_captions,1,1,1,srt_dedup,19375,0,6675,0.0088,1.000,0.380,0.005,hi,translated_en,1
ftiSXc3ET_k,vlogs,UCNSxxIspLCD9vokX1obicTw,ok,true,,138,metadata,1,9657,15800,metadata,0,0,0,0,1280,720,0,1,1,1,1,20,20,1.0,1,0,1,0.05600173648795314,0,1,auto_captions,1,1,1,srt_dedup,1468,0,495,0.0000,1.000,0.380,0.000,en,native_en,1
fx0hSbsc7b8,vlogs,UCXgOMIntLnT2nrCqzKtEexA,ok,true,,11,metadata,7,191503,26800,metadata,0,0,1,0,1280,720,0,1,1,1,1,20,20,1.0,1,0,1,0.0,0,1,auto_captions,1,1,1,srt_dedup,140,0,52,0.0000,1.000,0.288,0.000,en,native_en,1
fzNmBTYKo44,vlogs,UCgAq9LRKx0NUSZ0ZtB3DWIg,ok,true,,30,metadata,420,163631687,12600000,metadata,0,0,0,0,1280,720,0,1,1,1,1,20,20,1.0,1,0,1,0.0,0,0,whisper,0,1,0,whisper,10,0,10,0.0000,1.000,0.300,0.000,en,sparse,0
g-XMtLI57-U,vlogs,UC22auqj_OjSJk4cBXduHJcA,ok,true,,36,metadata,11,623922,148000,metadata,0,0,0,0,1280,720,0,1,1,1,1,20,20,1.0,1,0,1,0.0,0,1,auto_captions,1,1,1,srt_dedup,325,0,107,0.0000,1.000,0.419,0.028,en,native_en,1
g6Q1_ewS2Ns,vlogs,UCzW8ONvsO6yM8Ixkoc5EA-g,ok,false,,624,metadata,19,161046,697000,metadata,0,0,0,0,1280,720,0,0,1,1,1,20,20,1.0,1,0,1,0.0006736598979886442,0,1,auto_captions,1,1,1,srt_dedup,9809,0,3262,0.0000,1.000,0.354,0.002,en,native_en,1
g9H14QjVtR8,vlogs,UCjvgGbPPn-FgYeguc5nxG4A,ok,false,,971,metadata,25,8118006,41600000,metadata,0,0,0,0,1280,720,0,0,1,1,1,20,20,1.0,1,0,1,0.07915224913494813,0,1,auto_captions,1,1,1,srt_dedup,7370,0,2582,0.0043,1.000,0.384,0.007,hi,translated_en,1
gJ6j73gTwqI,vlogs,UCYVFeFY_4-755hqdPfB2qpw,ok,true,,107,metadata,0,130927,652000,metadata,0,0,0,0,1280,720,0,1,1,1,1,20,20,1.0,1,0,0,,0,1,auto_captions,1,1,1,srt_dedup,865,0,286,0.0000,1.000,0.325,0.031,en,native_en,1
gJaXPqTGXYA,vlogs,UCNY2WqbWmhULHQ5uREQ0GdA,ok,true,,47,metadata,11,291276,933000,metadata,0,0,1,0,1280,720,0,1,1,1,1,20,20,1.0,1,0,1,0.0,0,1,auto_captions,1,1,1,srt_dedup,491,0,173,0.0000,1.000,0.416,0.000,en,native_en,1
gRo18Se7JII,vlogs,UCo_pVHaMq0QIqG_o0BxaEyQ,ok,true,,30,metadata,6,26187,67300,metadata,0,0,0,0,1280,720,0,1,1,1,1,20,20,1.0,1,0,1,0.0,0,1,auto_captions,1,1,1,srt_dedup,160,0,52,0.0000,1.000,0.327,0.071,hi,translated_en,1
gYvruH10r8E,vlogs,UC_cecSRU92J2m-BrgbEyfSQ,ok,true,,60,metadata,1027,22148559,12500000,metadata,0,0,0,0,1280,720,0,1,1,1,1,20,20,1.0,1,0,1,0.0,0,1,auto_captions,1,1,1,srt_dedup,734,0,252,0.0000,1.000,0.401,0.000,en,native_en,1
gc85zHi0Hgo,vlogs,UCkJ9Iy3S-jDp6BGeaMkLz7g,ok,true,,60,metadata,488,21487755,9940000,metadata,0,0,0,0,1280,720,0,1,1,1,1,20,20,1.0,1,0,1,0.0,0,1,auto_captions,1,1,1,srt_dedup,701,0,240,0.0000,1.000,0.342,0.000,en,native_en,1
gcyxEORcYZI,vlogs,UCa8DWEqRqjkH5FlvRgYe6aw,ok,false,,405,metadata,9,538498,1300000,metadata,0,0,0,0,1280,720,0,0,1,1,1,20,20,1.0,1,0,1,0.0025960539979231574,0,1,auto_captions,1,1,1,srt_dedup,3282,0,1132,0.0009,1.000,0.348,0.007,ur,translated_en,1
gmrUzTZnKik,vlogs,UCQObbMyA4UbSt2bQLFzsKmg,ok,true,,80,metadata,18,559822,654000,metadata,0,0,0,0,1280,720,0,1,1,1,1,20,20,1.0,1,0,1,0.0,0,1,auto_captions,1,1,1,srt_dedup,846,0,283,0.0000,1.000,0.337,0.004,en,native_en,1
gwHGuBgcQGQ,vlogs,UCt3oBdiL1DngqAQak0J880w,ok,false,,873,metadata,37,161980,62800,metadata,0,0,0,0,1280,720,0,0,1,1,1,20,20,1.0,1,0,1,0.05443486030447783,0,1,auto_captions,1,1,1,srt_dedup,2216,0,777,0.0000,1.000,0.297,0.011,en,native_en,1
gztOE7GP_Ug,vlogs,UC9ycN40VxCbCir-GFEay56w,ok,true,,34,metadata,5,844360,7290,metadata,0,0,0,0,1280,720,0,1,1,1,1,20,20,1.0,1,0,1,0.0,0,1,auto_captions,1,1,1,srt_dedup,163,0,53,0.0000,1.000,0.453,0.131,en,native_en,1
hDM-FkQB0UU,vlogs,UCx9591X4GlCqssjrsCjFhlg,ok,true,,53,metadata,2,23277,2710,metadata,0,0,1,0,1280,720,0,1,1,1,1,20,20,1.0,1,0,1,0.0,0,1,auto_captions,1,1,1,srt_dedup,777,0,261,0.0000,1.000,0.383,0.000,hi,translated_en,1
hERVjUq0fOU,vlogs,UCEtIeJtqlSxM42udyAiSIRw,ok,false,,2590,metadata,15,23066,121000,metadata,0,0,0,0,1280,720,0,0,1,1,1,20,20,1.0,1,0,1,0.03780928551570753,0,1,auto_captions,1,1,1,srt_dedup,18978,0,6331,0.0009,1.000,0.384,0.017,en,native_en,1
hIe0zsHOVeI,vlogs,UCuqectzXVthWIvCWJU_9RPQ,ok,true,,36,metadata,1,2988,14300,metadata,0,0,0,1,1280,720,0,1,1,1,1,20,20,1.0,1,0,1,0.0,0,1,auto_captions,1,1,1,srt_dedup,347,0,135,0.0000,1.000,0.455,0.000,te,translated_en,1
hRLbHzp99Dg,vlogs,UClyqyvCwTcY2b-V_bSABciQ,ok,true,,34,metadata,10,884595,182000,metadata,0,0,0,0,1280,720,0,1,1,1,1,20,20,1.0,1,0,1,0.0,0,1,auto_captions,1,1,1,srt_dedup,155,0,55,0.0000,1.000,0.309,0.052,hi,translated_en,1
hg-3aJTmsuA,vlogs,UCgAq9LRKx0NUSZ0ZtB3DWIg,ok,true,,31,metadata,424,131735226,12600000,metadata,0,0,0,0,1280,720,0,1,1,1,1,20,20,1.0,1,0,1,0.0,0,0,whisper,0,1,0,whisper,17,0,17,0.0000,1.000,0.471,0.000,hi,sparse,0
hlgj0sLCqLQ,vlogs,UCPMXALoUefW6fMd0J818TqQ,ok,false,,2733,metadata,4,53035,726000,metadata,0,0,0,0,1280,720,0,0,1,1,1,20,20,1.0,1,0,1,0.07282049030048188,0,1,auto_captions,1,1,1,srt_dedup,16562,0,5678,0.0000,1.000,0.357,0.005,en,native_en,1
hndvmi_Y1cw,vlogs,UCVHiobNM6zGm0n55w8RZo_Q,ok,false,,6582,metadata,5,251013,91700,metadata,0,0,0,0,1280,720,0,0,1,1,1,20,20,1.0,1,0,1,0.05528359678389806,0,1,auto_captions,1,1,1,srt_dedup,25728,0,9383,0.0021,1.000,0.361,0.017,en,native_en,1
hqMafo-sccA,vlogs,UCHlbZ9NH8aebNJnd1ntmTig,ok,true,,31,metadata,178,243,48600,metadata,0,0,0,1,1280,720,0,1,1,1,1,20,20,1.0,1,0,1,0.05927342256214153,0,1,auto_captions,1,1,1,srt_dedup,175,0,65,0.0000,1.000,0.262,0.000,en,native_en,1
htojfW08jt8,vlogs,UCUy-3Iq9QKxZ6xKfyvVTmpw,ok,true,,31,metadata,18,772549,53700,metadata,0,0,0,0,1280,720,0,1,1,1,1,20,20,1.0,1,0,1,0.0,0,1,auto_captions,1,1,1,srt_dedup,434,0,147,0.0000,1.000,0.320,0.007,en,native_en,1
hu6S8UecnRs,vlogs,UC8THIV5LdgYGpfuPW_poV-g,ok,false,,1076,metadata,9,66383,234000,metadata,0,0,0,0,1280,720,0,0,1,1,1,20,20,1.0,1,0,1,0.055983263598326324,0,1,auto_captions,1,1,1,srt_dedup,8463,0,2819,0.0000,1.000,0.368,0.012,cs,translated_en,1
hxJ-l95m-no,vlogs,UCM4JYhQH_87CEiVOKFKAeog,ok,true,,52,metadata,10,984031,2450000,metadata,0,0,0,0,1280,720,0,1,1,1,1,20,20,1.0,1,0,1,0.00922190201729107,0,1,auto_captions,1,1,1,srt_dedup,432,0,154,0.0000,1.000,0.312,0.000,hi,translated_en,1
i9h1Cr5ZCxI,vlogs,UChZ0JmGgyOWSU-1iXxPhsVA,ok,false,,1197,metadata,13,626667,3900000,metadata,0,0,0,0,1280,720,0,0,1,1,1,20,20,1.0,1,0,1,0.0019803965806823604,0,1,auto_captions,1,1,1,srt_dedup,12086,0,4122,0.0015,1.000,0.382,0.003,hi,translated_en,1
iJnxyjl9m6o,vlogs,UCkOyHxHH-hxLMcWOwQE4FRw,ok,false,,9259,metadata,6,575816,1720000,metadata,0,0,0,0,1280,720,0,0,1,1,1,20,20,1.0,1,0,1,0.009742805487334678,0,1,auto_captions,1,1,1,srt_dedup,100396,0,33542,0.0000,1.000,0.396,0.007,es,translated_en,1
iNlSuk1hwrc,vlogs,UCGxFttw6iXx7DRYAnvNIU2g,ok,false,,633,metadata,8,70782,76400,metadata,0,0,0,0,1280,720,0,0,1,1,1,20,20,1.0,1,0,1,0.024789079533605093,0,1,auto_captions,1,1,1,srt_dedup,5143,0,1748,0.0023,1.000,0.386,0.000,en,native_en,1
iWNKWXoIWrM,vlogs,UCPFmOK15glsrKyisBeP_5Ww,ok,false,,3408,metadata,16,22097,11100,metadata,0,0,0,0,1280,720,0,0,1,1,1,20,20,1.0,1,0,1,0.057556046509580835,0,1,auto_captions,1,1,1,srt_dedup,17655,0,6536,0.0000,1.000,0.401,0.007,en,native_en,1
iYDwrHRyH6c,vlogs,UCdqn7pevRdz57Yo8RA95C1w,ok,false,,2725,metadata,338,1609801,2590000,metadata,0,0,0,0,1280,720,0,0,1,1,1,20,20,1.0,1,0,1,0.00323713678554519,0,1,auto_captions,1,1,1,srt_dedup,12484,0,4067,0.0002,1.000,0.294,0.000,en,native_en,1
iYVDLyIKibc,vlogs,UCBZF5SL5gSL2kmeRzXpb7fg,ok,false,,1256,metadata,11,68141,1450000,metadata,0,0,0,0,1280,720,0,0,1,1,1,20,20,1.0,1,0,1,0.026317674874023846,0,1,auto_captions,1,1,1,srt_dedup,9295,0,3245,0.0000,1.000,0.344,0.019,en,native_en,1
icZ61iP7qPc,vlogs,UCPNp3A5dqRcnjlnIyhtUy1A,ok,true,,55,metadata,7,65189,18200,metadata,0,0,0,0,1280,720,0,1,1,1,1,20,20,1.0,1,0,1,0.0,0,0,whisper,0,1,0,whisper,6,0,6,0.0000,1.000,0.333,0.000,ja,sparse,0
j4buo3l9MIc,vlogs,UC2rUbjVgo02QFo3ehokIEQQ,ok,false,,71,metadata,10,123019,59500,metadata,0,0,0,0,1280,720,0,0,1,1,1,20,20,1.0,1,0,1,0.02187631468237275,0,1,auto_captions,1,1,1,srt_dedup,586,0,202,0.0154,1.000,0.351,0.019,en,native_en,1
j7mpcXahFkw,vlogs,UCHvhdsf-Snb7lPD7GG-9vCw,ok,false,,1982,metadata,16,521150,599000,metadata,0,0,0,0,1280,720,0,0,1,1,1,20,20,1.0,1,0,1,0.14355986075374608,0,1,auto_captions,1,1,1,srt_dedup,14088,0,4317,0.0005,1.000,0.323,0.011,en,native_en,1
jFOMBRA9V00,vlogs,UCFcBAGR0drI3F15EhMFjuTg,ok,false,,748,metadata,11,3047144,20700000,metadata,0,0,0,0,1280,720,0,0,1,1,1,20,20,1.0,1,0,1,0.021185250571761023,0,0,whisper,0,1,0,whisper,1359,0,1359,0.0104,1.000,0.354,0.000,hi,whisper_on_non_english,0
jcdzv0VufgE,vlogs,UCUzvW98UhwyHcmUe5mRkjHQ,ok,false,,1314,metadata,11,273836,12000000,metadata,0,0,0,0,1280,720,0,0,1,1,1,20,20,1.0,1,0,1,0.006984387838948235,0,0,whisper,0,1,0,whisper,1565,0,1565,0.0501,1.000,0.398,0.000,hi,whisper_on_non_english,0
jiEDV9ww1GU,vlogs,UCdCUuowmKa-RuG6oOogAu1A,ok,true,,68,metadata,13,2857804,2790000,metadata,0,0,0,0,1280,720,0,1,1,1,1,20,20,1.0,1,0,1,0.004434589800443459,0,1,auto_captions,1,1,1,srt_dedup,400,0,143,0.0000,1.000,0.340,0.014,ta,translated_en,1
jlMl76DqO6A,vlogs,UCcViSyIPmEUpmnAyHhfbk2g,ok,true,,13,metadata,10,232479,24500,metadata,0,0,0,0,1280,720,0,1,1,1,1,20,20,1.0,1,0,1,0.0,0,0,whisper,0,1,0,whisper,3,0,3,0.0000,1.000,0.333,0.000,en,sparse,0
jsEWjABwHaY,vlogs,UCe6lRHzNi7lxX5mFSoVbINw,ok,false,,954,metadata,86,85385,91100,metadata,0,0,0,0,1280,720,0,0,1,1,1,20,20,1.0,1,0,1,0.03175201986859067,0,1,auto_captions,1,1,1,srt_dedup,5586,0,1881,0.0000,1.000,0.370,0.001,en,native_en,1
jsbu7FeC970,vlogs,UCuhp7oH9As-5fU0DrVjOUAw,ok,true,,28,metadata,13,10700964,1620000,metadata,0,0,1,0,1280,720,0,1,1,1,1,20,20,1.0,1,0,1,0.0,0,1,auto_captions,1,1,1,srt_dedup,189,0,67,0.0000,1.000,0.455,0.000,hi,translated_en,1
k84Q4hjbzdA,vlogs,UCzSYlvjgeMZhD1lalg7KjwA,ok,false,,2132,metadata,20,48696,63900,metadata,0,0,0,0,1280,720,0,0,1,1,1,19,20,0.95,0,1,1,0.009693848837863698,0,1,auto_captions,1,1,1,srt_dedup,10495,0,3457,0.0084,1.000,0.388,0.023,en,native_en,1
k9FxJ-lBkPs,vlogs,UCI0_nn75jb_XsUuvcMbrogQ,ok,true,,11,metadata,189,3180,9760,metadata,0,0,0,0,1280,720,0,1,1,1,1,20,20,1.0,1,0,1,0.08174386920980929,0,1,whisper,1,1,1,srt_dedup,4,0,2,0.0000,1.000,0.500,0.000,en,sparse,0
k9teU0bf6mo,vlogs,UC9a9QdSChfxJ5zj_UHyxCgQ,ok,false,,2627,metadata,15,41006,339000,metadata,0,0,0,0,1280,720,0,0,1,1,1,20,20,1.0,1,0,1,0.019839864764537245,0,1,auto_captions,1,1,1,srt_dedup,19088,0,6381,0.0024,1.000,0.373,0.002,en,native_en,1
kClOWvGZi5k,vlogs,UCXgOMIntLnT2nrCqzKtEexA,ok,true,,12,metadata,0,2292,26700,metadata,0,0,1,1,1280,720,0,1,1,1,1,20,20,1.0,1,0,1,0.0,0,1,auto_captions,1,1,1,srt_dedup,144,0,52,0.0000,1.000,0.294,0.000,hi,translated_en,1
kHbrEHrFPWk,vlogs,UCPXLAruFusYx0ZI_WA8T34w,ok,true,,75,metadata,22,1642649,7240000,metadata,0,0,0,0,1280,720,0,1,1,1,1,20,20,1.0,1,0,1,0.0,0,1,auto_captions,1,1,1,srt_dedup,899,0,305,0.0000,1.000,0.351,0.000,hi,translated_en,1
kdxfISZkUNc,vlogs,UCeWhsfqHbdc-xD08o4wfHBQ,ok,true,,14,metadata,6,408909,354000,metadata,0,0,0,0,1280,720,0,1,1,1,1,20,20,1.0,1,0,1,0.0,0,0,whisper,0,1,0,whisper,4,0,4,0.0000,1.000,0.500,0.000,pt,sparse,0
kkxvpLSLXAo,vlogs,UCemWMdV1dJ9AgTIpfg8JV0A,ok,true,,84,metadata,13,304950,236000,metadata,0,0,0,0,1280,720,0,1,1,1,1,20,20,1.0,1,0,1,0.0,0,1,auto_captions,1,1,1,srt_dedup,1063,0,359,0.0000,1.000,0.384,0.000,de,translated_en,1
klRAACZNKEo,vlogs,UC8THIV5LdgYGpfuPW_poV-g,ok,false,,1863,metadata,5,63420,234000,metadata,0,0,0,0,1280,720,0,0,1,1,1,20,20,1.0,1,0,1,0.04810587155667897,0,1,auto_captions,1,1,1,srt_dedup,15042,0,5045,0.0000,1.000,0.375,0.004,cs,translated_en,1
l-Lhj7Vr4fU,vlogs,UCPlxejxQic4vf9Ue9skMJ2Q,ok,true,,22,metadata,5,83039,10700,metadata,0,0,0,0,1280,720,0,1,1,1,1,20,20,1.0,1,0,1,0.0,0,0,whisper,0,1,0,whisper,2,0,2,0.0000,1.000,0.500,0.000,ja,sparse,0
l23lYSy3TE0,vlogs,UCMzdJtCZPlFRLgwI6I7UFEQ,ok,true,,42,metadata,9,555811,2010000,metadata,0,0,0,0,1280,720,0,1,1,1,1,20,20,1.0,1,0,1,0.0,0,1,auto_captions,1,1,1,srt_dedup,462,0,154,0.0000,1.000,0.318,0.000,hi,translated_en,1
lQTdZOKJeV0,vlogs,UCOpdlJDsxqzq9rxZUyigUWQ,ok,true,,56,metadata,374,55654268,5760000,metadata,0,0,0,0,1280,720,0,1,1,1,1,20,20,1.0,1,0,1,0.0,0,1,auto_captions,1,1,1,srt_dedup,759,0,259,0.0000,1.000,0.409,0.000,en,native_en,1
lgos2g6rV8c,vlogs,UCf0DkVOUDIJrE5yei6LbIHQ,ok,false,,4522,metadata,1046,2328,21300,metadata,0,0,0,0,1280,720,0,0,1,1,1,20,20,1.0,1,0,1,0.098281695747363,0,1,auto_captions,1,1,1,srt_dedup,34028,0,11470,0.0006,1.000,0.394,0.000,en,native_en,1
lhfv8q6cDJA,vlogs,UC0e19DyqdoRXPA5ubpO6Zlg,ok,true,,53,metadata,12,176942,153000,metadata,0,0,0,0,1280,720,0,1,1,1,1,20,20,1.0,1,0,1,0.0,0,0,whisper,0,1,0,whisper,10,0,10,0.0000,1.000,0.300,0.000,ja,sparse,0
ljWUhGZOGjs,vlogs,UCjgygey9zxWYAiOEZTmnZXQ,ok,false,,2536,metadata,8,30788,44200,metadata,0,0,0,0,1280,720,0,0,1,1,1,19,20,0.95,0,1,1,0.003939476392717291,0,1,auto_captions,1,1,1,srt_dedup,15997,0,5267,0.0000,1.000,0.361,0.010,en,native_en,1
m-ku9RKRSIA,vlogs,UCwvHLdNXSLU-ZE8jzRKBrKw,ok,true,,62,metadata,8,6087837,714000,metadata,0,0,0,0,1280,720,0,1,1,1,1,20,20,1.0,1,0,1,0.0,0,1,auto_captions,1,1,1,srt_dedup,696,0,232,0.0044,1.000,0.358,0.000,en,native_en,1
mFWr4wNL8Ks,vlogs,UCXicAYN7ZovOeynkxfLBUTQ,ok,false,,914,metadata,163,232239,278000,metadata,0,0,0,0,1280,720,0,0,1,1,1,20,20,1.0,1,0,1,0.10765495291531323,0,1,auto_captions,1,1,1,srt_dedup,4536,0,1548,0.0000,1.000,0.364,0.001,en,native_en,1
mX6qjNKvV7M,vlogs,UCjvgGbPPn-FgYeguc5nxG4A,ok,false,,891,metadata,12,4614457,41600000,metadata,0,0,0,0,1280,720,0,0,1,1,1,20,20,1.0,1,0,1,0.05936457666520669,0,1,auto_captions,1,1,1,srt_dedup,7376,0,2544,0.0000,1.000,0.375,0.012,hi,translated_en,1
mYPin0oiSy4,vlogs,UC6WP8sKb6NW5XuPAtsToNwQ,ok,true,,38,metadata,89,217271,14300,metadata,0,0,0,0,1280,720,0,1,1,1,1,19,20,0.95,0,1,1,0.0,0,1,auto_captions,1,1,1,srt_dedup,380,0,124,0.0000,1.000,0.397,0.046,uz,translated_en,1
mtvVWNBs-zY,vlogs,UCqhqMxROrvWusRRNZ-rlFfQ,ok,false,,1055,metadata,21,76034,48600,metadata,0,0,0,0,1280,720,0,0,1,1,1,19,20,0.95,0,1,1,0.07005572614579807,0,1,auto_captions,1,1,1,srt_dedup,8852,0,2914,0.0017,1.000,0.339,0.002,en,native_en,1
n0JLigY2MIM,vlogs,UCkhfhzOpxL2m4-ciSVy7S-w,ok,false,,1926,metadata,106,212175,14500,metadata,0,0,0,0,1280,720,0,0,1,1,1,20,20,1.0,1,0,1,0.3859168094718807,0,0,whisper,0,1,0,whisper,126,0,126,0.1429,1.000,0.302,0.000,en,native_en,1
nBULoKRjsOg,vlogs,UCKD4VZKBzHG1YgZdWAd5KVQ,ok,true,,38,metadata,11,484804,93600,metadata,0,0,0,0,1280,720,0,1,1,1,1,20,20,1.0,1,0,1,0.0,0,1,auto_captions,1,1,1,srt_dedup,499,0,173,0.0000,1.000,0.422,0.000,hi,translated_en,1
nNXo-JD0h9s,vlogs,UCXlKdBP5Q6GNcgamvgQ59ZQ,ok,true,,41,metadata,8,1602979,2910000,metadata,0,0,0,0,1280,720,0,1,1,1,1,20,20,1.0,1,0,1,0.0,0,1,auto_captions,1,1,1,srt_dedup,565,0,190,0.0000,1.000,0.389,0.016,hi,translated_en,1
nYuExDtWS1U,vlogs,UC4gBp-R5MUyeJSGUifWacYw,ok,false,,1470,metadata,15,80680,3420,metadata,0,0,0,0,1280,720,0,0,1,1,1,20,20,1.0,1,0,1,0.05012751198612669,0,1,auto_captions,1,1,1,srt_dedup,4524,0,1635,0.0000,0.999,0.395,0.033,de,translated_en,1
nZzsKTFxqvs,vlogs,UCd1YVRLyCztN-zPfjZ8BbeQ,ok,false,,821,metadata,7,89888,1440000,metadata,0,0,0,0,1280,720,0,0,1,1,1,20,20,1.0,1,0,1,0.005080223676035235,0,1,auto_captions,1,1,1,srt_dedup,7102,0,2415,0.0000,1.000,0.402,0.014,en,native_en,1
nlOT60RuNf4,vlogs,UCHlbZ9NH8aebNJnd1ntmTig,ok,true,,13,metadata,188,116,48600,metadata,0,0,0,1,1280,720,0,1,1,1,1,20,20,1.0,1,0,1,0.13189448441247012,0,1,whisper,1,1,1,srt_dedup,23,0,34,0.0000,1.000,0.324,0.000,en,sparse,0
noAkdMsJfGQ,vlogs,UClyw32fdzLCsqbkfzhdrtXA,ok,false,,686,metadata,7,663858,23300000,metadata,0,0,0,0,1280,720,0,0,1,1,1,20,20,1.0,1,0,1,0.015750098438115243,0,1,auto_captions,1,1,1,srt_dedup,4858,0,1699,0.0012,1.000,0.335,0.017,hi,translated_en,1
nqmrFegVTEA,vlogs,UCP0f9FXZ4g-MxAqSUreHpCw,ok,false,,2842,metadata,143,476441,920000,metadata,0,0,0,0,1280,720,0,0,1,1,1,20,20,1.0,1,0,1,0.010462305085461521,0,1,auto_captions,1,1,1,srt_dedup,21360,0,6994,0.0001,1.000,0.356,0.021,en,native_en,1
nuELvro9WBQ,vlogs,UCD5uKMwszYqaxA4Vvwlemwg,ok,false,,959,metadata,8,38171,62100,metadata,0,0,0,0,1280,720,0,0,1,1,1,20,20,1.0,1,0,1,0.04501939682142408,0,1,auto_captions,1,1,1,srt_dedup,8480,0,2768,0.0000,1.000,0.326,0.002,en,native_en,1
nvavqW7pRw4,vlogs,UCGqVXybcvl9wu7A5HRwJ4cA,ok,false,,679,metadata,101,541930,822000,metadata,0,0,0,0,1280,720,0,0,1,1,1,20,20,1.0,1,0,1,0.02195714601281203,0,1,auto_captions,1,1,1,srt_dedup,6701,0,2225,0.0000,1.000,0.334,0.003,en,native_en,1
oIQJvIiUnCM,vlogs,UCrGcO5psn6M8VRwgqypoSag,ok,true,,39,metadata,6,62912,46400,metadata,0,0,0,0,1280,720,0,1,1,1,1,20,20,1.0,1,0,1,0.0,0,1,auto_captions,1,1,1,srt_dedup,519,0,175,0.0000,1.000,0.414,0.000,de,translated_en,1
oJam96xOED0,vlogs,UC_cecSRU92J2m-BrgbEyfSQ,ok,true,,60,metadata,921,70421293,12500000,metadata,0,0,0,0,1280,720,0,1,1,1,1,20,20,1.0,1,0,1,0.0,0,1,auto_captions,1,1,1,srt_dedup,635,0,218,0.0000,1.000,0.313,0.005,en,native_en,1
oM69wmG521Y,vlogs,UCIvkyLelNLPGO5GIYCcrTxQ,ok,true,,53,metadata,520,66064710,7520000,metadata,0,0,0,0,1280,720,0,1,1,1,1,20,20,1.0,1,0,1,0.006822057987492895,0,1,auto_captions,1,1,1,srt_dedup,633,0,215,0.0000,1.000,0.419,0.000,en,native_en,1
oQbKmCH_YIw,vlogs,UCgAq9LRKx0NUSZ0ZtB3DWIg,ok,true,,48,metadata,17,56903788,12600000,metadata,0,0,0,0,1280,720,0,1,1,1,1,20,20,1.0,1,0,1,0.0,0,1,auto_captions,1,1,1,srt_dedup,531,0,177,0.0000,1.000,0.343,0.017,hi,translated_en,1
oR1FnxSjBYU,vlogs,UClnxkhJzpgNX8jWwyCTKw-Q,ok,false,,836,metadata,12,50353,812000,metadata,0,0,0,0,1280,720,0,0,1,1,1,20,20,1.0,1,0,1,0.08664441333764049,0,1,auto_captions,1,1,1,srt_dedup,7488,0,2561,0.0004,1.000,0.356,0.000,hi,translated_en,1
og2BYnhsf4Q,vlogs,UCuhp7oH9As-5fU0DrVjOUAw,ok,true,,28,metadata,8,36517061,1620000,metadata,0,0,1,0,1280,720,0,1,1,1,1,20,20,1.0,1,0,1,0.0,0,1,auto_captions,1,1,1,srt_dedup,222,0,78,0.0000,1.000,0.333,0.000,hi,translated_en,1
ogSIiOMRC40,vlogs,UC4oxmVhnA9T4_fndEgbwf5Q,ok,true,,40,metadata,10,992284,813000,metadata,0,0,0,0,1280,720,0,1,1,1,1,20,20,1.0,1,0,1,0.0,0,1,auto_captions,1,1,1,srt_dedup,142,0,46,0.0000,1.000,0.326,0.080,en,sparse,0
omBWSU_uxlw,vlogs,UCqGAHi535FZF4QDzzRNRGpw,ok,true,,53,metadata,4,2301547,445000,metadata,0,0,0,0,1280,720,0,1,1,1,1,20,20,1.0,1,0,1,0.0,0,1,auto_captions,1,1,1,srt_dedup,717,0,241,0.0000,1.000,0.421,0.000,en,native_en,1
opY90nNtJOY,vlogs,UCqhv6LL7JspoN10NZxAKasw,ok,true,,27,metadata,1,19798,213,metadata,0,0,1,0,1280,720,0,1,1,1,1,20,20,1.0,1,0,1,0.0,0,1,auto_captions,1,1,1,srt_dedup,181,0,63,0.0000,1.000,0.222,0.031,hi,translated_en,1
ovG-4C4k_CA,vlogs,UCeg4_Fc_tkoualOKRuikFTA,ok,false,,1020,metadata,344,822704,157000,metadata,0,0,0,0,1280,720,0,0,1,1,1,20,20,1.0,1,0,1,0.002763649192955636,0,1,auto_captions,1,1,1,srt_dedup,8518,0,2852,0.0000,1.000,0.349,0.000,en,native_en,1
ozEOf31-d5Y,vlogs,UCjvgGbPPn-FgYeguc5nxG4A,ok,false,,1170,metadata,11,6212051,41600000,metadata,0,0,0,0,1280,720,0,0,1,1,1,20,20,1.0,1,0,1,0.10258644997564793,0,1,auto_captions,1,1,1,srt_dedup,9978,0,3467,0.0000,1.000,0.378,0.012,hi,translated_en,1
p-nd7uueog8,vlogs,UCgAq9LRKx0NUSZ0ZtB3DWIg,ok,true,,59,metadata,20,17456363,12600000,metadata,0,0,0,0,1280,720,0,1,1,1,1,20,20,1.0,1,0,1,0.0,0,1,auto_captions,1,1,1,srt_dedup,619,0,218,0.0000,1.000,0.276,0.000,hi,translated_en,1
p4nmsBsiSAg,vlogs,UCfWXOPsjMTGOvuhr8gF02Xw,ok,false,,1602,metadata,17,47285,221000,metadata,0,0,0,0,1280,720,0,0,1,1,1,20,20,1.0,1,0,1,0.021223587591787815,0,1,auto_captions,1,1,1,srt_dedup,11654,0,3893,0.0026,1.000,0.358,0.008,it,translated_en,1
pCTi6BYGj2k,vlogs,UCxd4SKRv-ZLGQ-ssDhSSf4g,ok,false,,1910,metadata,16,33458,92800,metadata,0,0,0,0,1280,720,0,0,1,1,1,20,20,1.0,1,0,1,0.016695723193390823,0,1,auto_captions,1,1,1,srt_dedup,21637,0,7212,0.0006,1.000,0.349,0.001,en,native_en,1
pfmKBxIKVgw,vlogs,UC19x8yVdc96ogGHQyb4gfwg,ok,true,,95,metadata,9,9907531,5120000,metadata,0,0,0,0,1280,720,0,1,1,1,1,20,20,1.0,1,0,1,0.0,0,1,auto_captions,1,1,1,srt_dedup,1082,0,368,0.0000,1.000,0.424,0.003,hi,translated_en,1
przSYPzQ-OU,vlogs,UC1JCSJzKA1KgpTVytRPBeoA,ok,true,,32,metadata,16,1315292,181000,metadata,0,0,0,0,1280,720,0,1,1,1,1,20,20,1.0,1,0,1,0.0,0,0,whisper,0,1,0,whisper,23,0,23,0.0000,1.000,0.304,0.000,en,sparse,0
pwYrwhpdY4A,vlogs,UCxOtccRpLsWfZKndqRB2l6w,ok,true,,52,metadata,5,337815,1480000,metadata,0,0,0,0,1280,720,0,1,1,1,1,20,20,1.0,1,0,1,0.0,0,1,auto_captions,1,1,1,srt_dedup,476,0,169,0.0000,1.000,0.325,0.000,en,native_en,1
q1SPT9SrpGY,vlogs,UCzYTPUJVLEVUQLdJoDF9K-A,ok,false,,1356,metadata,7,584500,3330000,metadata,0,0,0,0,1280,720,0,0,1,1,1,19,20,0.95,0,1,1,0.004423995752964073,0,1,auto_captions,1,1,1,srt_dedup,6244,0,2112,0.1178,1.000,0.326,0.022,en,native_en,1
q9Svsb5eT_8,vlogs,UC9BLFIHVuiMBuiKX3y3dWkQ,ok,true,,58,metadata,11,375029,94200,metadata,0,0,1,0,1280,720,0,1,1,1,1,20,20,1.0,1,0,1,0.006697578567748586,0,1,auto_captions,1,1,1,srt_dedup,890,0,302,0.0000,1.000,0.464,0.000,hi,translated_en,1
qLk_nW3K-Fs,vlogs,UCwvHLdNXSLU-ZE8jzRKBrKw,ok,true,,63,metadata,17,12112722,715000,metadata,0,0,1,0,1280,720,0,1,1,1,1,20,20,1.0,1,0,1,0.0,0,1,auto_captions,1,1,1,srt_dedup,669,0,223,0.0000,1.000,0.489,0.000,en,native_en,1
qRs6m8NZkbc,vlogs,UCrUnwL9qTGYmL42qzk8QOgw,missing_from_api,,,71,metadata,96,197,3820,metadata,0,0,0,1,1280,720,0,1,1,1,1,20,20,1.0,1,0,1,0.03989813242784382,0,1,auto_captions,1,1,1,srt_dedup,541,0,183,0.0000,0.997,0.393,0.000,,native_en,1
qVGhMB7CQMQ,vlogs,UCrMh34x46BqdyloVTlNgACA,ok,true,,50,metadata,6,992627,313000,metadata,0,0,0,0,1280,720,0,1,1,1,1,20,20,1.0,1,0,1,0.0,0,1,auto_captions,1,1,1,srt_dedup,547,0,187,0.0000,1.000,0.371,0.000,en,native_en,1
qixDTptkwvg,vlogs,UCeGUqJFEuNCiECPrHMup3tg,ok,false,,1533,metadata,93,592754,2140000,metadata,0,0,0,0,1280,720,0,0,1,1,1,20,20,1.0,1,0,1,0.046572178066637965,0,1,auto_captions,1,1,1,srt_dedup,3102,0,1088,0.0000,1.000,0.334,0.007,en,native_en,1
qqP46ErdbH4,vlogs,UCUgvCC6iygghq-f2r96P-Jw,ok,false,,979,metadata,57,1039016,15600000,metadata,0,0,0,0,1280,720,0,0,1,1,1,20,20,1.0,1,0,1,0.019511149228130367,0,1,auto_captions,1,1,1,srt_dedup,7918,0,2695,0.0007,1.000,0.372,0.003,hi,translated_en,1
r1uJgOyGxuU,vlogs,UCKQvjl0SDd9eeDaIKtqOjRA,ok,true,,40,metadata,96,401,81,metadata,0,0,0,1,1280,720,0,1,1,1,1,20,20,1.0,1,0,1,0.08569299552906115,0,1,auto_captions,1,1,1,srt_dedup,330,0,114,0.0000,1.000,0.386,0.000,hi,translated_en,1
rUqPHjp8DmM,vlogs,UCdvLFRoQD_Q-lCnw_IKFG0Q,ok,true,,62,metadata,15,1779845,1810000,metadata,0,0,0,0,1280,720,0,1,1,1,1,20,20,1.0,1,0,1,0.0,0,1,auto_captions,1,1,1,srt_dedup,769,0,262,0.0000,1.000,0.375,0.000,hi,translated_en,1
rj9EidZ-8Ng,vlogs,UC-3Ive77j6fJeGQo3GZm57A,ok,false,,1762,metadata,74,283449,529000,metadata,0,0,0,0,1280,720,0,0,1,1,1,20,20,1.0,1,0,1,0.10390163320220092,0,1,auto_captions,1,1,1,srt_dedup,12190,0,4248,0.0000,0.999,0.330,0.010,tr,translated_en,1
rjStpAsYO0w,vlogs,UC0zgeJhIU8xekicG2KBUbZQ,ok,true,,59,metadata,5,84751,15900,metadata,0,0,1,0,1280,720,0,1,1,1,1,20,20,1.0,1,0,1,0.0,0,0,whisper,0,1,0,whisper,24,0,24,0.0000,1.000,0.417,0.000,hi,sparse,0
rlK3sQtFIF8,vlogs,UC-G03nGTjd2qtbGujOYFHKw,ok,true,,33,metadata,9,323378,93000,metadata,0,0,0,0,1280,720,0,1,1,1,1,20,20,1.0,1,0,1,0.0,0,1,auto_captions,1,1,1,srt_dedup,435,0,145,0.0000,1.000,0.407,0.000,en,native_en,1
rnr-3giSYZ0,vlogs,UC10jrZySO2gpdYEAGTCr8cg,ok,true,,38,metadata,9,7342468,4150000,metadata,0,0,0,0,1280,720,0,1,1,1,1,18,20,0.9,0,1,1,0.0,0,1,auto_captions,1,1,1,srt_dedup,319,0,109,0.0000,1.000,0.358,0.000,bn,translated_en,1
ruW1ybmf5Y0,vlogs,UCMSneo4pDmhWACJQ-Gl6W5A,ok,true,,16,metadata,568,711,1860,metadata,0,0,0,1,1280,720,0,1,1,1,1,20,20,1.0,1,0,1,0.02519379844961241,0,1,whisper,1,1,1,srt_dedup,14,0,16,0.0000,1.000,0.188,0.000,ru,sparse,0
s1Uc6prtY_A,vlogs,UCf_szqf0cx0rTwvwfajqUMA,ok,true,,62,metadata,0,3678,6870,metadata,0,0,0,0,640,480,1,1,1,1,1,20,20,1.0,1,0,1,0.0,0,1,auto_captions,1,1,1,srt_dedup,463,0,157,0.0000,0.996,0.006,0.000,en,non_english_text,0
sGvKQl7TKF4,vlogs,UCRy04OqJ61FvERAw_qxjteg,ok,true,,108,metadata,10,1081570,2050000,metadata,0,0,0,0,1280,720,0,1,1,1,1,20,20,1.0,1,0,1,0.0,0,1,auto_captions,1,1,1,srt_dedup,1737,0,581,0.8659,1.000,0.358,0.000,bn,translated_en,0
sNgrF5WEWwI,vlogs,UCWHKZCCuOyoo2rLL_bR4PmA,ok,true,,12,metadata,10,1015192,81000,metadata,0,0,0,0,1280,720,0,1,1,1,1,20,20,1.0,1,0,1,0.0,0,1,auto_captions,1,1,1,srt_dedup,67,0,22,0.0000,1.000,0.364,0.043,en,sparse,0
sUeI-MIKi-E,vlogs,UCgAq9LRKx0NUSZ0ZtB3DWIg,ok,true,,28,metadata,315,162342768,12600000,metadata,0,0,0,0,1280,720,0,1,1,1,1,20,20,1.0,1,0,1,0.0,0,1,auto_captions,1,1,1,srt_dedup,198,0,70,0.0000,1.000,0.314,0.000,hi,translated_en,1
sXlia6MGXDQ,vlogs,UCjvgGbPPn-FgYeguc5nxG4A,ok,false,,770,metadata,14,5125820,41600000,metadata,0,0,0,0,1280,720,0,0,1,1,1,20,20,1.0,1,0,1,0.07946710295664369,0,1,auto_captions,1,1,1,srt_dedup,6458,0,2229,0.0036,1.000,0.311,0.008,hi,translated_en,1
scQQhkvwFVU,vlogs,UCFiIJEdXb4ZWeK8zYDIaqPQ,ok,true,,148,metadata,6,114701,2210000,metadata,0,0,0,0,1280,720,0,1,1,1,1,18,20,0.9,0,1,1,0.0,0,1,auto_captions,1,1,1,srt_dedup,1248,0,377,0.0000,1.000,0.310,0.003,en,native_en,1
smDNqTLsozk,vlogs,UCjvgGbPPn-FgYeguc5nxG4A,ok,false,,1081,metadata,133,8641523,41600000,metadata,0,0,0,0,1280,720,0,0,1,1,1,20,20,1.0,1,0,1,0.14363399273090488,0,1,auto_captions,1,1,1,srt_dedup,7487,0,2656,0.0008,1.000,0.383,0.010,hi,translated_en,1
tD0O7BPeH5k,vlogs,UCHDQOZjxuSm0-LgLQtMeCqw,ok,false,,828,metadata,28,1827014,6880000,metadata,0,0,0,0,1280,720,0,0,1,1,1,20,20,1.0,1,0,1,0.00830161319557731,0,1,auto_captions,1,1,1,srt_dedup,8299,0,2816,0.0000,1.000,0.371,0.009,hi,translated_en,1
tGOxevJ99qY,vlogs,UCjvgGbPPn-FgYeguc5nxG4A,ok,false,,814,metadata,7,6252625,41600000,metadata,0,0,0,0,1280,720,0,0,1,1,1,19,20,0.95,0,1,1,0.10582166543846727,0,1,auto_captions,1,1,1,srt_dedup,6420,0,2252,0.0000,1.000,0.348,0.001,hi,translated_en,1
tWBnjnN1gkU,vlogs,UC-G03nGTjd2qtbGujOYFHKw,ok,true,,39,metadata,6,134853,93300,metadata,0,0,0,0,1280,720,0,1,1,1,1,20,20,1.0,1,0,1,0.0,0,1,auto_captions,1,1,1,srt_dedup,505,0,176,0.0000,1.000,0.398,0.000,en,native_en,1
tYt9L2jVNbw,vlogs,UCcmQxZBJ2qTXWpOQCAODyNA,ok,true,,41,metadata,11,1709068,14900000,metadata,0,0,0,0,1280,720,0,1,1,1,1,20,20,1.0,1,0,1,0.0,0,0,whisper,0,1,0,whisper,13,0,13,0.0000,1.000,0.385,0.000,hi,sparse,0
tZD_pq3iNuA,vlogs,UCeJiJ4cr7aS_qDfaRSRD6hw,ok,false,,674,metadata,8,21906,249000,metadata,0,0,0,0,1280,720,0,0,1,1,1,20,20,1.0,1,0,1,0.07580681059425777,0,0,whisper,0,1,0,whisper,1041,0,1041,0.0629,1.000,0.404,0.000,en,native_en,1
tfdct-wgeBI,vlogs,UCjvgGbPPn-FgYeguc5nxG4A,ok,false,,990,metadata,30,4883108,41600000,metadata,0,0,0,0,1280,720,0,0,1,1,1,20,20,1.0,1,0,1,0.09136655753607377,0,1,auto_captions,1,1,1,srt_dedup,8015,0,2811,0.0036,1.000,0.378,0.003,hi,translated_en,1
toZCpKnsKxw,vlogs,UCYzOdbz5KCjq_pO9e56qiqQ,ok,true,,51,metadata,15,330470,2050000,metadata,0,0,0,0,1280,720,0,1,1,1,1,20,20,1.0,1,0,1,0.0,0,1,auto_captions,1,1,1,srt_dedup,705,0,242,0.0000,1.000,0.369,0.000,en,native_en,1
tqALj8TtaK4,vlogs,UCPXLAruFusYx0ZI_WA8T34w,ok,true,,62,metadata,4,1227874,7240000,metadata,0,0,0,0,1280,720,0,1,1,1,1,20,20,1.0,1,0,1,0.0,0,0,whisper,0,1,0,whisper,2,0,2,0.0000,1.000,0.500,0.000,hi,sparse,0
tuSe3Ll_-Hc,vlogs,UCT_30NAKXw8JbSwjd_4y0lw,ok,false,,859,metadata,9,35429,341000,metadata,0,0,0,0,1280,720,0,0,1,1,1,19,20,0.95,0,1,1,0.0062150837988826846,0,1,auto_captions,1,1,1,srt_dedup,6640,0,2155,0.0000,1.000,0.337,0.004,en,native_en,1
tz1SsUWmuUA,vlogs,UCYEWRxUoOQdOCLab1SAyVLA,ok,true,,70,metadata,7,577646,1820000,metadata,0,0,0,0,1280,720,0,1,1,1,1,20,20,1.0,1,0,1,0.0,0,1,auto_captions,1,1,1,srt_dedup,1048,0,336,0.0000,1.000,0.378,0.000,en,native_en,1
uCAiHhxQ_c0,vlogs,UCmqUihuN95-BVCSlYgGTSXQ,ok,false,,1803,metadata,11,81603,128000,metadata,0,0,1,0,1280,720,0,0,1,1,1,20,20,1.0,1,0,1,0.10472798681955087,0,1,auto_captions,1,1,1,srt_dedup,11193,0,3852,0.0036,1.000,0.347,0.003,en,native_en,1
uFIfzUG6O6o,vlogs,UCPXLAruFusYx0ZI_WA8T34w,ok,true,,83,metadata,3,1746979,7240000,metadata,0,0,0,0,1280,720,0,1,1,1,1,20,20,1.0,1,0,1,0.0,0,1,auto_captions,1,1,1,srt_dedup,991,0,331,0.0000,1.000,0.426,0.000,hi,translated_en,1
uGZlWxT96UQ,vlogs,UCqAxLUtBKwRRfaiTPBB1ccQ,ok,false,,1602,metadata,8,1671661,1300000,metadata,0,0,0,0,1280,720,0,0,1,1,1,20,20,1.0,1,0,1,0.025270217110316014,0,1,auto_captions,1,1,1,srt_dedup,12716,0,4285,0.0002,1.000,0.388,0.018,hi,translated_en,1
ueKkURCQAGQ,vlogs,UCFOMhpz8IBIqVwediNyhSjA,ok,true,,60,metadata,1,13858,23000,metadata,0,0,0,0,1280,720,0,1,1,1,1,20,20,1.0,1,0,1,0.0,0,0,whisper,0,1,0,whisper,47,0,47,0.0000,1.000,0.319,0.000,en,sparse,0
umor6nrsxBA,vlogs,UCO3uyIAQ20FxJNgE_WjmXBw,ok,true,,56,metadata,3,45635,42300,metadata,0,0,0,0,1280,720,0,1,1,1,1,20,20,1.0,1,0,1,0.018847603661820148,0,1,auto_captions,1,1,1,srt_dedup,607,0,209,0.0000,1.000,0.311,0.000,en,native_en,1
v7mPOyjo7bQ,vlogs,UC9SAMtJQRYtEEn2upkQHozg,ok,true,,58,metadata,6,219295,220000,metadata,0,0,0,0,1280,720,0,1,1,1,1,20,20,1.0,1,0,1,0.0,0,0,whisper,0,1,0,whisper,92,0,92,0.0000,1.000,0.391,0.000,hi,whisper_on_non_english,0
vMBIUfSEvFk,vlogs,UCK3bMasl8sG4wiahoUpBLnQ,ok,false,,1982,metadata,5,118678,700000,metadata,0,0,0,0,1280,720,0,0,1,1,1,19,20,0.95,0,1,1,0.025294420392964194,0,1,auto_captions,1,1,1,srt_dedup,10754,0,3589,0.0003,1.000,0.351,0.007,en,native_en,1
vOwwfcQ6P4M,vlogs,UCuhp7oH9As-5fU0DrVjOUAw,ok,true,,31,metadata,5,15023326,1620000,metadata,0,0,1,0,1280,720,0,1,1,1,1,20,20,1.0,1,0,1,0.0,0,0,whisper,0,1,0,whisper,2,0,2,0.0000,1.000,0.000,0.000,hi,sparse,0
vdaaeEBuF9E,vlogs,UCwM3AVICsOvVpwhlIKZW_nw,ok,true,,122,metadata,4,1091071,30900,metadata,0,0,0,0,1280,720,0,1,1,1,1,20,20,1.0,1,0,1,0.11059342815105443,0,1,auto_captions,1,1,1,srt_dedup,651,0,238,0.0000,1.000,0.139,0.000,hi,non_english_text,0
vmKlgszlLxw,vlogs,UC_r7Acngy4K4RFD4bciIItQ,ok,true,,16,metadata,46,38,5,metadata,0,0,1,1,1280,720,0,1,1,1,1,20,20,1.0,1,0,1,0.0,0,1,auto_captions,1,1,1,srt_dedup,113,0,41,0.0000,1.000,0.317,0.000,en,sparse,0
vooXvPq8I4s,vlogs,UCuLJy1msMYWmBq2FkDx1aYQ,ok,false,,1968,metadata,7,83015,149000,metadata,0,0,0,0,1280,720,0,0,1,1,1,20,20,1.0,1,0,1,0.04747390078488152,0,1,auto_captions,1,1,1,srt_dedup,15989,0,5389,0.0006,1.000,0.368,0.007,es,translated_en,1
vt_trYMPe98,vlogs,UCgAq9LRKx0NUSZ0ZtB3DWIg,ok,true,,25,metadata,320,273957619,12600000,metadata,0,0,0,0,1280,720,0,1,1,1,1,20,20,1.0,1,0,1,0.0,0,1,auto_captions,1,1,1,srt_dedup,100,0,46,0.0000,1.000,0.261,0.000,hi,sparse,0
vyuhUmPx3Q4,vlogs,UCTTGWRqY3188ZoAH-lsESWg,ok,true,,42,metadata,0,838,10500,metadata,0,0,0,0,1280,720,0,1,1,1,1,20,20,1.0,1,0,1,0.0,0,0,whisper,0,1,0,whisper,49,0,49,0.0000,1.000,0.408,0.000,en,sparse,0
vz0hfyu04fs,vlogs,UCh7AB69XHIIJgroJjf4HaDg,ok,false,,623,metadata,3,42063,722000,metadata,0,0,0,0,1280,720,0,0,1,1,1,20,20,1.0,1,0,1,0.04876873403691392,0,1,auto_captions,1,1,1,srt_dedup,4771,0,1652,0.0000,1.000,0.371,0.002,hi,translated_en,1
vzIuF1bE9M4,vlogs,UCPXLAruFusYx0ZI_WA8T34w,ok,true,,72,metadata,5,845853,7240000,metadata,0,0,0,0,1280,720,0,1,1,1,1,20,20,1.0,1,0,1,0.0,0,1,auto_captions,1,1,1,srt_dedup,782,0,262,0.0000,1.000,0.389,0.000,hi,translated_en,1
wEllttU-_KQ,vlogs,UCarrwkHTXf4eqKlmV3TcdcA,ok,true,,24,metadata,10,3345526,327000,metadata,0,0,0,0,1280,720,0,1,1,1,1,20,20,1.0,1,0,1,0.0,0,0,whisper,0,1,0,whisper,2,0,2,0.0000,1.000,0.500,0.000,en,sparse,0
wL9coPncshg,vlogs,UCZy6DH9FkMmXwqxrWj8cJWg,ok,false,,1331,metadata,8,919768,3800000,metadata,0,0,0,0,1280,720,0,0,1,1,1,20,20,1.0,1,0,1,0.024168639386765882,0,1,auto_captions,1,1,1,srt_dedup,12823,0,4421,0.0007,1.000,0.387,0.006,en,native_en,1
wSsh6KZ2rPw,vlogs,UCX7ZNRk-EJASxtt7PhhiDIg,ok,false,,726,metadata,40,84952,30800,metadata,0,0,0,0,1280,720,0,0,1,1,1,20,20,1.0,1,0,1,0.026805997273966396,0,1,auto_captions,1,1,1,srt_dedup,6867,0,2292,0.0000,1.000,0.370,0.001,en,native_en,1
x8dtbDUPEac,vlogs,UCKnTHKj6QoNBVMJ1Rkhw2pA,ok,true,,110,metadata,8,814741,817000,metadata,0,0,0,0,1280,720,0,1,1,1,1,20,20,1.0,1,0,1,0.0,0,1,auto_captions,1,1,1,srt_dedup,833,0,283,0.0000,1.000,0.353,0.007,hi,translated_en,1
xXsRWCcVmbY,vlogs,UCNnKiZNs27niUmPQLUh695A,ok,true,,52,metadata,56,119,4,metadata,0,0,0,1,1280,720,0,1,1,1,1,20,20,1.0,1,0,1,0.0,0,1,auto_captions,1,1,1,srt_dedup,153,0,54,0.0000,1.000,0.377,0.070,hi,translated_en,1
xcqLis5gwBA,vlogs,UCwea5K1pbNiRIJckIIhtUWQ,ok,false,,652,metadata,7,22636,444000,metadata,0,0,0,0,1280,720,0,0,1,1,1,20,20,1.0,1,0,1,0.07097842587055522,0,1,auto_captions,1,1,1,srt_dedup,6077,0,2098,0.0000,1.000,0.373,0.004,en,native_en,1
xitmTnH_hYM,vlogs,UClewBQ2pWDSvKVt3wAEDuQg,ok,true,,57,metadata,124,937,121,metadata,0,0,1,1,1280,720,0,1,1,1,1,20,20,1.0,1,0,1,0.0,0,1,auto_captions,1,1,1,srt_dedup,448,0,147,0.0000,1.000,0.286,0.033,hi,translated_en,1
xmadIOQ47nE,vlogs,UCmPIY2kSXyVTREN5-kSjRbg,ok,false,,2572,metadata,18,61766,55100,metadata,0,0,0,0,1280,720,0,0,1,1,1,20,20,1.0,1,0,1,0.03725954527956325,0,1,auto_captions,1,1,1,srt_dedup,9350,0,3186,0.0283,1.000,0.360,0.055,en,native_en,1
xpgraI4i1yg,vlogs,UClyw32fdzLCsqbkfzhdrtXA,ok,false,,743,metadata,15,667757,23300000,metadata,0,0,0,0,1280,720,0,0,1,1,1,20,20,1.0,1,0,1,0.011947527749747737,0,1,auto_captions,1,1,1,srt_dedup,6854,0,2327,0.0004,1.000,0.380,0.017,hi,translated_en,1
xtBttbCRyXE,vlogs,UC5aPgMcCzBjVz4zYjBUfttw,ok,false,,2755,metadata,19,272779,322000,metadata,0,0,0,0,1280,720,0,0,1,1,1,17,20,0.85,0,1,1,0.029209640706171925,0,1,auto_captions,1,1,1,srt_dedup,17894,0,5969,0.0045,1.000,0.362,0.005,en,native_en,1
xvE6ssuTzfM,vlogs,UC-Fe0SRBJ0YZnlg-MIb8Hag,ok,true,,100,metadata,10,4038917,631000,metadata,0,0,0,0,1280,720,0,1,1,1,1,20,20,1.0,1,0,1,0.006285543250523798,0,1,auto_captions,1,1,1,srt_dedup,806,0,255,0.0000,1.000,0.318,0.000,en,native_en,1
xze98OyMwiY,vlogs,UC7KlV58TK-UsMG0nRPVGh7Q,ok,true,,53,metadata,15,1297821,261000,metadata,0,0,0,0,1280,720,0,1,1,1,1,20,20,1.0,1,0,1,0.0,0,1,auto_captions,1,1,1,srt_dedup,545,0,187,0.0000,1.000,0.396,0.000,en,native_en,1
y0ZlIs_DSgg,vlogs,UC1uc84ktbCiCmsdoo7YJxWA,ok,true,,134,metadata,149,1595,8170,metadata,0,0,0,0,1280,720,0,1,1,1,1,20,20,1.0,1,0,1,0.0,0,1,auto_captions,1,1,1,srt_dedup,1859,0,621,0.0000,1.000,0.390,0.000,en,native_en,1
yJ0X8GQgIiA,vlogs,UCvfrfH-VOHPYzMddGWIzoWw,ok,false,,1032,metadata,4,5590,367000,metadata,0,0,0,0,1280,720,0,0,1,1,1,20,20,1.0,1,0,1,0.027260309802667918,0,1,auto_captions,1,1,1,srt_dedup,9108,0,3070,0.0007,1.000,0.392,0.001,en,native_en,1
yU0ejzuYGkM,vlogs,UCuDhx3mchzKx2ng45H-HMrg,ok,true,,136,metadata,23,268719,97700,metadata,0,0,0,0,1280,720,0,1,1,1,1,20,20,1.0,1,0,1,0.0,0,1,auto_captions,1,1,1,srt_dedup,886,0,310,0.0000,0.986,0.358,0.003,de,translated_en,1
ybwvs5h_iFo,vlogs,UC1AxRXT-HOnMoyyS5UUZrfA,ok,false,,1878,metadata,23,95146,58500,metadata,0,0,0,0,1280,720,0,0,1,1,1,20,20,1.0,1,0,1,0.0767854575659314,0,1,auto_captions,1,1,1,srt_dedup,11611,0,3776,0.0000,1.000,0.343,0.020,en,native_en,1
ycoFmUmRbfE,vlogs,UC7hdBo0gwVQhIJ659Br2eiw,ok,false,,2038,metadata,41,96614,100000,metadata,0,0,0,0,1280,720,0,0,1,1,1,20,20,1.0,1,0,1,0.03274633370634313,0,1,auto_captions,1,1,1,srt_dedup,16585,0,5421,0.0157,1.000,0.348,0.007,en,native_en,1
yuYv9EqN_6E,vlogs,UCc39QFhLAfj-cKCkjLVigNQ,ok,true,,16,metadata,1,226284,200000,metadata,0,0,0,0,1280,720,0,1,1,1,1,20,20,1.0,1,0,1,0.0,0,1,whisper,1,1,1,srt_dedup,12,0,16,0.0000,1.000,0.562,0.059,hi,sparse,0
z2UwRgdmDsw,vlogs,UCCbHZXzuJUmQmC_HypD4YVA,ok,false,,1615,metadata,8,16478,22900,metadata,0,0,0,0,1280,720,0,0,1,1,1,20,20,1.0,1,0,1,0.04790741738338935,0,1,auto_captions,1,1,1,srt_dedup,2246,0,793,0.0038,1.000,0.354,0.005,en,native_en,1
zBmhD4z8cfo,vlogs,UCFcBAGR0drI3F15EhMFjuTg,ok,false,,829,metadata,16,3638840,20700000,metadata,0,0,0,0,1280,720,0,0,1,1,1,20,20,1.0,1,0,1,0.01874095513748192,0,0,whisper,0,1,0,whisper,606,0,606,0.0835,1.000,0.396,0.000,hi,whisper_on_non_english,0
zD1U6iPBMxM,vlogs,UCcofyj6sBmsMPCHe5rM195w,ok,true,,135,metadata,2,28241,7480,metadata,0,0,0,0,1280,720,0,1,1,1,1,20,20,1.0,1,0,1,0.0053274139844617105,0,1,auto_captions,1,1,1,srt_dedup,1310,0,443,0.0000,1.000,0.411,0.002,hi,translated_en,1
zKQAp7828Ck,vlogs,UC6N-9Wh0DYhDI8sQS7jwjVA,ok,false,,2735,metadata,85,9425718,15400000,metadata,0,0,0,0,1280,720,0,0,1,1,1,20,20,1.0,1,0,1,0.0031376162892750577,0,1,auto_captions,1,1,1,srt_dedup,23335,0,7789,0.0001,1.000,0.385,0.006,fil,translated_en,1
zTW8nTMcQ7k,vlogs,UC322tWlLnt6fES6V7DRdgKA,ok,true,,28,metadata,1,10061,18200,metadata,0,0,0,1,1280,720,0,1,1,1,1,20,20,1.0,1,0,1,0.0,0,1,auto_captions,1,1,1,srt_dedup,395,0,135,0.0000,1.000,0.356,0.000,en,native_en,1
zWcQ-Pketoc,vlogs,UCw1dHU_n3o7aQHjHzMWEWUA,ok,true,,46,metadata,10,467181,144000,metadata,0,0,0,0,1280,720,0,1,1,1,1,20,20,1.0,1,0,1,0.0,0,1,whisper,1,1,1,srt_dedup,19,0,38,0.0000,1.000,0.389,0.075,ja,sparse,0
zdr_Arnbn3Y,vlogs,UCvKQ501YpFS4rEGuq1nu42Q,ok,true,,25,metadata,7,22811,42500,metadata,0,0,1,1,1280,720,0,1,1,1,1,20,20,1.0,1,0,1,0.0,0,1,auto_captions,1,1,1,srt_dedup,379,0,129,0.0000,1.000,0.326,0.000,en,native_en,1
zeqV2FTtYnU,vlogs,UCmpwjI3el_-Bt29FpU2mOsg,ok,false,,4054,metadata,20,190581,81600,metadata,0,0,0,0,640,480,1,0,1,1,1,20,20,1.0,1,0,1,0.045162579365666686,0,1,auto_captions,1,1,1,srt_dedup,33103,0,11126,0.0005,1.000,0.364,0.009,en,native_en,1
zgnniAfpU6M,vlogs,UC2qDS2ggZ46y1Z5z8Reo9qQ,ok,false,,847,metadata,12,49806,36000,metadata,0,0,0,0,1280,720,0,0,1,1,1,20,20,1.0,1,0,1,0.0939889549702633,0,1,auto_captions,1,1,1,srt_dedup,4926,0,1649,0.0000,1.000,0.383,0.002,en,native_en,1
znIcnzv7kHM,vlogs,UCZy6DH9FkMmXwqxrWj8cJWg,ok,false,,1431,metadata,15,1079165,3800000,metadata,0,0,0,0,1280,720,0,0,1,1,1,20,20,1.0,1,0,1,0.01412968281587389,0,1,auto_captions,1,1,1,srt_dedup,14162,0,4848,0.0000,1.000,0.397,0.006,en,native_en,1
