video_id,category,thumb_content_frac,thumb_was_cropped,thumb_crop_brightness,thumb_crop_saturation,thumb_crop_contrast,title_chars_nohash,title_words_nohash,title_hashtag_count,title_has_shorts_tag,title_hashtag_char_frac,speaking_rate_wpm,mean_frame_interval_sec
-ERhH_wltqU,comedy,0.9859375,0,118.69001770019531,84.85176849365234,78.0411376953125,88,18,0,0,0.0,98.39311334289813,104.55
-bgnv0CyEjw,comedy,0.315625,1,179.95579528808594,53.16585159301758,52.23292922973633,31,6,6,1,0.6836734693877551,130.71428571428572,1.4
05hLL9klsi0,comedy,0.315625,1,150.2860870361328,72.05326080322266,54.212852478027344,17,3,4,1,0.6599999999999999,,1.4
076rwe5EmsA,comedy,1.0,0,174.66490173339844,142.0381622314453,79.70072937011719,42,7,0,0,0.0,72.04013377926421,29.9
0SOJ9G6hn5g,comedy,0.315625,1,147.8433837890625,103.94195556640625,62.050254821777344,11,2,10,1,0.8804347826086957,,0.7
0rr1RfSNFPI,comedy,0.315625,1,124.39708709716797,112.63142395019531,54.56852340698242,0,0,6,1,1.0,,0.5
0vXVANfo6T0,comedy,0.30859375,1,130.80421447753906,62.12705993652344,71.07518768310547,14,4,7,0,0.8227848101265822,150.8108108108108,1.85
0vdzXfs6sbU,comedy,0.27421875,1,157.03614807128906,74.16029357910156,47.5893669128418,25,6,3,0,0.5454545454545454,,0.35
11eMhMmL3pI,comedy,0.27421875,1,123.47354125976562,76.92864227294922,48.6644287109375,14,3,10,1,0.8526315789473684,111.11111111111111,1.35
14A9jRxDJhk,comedy,0.315625,1,185.82896423339844,46.99835205078125,53.37643051147461,25,5,4,1,0.5689655172413793,141.53846153846155,1.95
1DYW8R5YIWE,comedy,0.98359375,0,142.72459411621094,128.37600708007812,62.18303298950195,42,8,0,0,0.023255813953488413,108.49704142011834,42.25
1PtCHJ1L_r4,comedy,0.31484375,1,140.47531127929688,57.89521026611328,49.35019302368164,44,9,3,1,0.32307692307692304,,2.05
1RzDqaFKo-s,comedy,0.315625,1,137.1786651611328,102.89847564697266,57.67902374267578,16,4,2,1,0.5,,1.55
1Sjma_bPG9U,comedy,0.275,1,147.44532775878906,82.17810821533203,57.909393310546875,24,5,7,1,0.7551020408163265,140.0,1.5
1V9kHMdsp6k,comedy,0.315625,1,188.86029052734375,73.5411148071289,48.76840591430664,24,5,3,1,0.4893617021276596,,0.25
1WDbkroEOq0,comedy,0.91328125,1,189.7058868408203,115.004638671875,51.49367904663086,63,9,0,0,0.0,65.5379388448471,88.3
1WTO3Q8Id4Q,comedy,0.85546875,1,144.26502990722656,158.8020782470703,77.11824798583984,64,12,1,0,0.07246376811594202,122.40944881889763,254.0
1XCNE-hxZtE,comedy,0.67421875,1,87.76789855957031,122.11585235595703,93.89295959472656,49,10,0,0,0.0,117.1075085324232,234.4
1vUf3jTBw2Q,comedy,0.315625,1,171.7779541015625,109.90837097167969,79.36786651611328,12,1,7,1,0.8536585365853658,94.61538461538461,2.6
22mZyakmixw,comedy,0.90390625,1,126.82018280029297,139.7754364013672,81.26139068603516,65,11,0,0,0.0,152.09965005832362,600.1
28Dh5jEqJlw,comedy,0.8953125,1,123.48672485351562,95.2332763671875,77.18695068359375,65,10,0,0,0.0,131.83098591549296,35.5
2PYIrJw6I6E,comedy,0.78515625,1,119.90574645996094,140.90382385253906,81.81819152832031,60,10,0,0,0.0,188.69402985074626,160.8
2ZFgD9fbnb8,comedy,0.8703125,1,134.08717346191406,117.3311767578125,81.08670806884766,46,8,0,0,0.0,85.0,4.8
2ZoUPtdlAcs,comedy,0.27109375,1,187.6317596435547,58.87538146972656,72.40018463134766,25,5,8,1,0.7422680412371134,207.3684210526316,2.85
2e2JJEZBI-A,comedy,0.884375,1,160.46328735351562,101.67938995361328,69.112548828125,59,10,0,0,0.01666666666666672,33.62007168458781,41.85
2m2520TuUdk,comedy,0.72109375,1,91.26515197753906,89.74711608886719,82.55284881591797,43,8,0,0,0.0,155.20816967792615,190.95
2sR4AL9Zxek,comedy,0.2953125,1,132.68328857421875,136.3347625732422,57.550968170166016,29,6,3,1,0.4629629629629629,,2.95
2tbBHlrjOlk,comedy,0.3109375,1,155.02598571777344,97.12596130371094,62.0873908996582,20,4,3,1,0.574468085106383,139.28571428571428,2.8
2yxMlBC4cqs,comedy,0.2125,1,169.733642578125,95.46403503417969,68.88319396972656,16,3,7,1,0.8202247191011236,157.24137931034483,1.45
34Spt_Yx6sQ,comedy,0.23125,1,195.16209411621094,78.4200439453125,44.83690643310547,24,4,6,1,0.7303370786516854,115.43859649122807,8.55
3XAwPxpeyeE,comedy,0.315625,1,157.8133087158203,94.32276153564453,55.48207473754883,21,4,7,1,0.7878787878787878,161.3793103448276,1.45
3ZmrW9a3tjo,comedy,0.7875,1,62.3995475769043,74.49492645263672,80.8116226196289,40,7,0,0,0.0,153.38809034907598,24.35
3bvkoxZ6xcw,comedy,0.8234375,1,105.24705505371094,200.49407958984375,75.9736557006836,54,8,0,0,0.0,131.0901199897881,195.85
3fRxeJmwOjQ,comedy,0.96875,0,158.03964233398438,113.06893920898438,62.663856506347656,63,11,0,0,0.0,25.00978473581213,51.1
3uJwYeVdBl8,comedy,0.315625,1,153.32940673828125,111.67044830322266,44.11455535888672,39,9,4,0,0.472972972972973,,0.7
3v9cUNDZOKw,comedy,0.315625,1,118.89415740966797,95.25164031982422,60.528289794921875,50,10,4,1,0.4252873563218391,167.5,2.4
4EUtCtOLkAc,comedy,1.0,0,125.66719818115234,89.57511901855469,97.05972290039062,99,16,0,0,0.0,64.5489006823351,65.95
4FbGDT84p8I,comedy,0.56953125,1,86.42184448242188,190.3865509033203,79.79393768310547,60,9,0,0,0.0,163.7609841827768,28.45
4cL-TZbokMg,comedy,0.9609375,0,151.48399353027344,75.45806884765625,64.70330047607422,38,7,0,0,0.0,106.32707774798928,55.95
4nszQoxUiUU,comedy,0.91875,1,118.0462417602539,91.70457458496094,85.70477294921875,60,10,0,0,0.016393442622950838,169.97454292987734,216.05
4ovMZZXbevA,comedy,0.26015625,1,84.64044189453125,59.36576843261719,81.373046875,31,6,5,1,0.6309523809523809,166.76470588235296,3.4
5E2yES7_3M0,comedy,0.95625,0,129.75592041015625,67.07398223876953,63.64595413208008,53,10,0,0,0.0,34.3327239488117,54.7
5GkNmgZ9PgU,comedy,0.30390625,1,176.84881591796875,139.102294921875,57.570377349853516,23,5,6,0,0.75,114.0,1.5
5R_QsClCX5s,comedy,0.315625,1,173.0942840576172,91.61279296875,57.02053451538086,27,4,4,1,0.578125,114.0,7.5
5gvigxqHZW4,comedy,1.0,0,149.09979248046875,76.0062484741211,71.52204895019531,42,9,0,0,0.0,,49.65
6IDpBauWg7U,comedy,1.0,0,23.840368270874023,85.67794799804688,30.532058715820312,35,5,0,0,0.0,115.06849315068494,3.65
6NnPdyIMOiU,comedy,0.84140625,1,132.469970703125,134.61146545410156,78.44923400878906,89,14,0,0,0.0,,83.45
6QmGwKsY7Go,comedy,0.98984375,0,162.18319702148438,181.89617919921875,86.56826782226562,77,14,0,0,0.0,176.25806451612902,116.25
6gj3G8fYxV0,comedy,0.30546875,1,171.7637481689453,81.9274673461914,53.031517028808594,21,4,6,1,0.75,,0.55
6jREQncUmZw,comedy,0.315625,1,136.10528564453125,79.56278991699219,47.27335739135742,34,7,5,0,0.5903614457831325,,1.1
6sjeDdoL2Yg,comedy,0.315625,1,130.2716522216797,103.1644287109375,54.24320602416992,21,4,7,1,0.7083333333333333,,0.5
6tDDqrjg2VU,comedy,0.859375,1,125.06068420410156,167.24563598632812,67.62590789794922,89,16,0,0,0.0,118.96798094734056,188.95
7UroHdmYSt8,comedy,0.315625,1,174.2132568359375,67.98716735839844,44.22222137451172,18,3,7,1,0.8043478260869565,171.72413793103448,1.45
7jhsJeMgoJM,comedy,0.2890625,1,162.76918029785156,51.07502746582031,70.44821166992188,31,6,7,1,0.6630434782608696,,1.85
8BO6rULMDY4,comedy,0.85859375,1,73.96018981933594,162.63748168945312,58.858760833740234,52,9,0,0,0.0,182.43298969072166,72.75
8FMnbXPYcGg,comedy,0.95625,0,109.06350708007812,102.27069091796875,94.30111694335938,57,12,0,0,0.0,126.53465346534654,30.3
8UJAnii6a9Y,comedy,0.9421875,0,160.90911865234375,126.28882598876953,75.38339233398438,48,8,0,0,0.0,130.07739938080493,64.6
8XfAkPQloyo,comedy,0.27890625,1,171.457763671875,95.52559661865234,52.68070602416992,19,4,7,1,0.7978723404255319,,1.4
8rHf7NfxFQs,comedy,0.9703125,0,80.95550537109375,135.5240478515625,87.33155822753906,52,9,0,0,0.0,158.05635422656698,173.9
96hSrjynmuI,comedy,0.315625,1,88.70736694335938,72.59088134765625,86.9619140625,39,7,6,0,0.5894736842105264,,2.2
99b8pG_Ji4s,comedy,0.315625,1,155.7482452392578,49.88875961303711,53.73167037963867,18,5,7,0,0.8085106382978724,,4.45
9GNqwLDPOtI,comedy,0.2765625,1,141.1912384033203,45.90027618408203,64.18153381347656,33,7,4,1,0.5074626865671642,,0.95
9cES2Fjwb0w,comedy,0.26796875,1,174.70021057128906,100.8388900756836,55.24287414550781,16,3,10,1,0.8350515463917526,,0.45
9x2nWbMYSWs,comedy,0.315625,1,151.8995361328125,106.36790466308594,66.54248809814453,21,4,6,1,0.7123287671232876,,0.55
9xJz_v63IiU,comedy,0.2921875,1,115.85093688964844,135.6439666748047,78.84981536865234,19,4,8,1,0.8041237113402062,175.10204081632654,2.45
A17CKgXfYRg,comedy,0.315625,1,187.069091796875,71.7879409790039,49.384822845458984,23,4,3,1,0.5,,0.25
AJGB7twZEVA,comedy,0.984375,0,178.5243682861328,91.38190460205078,60.08346939086914,36,7,0,0,0.0,38.971061093247584,31.1
ALQrP_D8SRI,comedy,0.315625,1,142.22752380371094,106.66230010986328,61.4520378112793,17,3,7,1,0.8131868131868132,171.72413793103448,1.45
AUNlVzKf7QQ,comedy,0.153125,1,159.0337677001953,101.77981567382812,56.25106430053711,24,6,8,0,0.7551020408163265,,0.9
AWFFQR0z5Ao,comedy,0.315625,1,126.2691421508789,97.95430755615234,49.10855484008789,23,5,3,1,0.5,,0.25
AWVDzYiYpuk,comedy,0.30546875,1,140.68634033203125,54.2421989440918,53.03469467163086,14,4,6,1,0.7777777777777778,176.8421052631579,0.95
AWlKmj0DvaI,comedy,0.315625,1,183.12911987304688,132.71788024902344,46.91246795654297,35,7,6,1,0.6236559139784946,146.89655172413794,1.45
A_aAXDF9tws,comedy,0.85234375,1,105.2452163696289,69.83757781982422,81.40570831298828,60,10,0,0,0.0,114.13084112149532,80.25
Aj1Ga9lhDTU,comedy,0.984375,0,165.17929077148438,95.9229736328125,64.95346069335938,31,5,0,0,0.0,43.190661478599225,12.85
B-VluADkAfc,comedy,0.2609375,1,175.3388671875,74.52800750732422,60.321449279785156,29,5,2,1,0.4821428571428571,110.625,1.6
B6NVvtIz9_Q,comedy,0.78984375,1,100.28775787353516,117.99833679199219,81.52436065673828,80,14,0,0,0.0,129.63192081657903,161.65
B81I5d8m6RI,comedy,0.9328125,0,85.79197692871094,115.80425262451172,76.82044219970703,45,8,0,0,0.0,141.8153846153846,195.0
BP-oYOVQqq8,comedy,0.76953125,1,124.38471221923828,163.84400939941406,90.01958465576172,42,8,0,0,0.0,149.73180076628353,117.45
BPD4GB82Hmk,comedy,0.9484375,0,115.56234741210938,101.26849365234375,56.186492919921875,45,8,0,0,0.0,,4.8
BWvK-xLLjjk,comedy,0.315625,1,155.3389129638672,72.1353530883789,65.69081115722656,24,5,7,1,0.7551020408163265,136.55172413793105,1.45
CURZCf_EAWE,comedy,0.85234375,1,80.26265716552734,81.74334716796875,85.31229400634766,86,12,0,0,0.0,114.42791174961518,194.9
CYGsFOGmlps,comedy,0.2453125,1,115.86680603027344,97.32496643066406,77.5602798461914,58,12,0,0,0.0,103.05882352941175,4.25
CcnvtSFxWXo,comedy,0.315625,1,149.076904296875,77.71392822265625,62.844703674316406,13,3,10,1,0.8617021276595744,,1.05
Cf1BnC9FzkE,comedy,0.86171875,1,169.64230346679688,128.97439575195312,89.06153106689453,83,15,0,0,0.0,164.53521126760563,35.5
ClJrxn-VPv4,comedy,0.93515625,0,78.09764862060547,152.26158142089844,70.06632995605469,100,11,0,0,0.0,28.863346104725416,117.45
D-WZajmJpJg,comedy,0.315625,1,212.02206420898438,53.964019775390625,50.619930267333984,20,5,4,0,0.6875,77.5,2.4
D2kkFcJ5BvM,comedy,0.315625,1,133.42442321777344,94.79035186767578,74.24591064453125,9,3,11,1,0.9052631578947369,186.0,1.0
D3i7akwEzUI,comedy,0.99296875,0,173.82757568359375,120.0740966796875,58.227569580078125,89,18,0,0,0.0,74.3076923076923,19.5
DC7BdydvXkY,comedy,0.30625,1,178.8672637939453,82.8177261352539,51.756805419921875,39,5,2,0,0.23529411764705888,,0.5
DCrugl16s_8,comedy,0.921875,0,114.3235092163086,116.50218200683594,74.33972930908203,82,18,0,0,0.0,138.1038961038961,115.5
DIaPK3FrMJE,comedy,0.315625,1,146.00167846679688,151.89215087890625,62.07343673706055,35,7,7,1,0.6464646464646464,159.0,3.0
DQePNw_WZQ4,comedy,0.65703125,1,103.7619400024414,151.97019958496094,99.33623504638672,61,12,0,0,0.0,,311.6
DiuTVIds8bA,comedy,0.315625,1,116.53852081298828,63.56393051147461,70.66346740722656,30,6,6,1,0.625,,1.65
DppWFZOz99g,comedy,0.315625,1,191.17578125,80.63050079345703,56.21604919433594,28,6,7,1,0.711340206185567,200.76923076923077,1.3
DvU7uTaSn9k,comedy,0.315625,1,94.7752456665039,99.82457733154297,65.63887023925781,99,19,0,0,0.0,114.0,3.0
E-k3Yc6h8UA,comedy,1.0,0,148.58139038085938,95.0147705078125,75.77554321289062,79,17,0,0,0.0,144.14082145850796,59.65
E4OiI5Mt2dY,comedy,0.26171875,1,195.86692810058594,47.07868576049805,62.583351135253906,52,9,0,0,0.0,,0.4
EFu-fGCFs4A,comedy,0.978125,0,138.28932189941406,117.21515655517578,73.0638198852539,57,12,0,0,0.0,77.06521739130436,27.6
EO3iWTlykOw,comedy,0.28359375,1,169.6632537841797,75.49440002441406,51.259883880615234,36,6,6,0,0.6086956521739131,143.6842105263158,1.9
ERyEkNQh7BE,comedy,0.3125,1,127.42346954345703,119.9400405883789,66.3856430053711,49,8,3,1,0.3194444444444444,,2.15
EgC6U8s2esY,comedy,0.315625,1,164.7006378173828,67.15055084228516,53.0839729309082,49,10,3,0,0.41666666666666663,104.36363636363636,8.25
Eh40Yn_U2jg,comedy,0.996875,0,108.22042846679688,59.05027389526367,82.31322479248047,88,18,0,0,0.0,191.42857142857142,25.2
Eoxu6DDgKts,comedy,0.30390625,1,134.34829711914062,41.85602569580078,51.30735778808594,15,2,10,1,0.84375,165.71428571428572,1.05
ExeSwtygmgQ,comedy,0.28828125,1,205.4558868408203,72.40371704101562,51.02058410644531,16,5,5,0,0.7714285714285715,,0.85
F0I59rXxTk0,comedy,0.315625,1,169.7855682373047,79.58501434326172,63.62622833251953,25,6,7,1,0.7222222222222222,,0.3
F4_vPL_99Os,comedy,0.87734375,1,111.63256072998047,143.7893524169922,85.60853576660156,98,16,0,0,0.0,71.42554319024907,283.05
F64jPIN7Uz4,comedy,0.275,1,178.38800048828125,51.62498092651367,51.29362487792969,18,5,4,0,0.71875,220.71428571428572,1.4
F80Wgn3knJM,comedy,0.31328125,1,122.63046264648438,195.50784301757812,83.93810272216797,15,2,8,1,0.8387096774193549,117.33333333333333,2.25
F8mX7rh3Kq0,comedy,0.90703125,1,82.95854187011719,85.47401428222656,93.03443908691406,50,8,0,0,0.0,150.32883642495784,118.6
FG-r9qld4gU,comedy,0.9328125,0,159.16525268554688,52.42853927612305,64.12999725341797,52,9,0,0,0.0,38.90625,12.8
FSbE9EAHiGU,comedy,0.83359375,1,117.26947784423828,153.27236938476562,77.02427673339844,49,8,0,0,0.0,123.73961218836565,180.5
Fvw5LXsmxWU,comedy,1.0,0,108.64735412597656,38.97039794921875,73.76110076904297,24,4,0,0,0.0,,275.4
G2V_rrO2Gs4,comedy,0.89140625,1,144.4461669921875,143.63450622558594,69.12242889404297,68,14,0,0,0.01449275362318836,30.733333333333334,45.0
GDXqg9v09ew,comedy,0.85390625,1,141.3633575439453,194.56881713867188,63.64313507080078,96,19,0,0,0.0,154.9071618037135,56.55
GHgVbyzdNj4,comedy,0.315625,1,201.45849609375,75.4301528930664,39.280948638916016,26,5,6,1,0.7011494252873562,103.63636363636364,2.2
Gdx4KxaXSbM,comedy,0.3015625,1,177.88124084472656,67.62421417236328,51.08192825317383,37,8,6,1,0.6105263157894737,115.86206896551724,1.45
GeDBFA3mYX0,comedy,0.315625,1,179.74557495117188,91.73312377929688,44.37769317626953,31,5,3,1,0.42592592592592593,,0.25
Gq3DZ3DBsu4,comedy,0.953125,0,99.66227722167969,156.74169921875,77.76295471191406,50,8,0,0,0.0,176.7081447963801,88.4
GqqwbcgOHek,comedy,0.93828125,0,58.31240463256836,66.24637603759766,76.01412200927734,41,7,0,0,0.0,154.1011235955056,53.4
H0W4oihNYxo,comedy,1.0,0,195.0509796142578,46.373809814453125,49.58968734741211,80,13,0,0,0.0,,15.3
H35bMrQLI5o,comedy,0.8421875,1,141.58380126953125,116.67549133300781,82.13396453857422,59,8,0,0,0.0,148.46645367412142,156.5
HJnBBVKv_KY,comedy,0.309375,1,176.84376525878906,121.51874542236328,70.47093200683594,16,3,3,1,0.627906976744186,,3.25
HL8TFFXltWE,comedy,0.9625,0,175.442138671875,111.10140991210938,62.891422271728516,62,11,0,0,0.0,26.900175131348508,28.55
HVlIzeFDe54,comedy,0.315625,1,152.2935028076172,70.34044647216797,54.233360290527344,15,3,3,0,0.6590909090909092,,1.25
HYJ2KqLuu34,comedy,0.315625,1,166.42640686035156,69.85210418701172,55.9575080871582,3,1,5,0,0.9454545454545454,,2.0
I3Gq5oan_9E,comedy,0.95390625,0,121.06022644042969,99.80734252929688,87.90174865722656,48,10,0,0,0.0,166.6806282722513,191.0
I4qDOF3RbCw,comedy,0.4765625,1,73.52395629882812,179.0,100.9224624633789,64,10,0,0,0.01538461538461533,139.71541501976284,189.75
I9FAXVgkoEk,comedy,0.315625,1,193.58718872070312,78.24199676513672,41.34584045410156,28,6,3,1,0.4509803921568627,,0.25
IFXeE0hCmx8,comedy,0.315625,1,173.80325317382812,125.63428497314453,57.06754684448242,28,5,8,1,0.7171717171717171,,0.35
IIgz0eScr-A,comedy,0.315625,1,192.41261291503906,100.93689727783203,45.25979232788086,9,2,4,0,0.7954545454545454,,1.35
IOTqmCsK8_g,comedy,0.315625,1,150.99102783203125,88.8962173461914,74.97481536865234,15,2,3,1,0.6428571428571428,172.94117647058823,2.55
IQiHnED6FW4,comedy,0.315625,1,164.07672119140625,65.49456787109375,57.673240661621094,22,5,3,0,0.56,,0.35
IXDA3HHcq5E,comedy,0.86484375,1,105.30834197998047,160.18992614746094,90.53129577636719,66,10,0,0,0.0,159.1248206599713,209.1
I_mAPPRkDOM,comedy,0.65234375,1,141.18582153320312,94.45919799804688,66.4812240600586,83,15,0,0,0.0,17.243172951885565,38.45
IaRjqW9a3_c,comedy,0.315625,1,208.39942932128906,68.32235717773438,59.702919006347656,23,4,7,1,0.7628865979381443,115.86206896551724,1.45
Ihzx8LLO8Vg,comedy,0.29140625,1,188.89260864257812,118.22603607177734,70.2503662109375,35,10,4,0,0.5454545454545454,,1.2
Itr5UIweG0g,comedy,0.3078125,1,175.36300659179688,102.86084747314453,58.714942932128906,42,6,5,0,0.5434782608695652,154.73684210526318,2.85
J3_5ZIM-CV0,comedy,0.721875,1,96.2839126586914,46.27361297607422,92.97782897949219,57,9,0,0,0.0,110.78313253012047,49.8
J5ol8R09DPg,comedy,0.315625,1,131.8070526123047,68.97880554199219,67.17932891845703,43,10,2,1,0.27118644067796616,85.0,1.8
Jm1PFXufYeA,comedy,0.315625,1,132.6898956298828,121.8038330078125,73.69082641601562,51,11,3,0,0.4,193.63636363636365,1.1
JozIn7uXKt4,comedy,0.28046875,1,111.1946029663086,57.70051574707031,57.937591552734375,21,5,5,1,0.65,161.77215189873417,3.95
K9wXNb71G1A,comedy,0.72890625,1,107.13162994384766,114.67179870605469,91.54727935791016,57,10,0,0,0.0,178.04255319148936,35.25
KTFfNgk6irI,comedy,0.315625,1,116.69547271728516,66.21477508544922,91.11395263671875,27,6,5,0,0.5909090909090908,132.97297297297297,1.85
KVjfYDLSLrA,comedy,0.2953125,1,167.45948791503906,98.01187896728516,57.25923156738281,32,7,6,1,0.6631578947368422,,0.85
Kq8jIyl9vPU,comedy,0.31484375,1,168.69444274902344,111.89675903320312,64.40266418457031,21,6,4,1,0.6111111111111112,117.6923076923077,1.3
L3n6Sz4Dxt8,comedy,0.99609375,0,208.994140625,89.70773315429688,48.544918060302734,83,15,0,0,0.011904761904761862,132.37037037037038,40.5
L6SAws7QXbI,comedy,0.99921875,0,196.10272216796875,144.1370849609375,72.1272964477539,92,18,0,0,0.0,94.58284371327849,85.1
LDhLbFzC33s,comedy,0.9578125,0,160.55935668945312,160.6284637451172,98.0229263305664,68,11,0,0,0.0,117.29003359462486,133.95
LZcMizvBWX4,comedy,0.2890625,1,164.40760803222656,67.00102233886719,57.516048431396484,16,1,5,0,0.7777777777777778,200.72727272727275,2.75
LixmCHpjUe0,comedy,0.825,1,137.22589111328125,149.6494598388672,85.35515594482422,95,16,0,0,0.0,192.73291925465836,48.3
LkAAiRrMMf8,comedy,1.0,0,139.471435546875,91.94738006591797,75.78461456298828,88,16,0,0,0.0,130.82026537997587,82.9
LrFYe9EicMI,comedy,0.31328125,1,195.13485717773438,51.79548645019531,48.6031379699707,61,10,3,0,0.36458333333333337,108.57142857142858,2.1
MIZGrsT5f1M,comedy,0.315625,1,203.08827209472656,60.418495178222656,55.448204040527344,21,5,4,1,0.5882352941176471,,0.7
MOo9uImLxHc,comedy,0.95,0,167.89007568359375,121.56771850585938,70.05618286132812,100,14,0,0,0.0,64.44852941176471,81.6
MVlpo6R02HE,comedy,0.315625,1,214.51890563964844,77.40731811523438,59.355350494384766,12,3,5,1,0.7966101694915254,,1.25
MW81cIJVgLE,comedy,0.90703125,1,168.31358337402344,150.32469177246094,80.66963958740234,47,8,0,0,0.0,164.19909502262445,165.75
MiXe7ABi6co,comedy,0.37109375,1,106.97029113769531,68.00387573242188,119.1985855102539,88,18,0,0,0.0,135.19607843137257,30.6
Mo0FzofvU0Y,comedy,1.0,0,135.4014434814453,74.31965637207031,69.68766021728516,92,17,0,0,0.0,,15.85
MqUx69rm7YI,comedy,0.315625,1,203.9185028076172,49.39959716796875,57.733211517333984,21,5,3,1,0.5625,,3.0
MwQj5MzjJ4E,comedy,0.315625,1,150.0531005859375,62.30368423461914,57.57082748413086,4,1,5,0,0.9344262295081968,,2.15
Myhpkxh_hAY,comedy,1.0,0,158.51419067382812,86.47095489501953,66.42414093017578,76,14,0,0,0.0,,15.1
N5nUBDCM3dk,comedy,0.2984375,1,172.23146057128906,67.18809509277344,66.47252655029297,20,5,6,1,0.7590361445783133,158.47826086956522,4.6
N81oVij7ecI,comedy,0.315625,1,147.9901123046875,76.54743194580078,70.88496398925781,40,7,4,0,0.5121951219512195,186.35294117647058,4.25
NE9QydnPTWw,comedy,0.315625,1,151.9464111328125,31.726110458374023,56.951255798339844,30,4,1,0,0.4117647058823529,89.14285714285714,1.75
NEiZaXKJT9U,comedy,0.91640625,1,104.50814056396484,164.84751892089844,93.16145324707031,52,8,0,0,0.0,123.75601926163725,31.15
NOOHg7vegv4,comedy,0.315625,1,150.61444091796875,59.750728607177734,62.64164352416992,53,9,3,0,0.42391304347826086,,0.75
NPI5-d55lYM,comedy,0.83515625,1,157.96786499023438,112.00760650634766,72.26166534423828,52,9,0,0,0.0,47.142857142857146,4.9
NXqr156-9fg,comedy,0.27109375,1,205.56614685058594,47.48954772949219,49.8914909362793,19,2,8,1,0.7956989247311828,124.61538461538461,7.15
NwhRnzF8hjk,comedy,0.75703125,1,81.58232879638672,136.1273651123047,76.56809997558594,49,8,0,0,0.0,133.75527426160338,71.1
O0PRgYHI0XQ,comedy,0.9203125,0,124.8624496459961,157.2408447265625,91.25761413574219,69,13,0,0,0.0,144.7122955784373,165.1
OJdarSpQ0_I,comedy,0.2703125,1,142.4530029296875,76.32964324951172,80.94182586669922,22,5,3,1,0.5111111111111111,240.0,1.2
OK_1aHz6K2c,comedy,0.78046875,1,126.32845306396484,134.2207489013672,68.83307647705078,46,8,0,0,0.0,172.68680445151034,94.35
OQatG1KQ5bs,comedy,0.315625,1,166.8465576171875,105.61676025390625,44.72911071777344,27,5,3,0,0.5263157894736843,,1.15
OSQ1Fjr1Sv0,comedy,0.23671875,1,165.5741424560547,67.55432891845703,51.07896423339844,13,3,3,1,0.6388888888888888,169.83050847457628,2.95
OU1nnx2my1M,comedy,0.315625,1,141.9359130859375,77.8892822265625,54.89881896972656,18,3,3,0,0.5714285714285714,161.0,3.0
OdIROFD0alU,comedy,0.28125,1,148.7187042236328,59.906898498535156,59.15178680419922,43,9,4,1,0.4415584415584416,,0.9
OvdN2byqnw8,comedy,0.24296875,1,126.83109283447266,90.88825988769531,61.82487869262695,28,5,4,1,0.5625,106.53061224489797,2.45
Oy2QyPQ5L5M,comedy,0.665625,1,91.37533569335938,113.53627014160156,81.17577362060547,74,13,0,0,0.0,115.82,150.0
P9b0mW5OPi8,comedy,0.24921875,1,146.727294921875,48.93967819213867,68.93031311035156,35,6,6,0,0.631578947368421,,2.5
P9kEttHIgSw,comedy,1.0,0,153.59664916992188,51.405723571777344,55.410160064697266,76,13,0,0,0.0,,17.35
PDl_fNs9m6s,comedy,0.24765625,1,184.59056091308594,87.179931640625,51.23165512084961,49,9,2,0,0.234375,,1.7
PEYKbzCah8w,comedy,0.990625,0,191.08058166503906,128.15582275390625,61.68690872192383,100,18,0,0,0.0,89.92392223161454,59.15
PUEgD3xqIew,comedy,0.990625,0,119.28266143798828,103.85912322998047,79.17205047607422,85,20,0,0,0.0,30.981308411214954,64.2
PiwwgzvAPd0,comedy,0.21015625,1,169.12525939941406,92.23133850097656,53.218040466308594,24,5,0,0,0.0,,1.45
PlSmUXQ9eKg,comedy,0.25078125,1,140.88807678222656,52.2851448059082,55.3078727722168,19,4,5,0,0.7205882352941176,123.63636363636363,1.65
Py1sIdLEumM,comedy,0.315625,1,178.32647705078125,57.956298828125,67.67691040039062,14,4,7,1,0.8205128205128205,140.0,1.2
Pz_4Icuwo8U,comedy,0.20546875,1,175.8073272705078,94.27294158935547,46.315128326416016,31,8,5,1,0.5633802816901409,126.0,2.5
Q8XsNcI8aGw,comedy,0.98515625,0,200.58944702148438,115.71282196044922,69.97897338867188,88,14,0,0,0.011235955056179803,139.61218836565098,18.05
QFq14fy25eg,comedy,0.946875,0,100.43025207519531,122.3966293334961,99.47627258300781,73,14,0,0,0.0,101.79566563467493,48.45
QQtrbi4h7wk,comedy,0.83125,1,162.23548889160156,158.86361694335938,63.33927917480469,84,14,0,0,0.0,209.20353982300884,16.95
Qs2h_CpnlnU,comedy,0.315625,1,172.43258666992188,90.37277221679688,53.49293518066406,33,4,6,0,0.65625,,2.8
Qz6Y4lo3cJQ,comedy,0.315625,1,167.316650390625,92.3005599975586,66.6961441040039,20,4,5,1,0.7058823529411764,202.75862068965517,7.25
R8ZI1yFYf3k,comedy,0.2921875,1,175.96011352539062,104.71812438964844,66.61450958251953,87,20,0,0,0.0,78.75,3.2
R9Oh3X-r6o8,comedy,0.70625,1,100.72352600097656,107.99324035644531,84.06543731689453,62,12,0,0,0.0,135.2657004830918,31.05
REGFc0CgcgA,comedy,0.84765625,1,123.10897064208984,105.87947082519531,83.58780670166016,61,12,0,0,0.0,102.18045112781954,13.3
RFyJWFC-XlE,comedy,0.26328125,1,172.3814697265625,91.9233627319336,61.86562728881836,32,6,4,0,0.5294117647058824,,0.55
RNw8FIf2tjI,comedy,0.29375,1,160.1067657470703,103.872802734375,66.29976654052734,9,1,6,0,0.8636363636363636,164.6153846153846,1.95
RO7CovzOCok,comedy,0.2671875,1,207.8876495361328,158.74850463867188,58.39396286010742,31,7,7,1,0.6836734693877551,144.82758620689654,1.45
RPE2gWua5WY,comedy,0.978125,0,112.79713439941406,120.02103424072266,82.2661361694336,95,19,0,0,0.01041666666666663,164.36018957345973,52.75
RUrA1tgz8go,comedy,0.2546875,1,172.8533477783203,82.52961730957031,60.2426643371582,13,2,10,1,0.8617021276595744,,0.95
RVXMni9Zb9I,comedy,0.2859375,1,163.0954132080078,69.22584533691406,55.40568923950195,16,3,4,1,0.6862745098039216,187.5,1.6
RdQy9BYpJ4g,comedy,0.3109375,1,118.37223815917969,114.32015991210938,77.82280731201172,29,7,7,0,0.6914893617021276,292.5,0.8
RmBJEM05WOw,comedy,1.0,0,129.5712127685547,100.86631774902344,98.0965805053711,84,9,1,0,0.16000000000000003,138.97338403041826,78.9
RodLLFJGqzU,comedy,0.315625,1,163.20826721191406,65.97415924072266,70.97574615478516,30,7,5,1,0.5774647887323944,183.42857142857142,5.25
S1opb9LNstk,comedy,0.315625,1,152.08233642578125,92.4645767211914,57.538360595703125,0,0,8,0,1.0,,0.5
SC3zACofHiY,comedy,0.315625,1,124.91328430175781,88.16644287109375,37.340030670166016,25,5,7,1,0.736842105263158,,0.5
SC57G0okAtQ,comedy,0.9984375,0,146.18331909179688,173.61912536621094,78.7646255493164,37,7,3,0,0.513157894736842,31.436993367722916,67.85
SUpBMf1vHxU,comedy,0.2171875,1,29.643585205078125,54.697147369384766,49.98697280883789,55,12,0,0,0.0,146.4516129032258,4.65
SiCeLFdIMpI,comedy,0.96484375,0,81.33296966552734,104.34575653076172,53.31532669067383,42,8,0,0,0.0,137.42986425339365,55.25
Sr4Xg7TXhXM,comedy,0.3125,1,186.8820343017578,104.33345794677734,63.68775177001953,41,9,4,0,0.5444444444444445,140.68965517241378,1.45
SuyHA8n-gkk,comedy,0.82734375,1,181.9514617919922,169.5183563232422,74.24962615966797,92,16,0,0,0.0,142.14904679376082,86.55
T6Dcc1GhGWI,comedy,0.31484375,1,146.70443725585938,76.5676498413086,86.00218963623047,18,3,6,1,0.7777777777777778,147.63157894736844,3.8
T6iS3P6_rbo,comedy,0.54609375,1,42.95042037963867,133.6173858642578,68.64348602294922,66,13,0,0,0.0,160.8086785009862,152.1
T8LY25dJWYs,comedy,0.30390625,1,160.3847198486328,104.40634155273438,49.2802734375,18,3,6,1,0.7777777777777778,,0.7
TptjpYYCvT8,comedy,0.315625,1,125.40052032470703,63.36729049682617,59.85092544555664,36,7,4,1,0.49295774647887325,210.0,1.5
U-H_oCes6FQ,comedy,0.915625,1,135.32569885253906,82.45721435546875,61.07347106933594,79,15,0,0,0.0,40.85889570552147,8.15
UFVo_z-b_g4,comedy,0.315625,1,156.7749481201172,32.39029312133789,54.98464584350586,42,8,5,0,0.5434782608695652,180.0,0.95
UZjhEB9G1Tg,comedy,0.94609375,0,130.70608520507812,98.14857482910156,58.06153106689453,44,9,0,0,0.0,37.839506172839506,48.6
UkgoHAHCMo4,comedy,0.96484375,0,177.74237060546875,126.3106918334961,77.57952880859375,90,16,0,0,0.0,141.75,72.0
UvRYow1lvX0,comedy,0.290625,1,164.96392822265625,59.34107971191406,48.744224548339844,25,5,2,0,0.375,,0.6
V5KT6rVRumE,comedy,0.309375,1,153.78298950195312,98.75464630126953,56.57571792602539,27,5,4,1,0.578125,141.11111111111111,2.7
VEnDqbuXPqg,comedy,0.315625,1,99.18708801269531,87.06397247314453,68.79438018798828,14,4,6,0,0.825,,0.65
VF1XOdqjB3o,comedy,0.24609375,1,177.12417602539062,75.07957458496094,64.6361312866211,14,2,8,0,0.86,,2.15
VHUQTYWTIJo,comedy,0.925,0,169.427001953125,77.8631591796875,76.01750183105469,64,12,0,0,0.0,17.38938053097345,45.2
VNat_TQAvew,comedy,0.31484375,1,89.62260437011719,84.81519317626953,53.56557083129883,22,3,4,0,0.6764705882352942,71.9047619047619,6.3
VQ_Kh1GTVeU,comedy,0.95078125,0,114.06851196289062,106.462158203125,93.41184997558594,69,13,0,0,0.0,153.3685601056803,37.85
VaS1lOYZaBs,comedy,1.0,0,169.9820098876953,93.58614349365234,78.48513793945312,71,8,0,0,0.0,139.67562088190573,98.65
VbOALuHrK_M,comedy,0.65234375,1,147.05755615234375,86.20535278320312,61.16902160644531,65,12,0,0,0.0,104.24139396515086,117.65
Vf2biFRxGF4,comedy,0.265625,1,169.35629272460938,93.05753326416016,47.139244079589844,27,5,5,1,0.64,212.72727272727272,1.65
VvfGtyVo2_U,comedy,0.20234375,1,144.01832580566406,82.37090301513672,69.44862365722656,25,4,2,0,0.5192307692307692,,1.4
W757azZ3VAQ,comedy,0.97890625,0,182.6969451904297,55.27180099487305,73.29058074951172,50,10,0,0,0.0,43.75,28.8
WH2TZGkQmxI,comedy,0.73203125,1,142.1927032470703,96.96649169921875,92.37184143066406,80,16,0,0,0.0,138.61351819757365,28.85
WXHd2BW6Wek,comedy,0.28515625,1,116.41094207763672,97.62168884277344,81.85376739501953,22,4,9,0,0.7731958762886598,,0.45
Whwrc8kPNgo,comedy,0.315625,1,169.04444885253906,92.0777359008789,67.82977294921875,17,3,7,1,0.8131868131868132,,1.45
WlkklNN4nRw,comedy,0.26953125,1,173.81028747558594,63.079315185546875,61.48286437988281,20,5,6,1,0.7590361445783133,165.88235294117646,2.55
WnO2-ZiXpwo,comedy,0.25546875,1,180.16299438476562,33.11578369140625,48.58847427368164,57,10,3,0,0.3804347826086957,87.95454545454547,4.4
WnqITyy3_6o,comedy,0.9984375,0,155.4022979736328,119.8031234741211,71.91159057617188,39,9,0,0,0.0,99.70044052863436,56.75
WpVU2qexLpA,comedy,0.315625,1,133.4432373046875,55.80556106567383,58.086708068847656,22,4,5,1,0.6451612903225806,139.45945945945945,3.7
WtQ1VMksrco,comedy,0.2609375,1,176.08738708496094,41.864105224609375,59.45393371582031,20,5,6,1,0.7590361445783133,208.08510638297872,2.35
X159heOETjk,comedy,0.315625,1,114.82777404785156,182.4678192138672,96.66072845458984,81,16,2,1,0.1649484536082474,191.47058823529412,3.4
XHzSkeMX7vg,comedy,0.29140625,1,178.122802734375,61.97607421875,77.91605377197266,30,6,5,0,0.6385542168674698,292.5,0.8
XS9HrHh-0ss,comedy,0.315625,1,133.4239044189453,96.43944549560547,63.2784538269043,24,5,4,1,0.5862068965517242,183.63636363636363,1.65
XWKdTY9oe00,comedy,0.91875,1,136.0493621826172,147.4146270751953,85.61532592773438,50,8,0,0,0.0,105.79937304075236,31.9
XXlg7dmaRaM,comedy,0.271875,1,180.759765625,168.3177032470703,51.54351806640625,21,4,5,0,0.65,,1.15
XandCEsFWoc,comedy,0.315625,1,155.87747192382812,69.25147247314453,66.22321319580078,19,3,6,1,0.7682926829268293,,0.6
XbiObxjyAkE,comedy,0.9375,0,113.71224212646484,163.6282196044922,64.38644409179688,63,12,0,0,0.015625,162.09748892171345,33.85
XiSewRUOVyg,comedy,0.75,1,109.21660614013672,64.84896087646484,89.31897735595703,65,12,0,0,0.015151515151515138,120.63125481139338,194.85
XjK4L7P4p5M,comedy,0.315625,1,160.23382568359375,62.67469787597656,57.98179626464844,13,4,11,1,0.865979381443299,,0.6
Xn20COng9F8,comedy,0.9484375,0,124.57415008544922,114.97807312011719,74.44200134277344,80,16,0,0,0.0,,66.05
Xx7EU2HndmQ,comedy,0.2953125,1,172.18601989746094,95.15823364257812,60.976531982421875,26,6,8,1,0.731958762886598,,2.1
Y4CieN73zYg,comedy,0.315625,1,127.79452514648438,115.64683532714844,75.16395568847656,33,4,6,1,0.6451612903225806,172.0,3.0
YAf7E4A3GhY,comedy,0.309375,1,149.3368377685547,92.72449493408203,65.41788482666016,49,6,3,0,0.41666666666666663,272.0689655172414,2.9
YFDtS08LwU8,comedy,0.18671875,1,179.24131774902344,66.5255355834961,54.93452835083008,32,7,3,0,0.4576271186440678,,0.25
YN782GM7KSs,comedy,0.3015625,1,179.8707275390625,61.709312438964844,55.995426177978516,24,4,5,0,0.7073170731707317,158.2258064516129,6.2
YgZoBfFGzuk,comedy,0.315625,1,132.54962158203125,95.77722930908203,57.0174674987793,30,5,8,0,0.6875,,1.05
YnulGHEDBfc,comedy,0.315625,1,145.43325805664062,82.2449951171875,62.93596267700195,17,4,7,0,0.7901234567901234,175.13513513513513,1.85
Z18fKCpZCKc,comedy,0.315625,1,158.21597290039062,53.36043167114258,74.40872955322266,45,8,2,0,0.25,115.71428571428571,5.6
Z2SKpKcvZsg,comedy,0.315625,1,178.86717224121094,88.07135772705078,57.884952545166016,15,4,6,0,0.8421052631578947,134.54545454545453,1.65
Z8I9eJ62itc,comedy,0.9765625,0,78.71707916259766,132.2056121826172,81.95642852783203,79,16,0,0,0.0,173.80478087649402,150.6
Z9l4Ic5vuwA,comedy,0.26171875,1,159.42701721191406,73.30261993408203,55.67163848876953,29,4,7,0,0.6627906976744187,,1.1
ZELkEQ4ejdg,comedy,0.83515625,1,174.021728515625,89.41199493408203,73.4498291015625,76,15,0,0,0.0,,19.2
ZF_tDPRNV5U,comedy,0.97265625,0,141.09939575195312,111.3250503540039,75.06786346435547,99,17,0,0,0.0,134.4703230653644,66.55
ZStD-d5YPmA,comedy,0.315625,1,152.39442443847656,57.506874084472656,63.439002990722656,16,3,8,0,0.8241758241758241,,0.55
ZU4acatS8sU,comedy,0.315625,1,189.7405242919922,55.62166213989258,31.499523162841797,15,3,6,0,0.7916666666666666,,1.15
ZfJcaPkqHa4,comedy,0.9984375,0,171.3259735107422,107.80826568603516,73.55503845214844,61,10,0,0,0.0,170.77574047954866,35.45
Zr6ojFVDOao,comedy,0.953125,0,129.0576629638672,115.04842376708984,77.81401062011719,63,12,0,0,0.0,132.67355982274742,33.85
ZsFiwxJa1Qs,comedy,0.315625,1,134.8208770751953,85.94532775878906,64.8741226196289,17,5,1,0,0.46875,163.40425531914894,2.35
Zu53F1zX3a0,comedy,0.25546875,1,220.36984252929688,73.59345245361328,45.04511642456055,6,2,5,0,0.8867924528301887,,1.15
_5BJ6XACjgk,comedy,0.315625,1,171.8966064453125,114.9212417602539,57.116695404052734,42,8,3,0,0.3731343283582089,,1.15
_Dg_3olJzgU,comedy,1.0,0,106.92840576171875,90.64275360107422,87.43115997314453,79,11,0,0,0.0,144.4465648854962,104.8
_Xz26gHh2V4,comedy,0.315625,1,123.09843444824219,85.26525115966797,80.98938751220703,13,2,0,0,0.0,,0.35
_elzbU-AIdY,comedy,0.99609375,0,164.23126220703125,109.13984680175781,69.32726287841797,62,10,0,0,0.0,,4.2
_hjSfVsUq0A,comedy,0.28515625,1,167.91090393066406,65.98713684082031,59.12561798095703,59,11,3,0,0.37234042553191493,73.84615384615384,5.2
_pFPd2Gdzz8,comedy,0.31484375,1,151.49819946289062,70.17443084716797,97.16724395751953,52,10,5,0,0.4693877551020408,,0.85
a3YlpD6yA2A,comedy,0.28046875,1,146.0609893798828,55.587860107421875,63.369415283203125,37,6,4,1,0.47887323943661975,,0.95
aEACJV9n3QI,comedy,0.7796875,1,168.9070587158203,164.75636291503906,54.69878005981445,81,15,0,0,0.0,104.8685097774781,74.15
aOrH8uwDlaA,comedy,0.2703125,1,159.49220275878906,74.42770385742188,65.37116241455078,19,5,3,1,0.5681818181818181,101.0,3.0
aSC9MozK-So,comedy,0.2296875,1,166.3119659423828,64.09708404541016,59.86954879760742,12,3,5,1,0.8,96.0,2.75
aYJJ5L0RKUQ,comedy,0.25546875,1,173.54510498046875,164.1856231689453,75.67301940917969,22,5,5,1,0.6857142857142857,103.04347826086956,2.3
aa8n7MZM-tE,comedy,0.9765625,0,176.7113800048828,95.54126739501953,67.65747833251953,37,7,1,0,0.21276595744680848,107.86516853932585,62.3
ajIAd_hSQe8,comedy,1.0,0,159.4379119873047,140.73036193847656,75.06614685058594,98,20,0,0,0.0,91.32710280373831,80.25
bWIaa0I2a_0,comedy,0.315625,1,158.33985900878906,79.6142578125,50.1246337890625,15,3,5,1,0.7222222222222222,183.0,3.0
bWS7rB8NeoY,comedy,0.92265625,0,157.79615783691406,96.5350112915039,71.22834014892578,50,9,0,0,0.0,37.324675324675326,38.5
bXEJzKpAlCs,comedy,0.90625,1,80.58416748046875,38.73194885253906,72.32037353515625,58,10,0,0,0.0,183.1564687288327,221.45
biaODEUq2xc,comedy,0.315625,1,170.99420166015625,74.98848724365234,46.816864013671875,21,5,1,0,0.34375,205.5,2.0
bkTfj66Frro,comedy,0.9984375,0,169.71194458007812,88.13706970214844,69.95067596435547,40,8,0,0,0.0,21.91907514450867,43.25
bn62x3svoqI,comedy,0.3125,1,112.8615951538086,100.070556640625,63.889408111572266,23,7,3,0,0.5740740740740741,127.5,1.2
brUy4L0or9s,comedy,0.25234375,1,157.36595153808594,54.40830612182617,81.09922790527344,38,7,2,0,0.3870967741935484,,0.5
bt_I3nJmQ3I,comedy,0.8421875,1,122.96184539794922,80.49071502685547,79.65524291992188,52,8,0,0,0.0,100.73957513768686,127.1
bwBpTN_xO4E,comedy,0.315625,1,119.92224884033203,70.68209838867188,71.06747436523438,24,5,3,0,0.5,,1.05
c1X4G4ZCvZA,comedy,0.315625,1,157.2308807373047,95.23594665527344,73.66830444335938,31,6,6,1,0.6836734693877551,195.88235294117646,1.7
caZs9faGMH0,comedy,0.94609375,0,117.91072845458984,102.99243927001953,91.19914245605469,54,10,0,0,0.0,113.76623376623377,57.75
cj4SXjeWQ58,comedy,0.25703125,1,138.01437377929688,106.61388397216797,51.55271530151367,38,6,4,1,0.4722222222222222,,0.9
dIRq98NU6RE,comedy,0.2828125,1,151.0529327392578,75.57300567626953,54.7776985168457,28,6,2,0,0.34883720930232553,111.25,2.4
dgIORIQG7sA,comedy,0.8078125,1,122.10336303710938,114.1781005859375,73.66116333007812,76,17,0,0,0.0,28.32729905865315,69.05
dihYlHt6raE,comedy,0.26015625,1,152.2791748046875,63.61686706542969,51.307891845703125,30,6,6,1,0.6938775510204082,182.06896551724137,1.45
dxncLq0f7bQ,comedy,0.2421875,1,181.05503845214844,64.47664642333984,54.1313591003418,20,4,9,1,0.7916666666666666,131.25,1.6
e7H0bTYogdI,comedy,0.315625,1,210.54733276367188,65.014892578125,64.36742401123047,20,5,6,1,0.7619047619047619,116.1290322580645,1.55
ePWUr-rj71U,comedy,0.990625,0,184.0621337890625,100.50735473632812,69.33533477783203,74,12,0,0,0.0,,68.15
eVMhRS9LhcM,comedy,0.9453125,0,156.9565887451172,104.54857635498047,82.24920654296875,77,14,0,0,0.0,136.27380339680906,97.15
eo_LU21YV_I,comedy,0.290625,1,178.69863891601562,160.50778198242188,70.32868194580078,20,4,6,1,0.7590361445783133,177.27272727272728,1.1
eqry88YcRPY,comedy,0.9078125,1,144.31863403320312,120.04801177978516,64.74037170410156,41,7,0,0,0.0,50.2962962962963,40.5
fPGu2jD1-bo,comedy,0.8453125,1,125.28833770751953,96.38835144042969,87.85539245605469,47,9,0,0,0.0,181.43589743589743,29.25
fZpFbZ5mOuA,comedy,0.9828125,0,182.19696044921875,87.6979751586914,64.15682983398438,39,6,0,0,0.0,108.23741007194243,27.8
fn3DYg4w-0o,comedy,0.315625,1,129.8845672607422,79.9151840209961,68.77413940429688,25,5,3,1,0.47916666666666663,181.0169491525424,2.95
fq08FS2lf18,comedy,0.8265625,1,101.36917877197266,149.8851776123047,82.12928009033203,58,10,0,0,0.0,149.0843373493976,373.5
g10DzV7hXPk,comedy,0.2015625,1,111.52840423583984,83.9295883178711,96.67827606201172,9,2,10,1,0.9090909090909091,,0.65
gHc3pMV5-Kg,comedy,0.72421875,1,72.71866607666016,214.60643005371094,78.11502075195312,52,10,0,0,0.0,173.1630648330059,50.9
gcGgSXgF44E,comedy,0.85234375,1,96.21826934814453,127.99209594726562,80.47277069091797,87,18,0,0,0.0,106.12852664576803,63.8
gcURMXE1h9Y,comedy,0.93046875,0,167.4756622314453,148.2351837158203,85.10709381103516,63,12,0,0,0.0,151.73828666481842,180.35
ghaxttecJmM,comedy,0.29609375,1,192.78871154785156,56.063011169433594,61.208953857421875,29,5,4,1,0.5538461538461539,118.09523809523809,3.15
gpLET-NBHng,comedy,0.3078125,1,144.42941284179688,86.16046142578125,59.56669998168945,22,3,4,1,0.6071428571428572,121.07142857142857,2.8
grJJjg82aG8,comedy,0.31015625,1,146.18685913085938,98.5292739868164,69.65044403076172,11,3,3,0,0.6666666666666667,,0.9
gsyM3K7fNOg,comedy,0.315625,1,160.98167419433594,111.26952362060547,67.56147766113281,19,4,6,1,0.7285714285714286,188.04469273743015,8.95
gtiK_AJ3phs,comedy,0.2859375,1,141.94076538085938,56.3097038269043,74.16394805908203,26,6,3,0,0.5094339622641509,,0.3
gzVtq3WIL9o,comedy,0.2734375,1,136.1093292236328,116.60574340820312,70.90347290039062,23,4,3,1,0.54,182.5,2.4
gzhUIKkRtEM,comedy,0.234375,1,180.54782104492188,130.72900390625,61.419342041015625,17,3,5,1,0.6964285714285714,,0.75
hHa9MdmtRP8,comedy,0.30078125,1,133.36940002441406,133.21011352539062,66.70056915283203,15,4,5,1,0.7887323943661972,150.0,1.1
hPBbDWYx_xU,comedy,0.9984375,0,149.99671936035156,164.8150177001953,74.44328308105469,45,9,2,0,0.22413793103448276,99.86220472440945,50.8
hQIA7TGSAes,comedy,0.65390625,1,97.43987274169922,143.31625366210938,78.78832244873047,78,15,0,0,0.0,186.55339805825244,164.8
hUrcOS4LjLE,comedy,0.76171875,1,105.13655853271484,206.89373779296875,80.35685729980469,56,10,0,0,0.0,126.97850821744626,39.55
hWzbYOHQgcA,comedy,0.315625,1,151.35580444335938,81.4852066040039,64.88027954101562,7,2,11,1,0.925531914893617,,0.7
hZ9Hu7DM-v8,comedy,0.75546875,1,111.51869201660156,118.00719451904297,83.40924072265625,55,11,0,0,0.0,133.08012486992718,96.1
haTK9SfHmjc,comedy,0.315625,1,199.4244842529297,54.633853912353516,58.57197189331055,15,3,5,0,0.7887323943661972,,1.15
hehvvDzuA-4,comedy,0.315625,1,175.99972534179688,102.69428253173828,58.129276275634766,21,5,5,1,0.6865671641791045,129.66666666666666,9.0
hqtkWqFITtM,comedy,0.9625,0,114.72905731201172,106.85643005371094,75.5328140258789,42,9,0,0,0.0,145.74193548387098,186.0
hsypMyEUSco,comedy,0.315625,1,170.157958984375,85.55867767333984,64.75030517578125,33,5,6,1,0.6632653061224489,162.5806451612903,1.55
hyiF_M7jtnQ,comedy,0.315625,1,184.62771606445312,55.84326171875,54.027095794677734,20,5,6,1,0.7590361445783133,134.4,1.25
hzDZsuKG6R8,comedy,0.8796875,1,90.01647186279297,114.31549072265625,89.8683090209961,54,9,0,0,0.0,182.73588630082904,253.3
i130GMI_7Zg,comedy,0.99375,0,165.57810974121094,145.4291229248047,72.4413070678711,73,13,0,0,0.0,,31.55
iL8GlJ9nrvE,comedy,1.0,0,86.51952362060547,120.0274429321289,63.742557525634766,19,2,2,0,0.4864864864864865,,1.05
iLivnrQ2sEo,comedy,0.9515625,0,169.4069366455078,89.09764862060547,78.96785736083984,60,12,0,0,0.0,158.4923076923077,227.5
iQJrukKwsuE,comedy,1.0,0,142.4710693359375,158.19552612304688,83.9616470336914,47,9,0,0,0.0,123.86617100371748,40.35
ibVwBUNjgOE,comedy,0.94375,0,184.2769012451172,170.15084838867188,53.05908966064453,71,13,0,0,0.0,160.0909090909091,77.0
j1AxfwQr-GA,comedy,0.878125,1,113.93500518798828,87.3046646118164,94.66764068603516,48,8,0,0,0.0,173.99811853245532,159.45
j2LtAYtBRQU,comedy,0.69140625,1,87.66944885253906,113.65570831298828,88.90445709228516,57,11,0,0,0.0,168.0427046263345,28.1
j42tnd_AJz4,comedy,0.959375,0,134.24038696289062,96.05615997314453,77.9533462524414,89,18,0,0,0.0,100.18376722817764,97.95
janj66qRALg,comedy,0.7125,1,112.71160888671875,101.04007720947266,78.40282440185547,71,11,0,0,0.0,138.73388042203987,127.95
jiVmZzYXx3o,comedy,1.0,0,130.00555419921875,51.68667984008789,86.42372131347656,66,11,2,0,0.22352941176470587,7.500000000000001,26.0
jozYdBhmlEU,comedy,1.0,0,192.6930694580078,45.29384231567383,64.7000732421875,69,12,0,0,0.0,,15.05
k5nDbxd0XW4,comedy,0.315625,1,86.56096649169922,91.68605041503906,68.6546859741211,12,3,5,1,0.8,121.26760563380282,7.1
l-ESjnz6cdY,comedy,0.315625,1,179.13238525390625,58.817588806152344,56.21915054321289,18,2,2,0,0.4545454545454546,,1.05
l5amjQNsKgw,comedy,0.315625,1,145.84185791015625,82.50130462646484,61.029640197753906,16,3,3,1,0.5789473684210527,,3.0
lM4WTWIBcvo,comedy,0.30390625,1,160.3556671142578,75.27156066894531,64.67316436767578,22,5,6,1,0.6944444444444444,164.8,3.75
lrSo77HBIik,comedy,0.9828125,0,130.52081298828125,155.43353271484375,83.55180358886719,34,6,3,0,0.5277777777777778,45.978695073235684,75.1
m4IMYQF1TnE,comedy,0.3140625,1,142.94032287597656,107.95602416992188,74.89165496826172,25,6,8,1,0.7395833333333333,,0.25
m52AUk2kOJ4,comedy,0.2484375,1,128.75035095214844,86.52864837646484,59.40375518798828,16,3,4,1,0.6862745098039216,167.2340425531915,2.35
mMYdidMxa5U,comedy,0.31328125,1,138.05599975585938,83.11827850341797,66.63800048828125,25,5,5,1,0.647887323943662,117.81818181818183,5.5
mT8DLv3FOdE,comedy,0.959375,0,176.45603942871094,119.17451477050781,66.41191101074219,90,16,0,0,0.0,150.33486539724228,76.15
mVIKeJYo2Ug,comedy,0.9953125,0,160.90699768066406,50.88106155395508,61.48356246948242,65,12,0,0,0.0,,21.0
maiSGnTjzpk,comedy,0.24453125,1,121.62500762939453,81.3472671508789,66.570068359375,20,2,8,0,0.7916666666666666,113.84615384615384,1.95
mc82_Gc8Ujk,comedy,0.315625,1,160.55628967285156,80.11152648925781,63.31869125366211,55,14,3,0,0.32098765432098764,,0.65
mhGNOYFmh6Q,comedy,0.3109375,1,141.74432373046875,113.99639892578125,60.49241256713867,14,3,10,1,0.8526315789473684,,0.55
mlG8s8QrME4,comedy,0.315625,1,179.6546173095703,79.7928237915039,63.38947677612305,20,3,5,0,0.7183098591549295,77.81818181818181,8.25
mq1DF_lJ-4s,comedy,0.96875,0,153.3715057373047,70.18262481689453,59.122379302978516,98,17,0,0,0.0,,18.15
mtpFtHR7XSk,comedy,0.2765625,1,155.8004913330078,90.13089752197266,41.559715270996094,34,6,5,0,0.5903614457831325,,1.2
mulRP5goa5k,comedy,0.315625,1,125.24466705322266,87.02320861816406,56.39775466918945,13,3,5,1,0.7868852459016393,84.85714285714285,7.0
nC01upqoEWc,comedy,0.30703125,1,136.8957061767578,96.30587005615234,64.95950317382812,15,4,6,1,0.8076923076923077,171.81818181818184,1.1
nGcB1B82TzE,comedy,0.84765625,1,112.37873077392578,69.14497375488281,82.47111511230469,40,7,0,0,0.0,159.02439024390245,30.75
nJPankIBoU0,comedy,0.96640625,0,105.16534423828125,60.23780059814453,79.17668151855469,57,10,0,0,0.0,114.40092165898618,86.8
nQu5XOgC8Zo,comedy,0.3078125,1,128.2575225830078,114.83037567138672,70.53382873535156,30,8,6,1,0.6590909090909092,,0.95
nRomHYmKEg0,comedy,0.315625,1,146.62167358398438,93.97443389892578,57.14549255371094,16,4,7,1,0.8367346938775511,177.93103448275863,1.45
n_rY7PUF610,comedy,0.98203125,0,181.76144409179688,126.25108337402344,73.23670196533203,98,18,0,0,0.0,,65.35
nrD6PZo6uQo,comedy,0.2046875,1,81.23506927490234,112.68456268310547,80.87389373779297,22,5,2,0,0.4054054054054054,115.0344827586207,7.25
nrgfRKiCGB8,comedy,0.315625,1,124.42882537841797,77.91505432128906,61.295379638671875,19,2,2,0,0.4411764705882353,58.92857142857143,2.8
o1pk001Zi6k,comedy,0.93515625,0,137.39393615722656,112.52412414550781,61.258934020996094,56,10,0,0,0.0,118.38848920863309,104.25
oCTOPs_l1IU,comedy,0.315625,1,141.9235076904297,84.66885375976562,55.85223388671875,20,5,6,1,0.7590361445783133,87.77777777777777,2.7
oNZptAfNnW4,comedy,1.0,0,107.1891860961914,113.25384521484375,76.88427734375,98,20,0,0,0.010101010101010055,156.43054277828887,54.35
oNhRlJcncSM,comedy,0.18828125,1,116.07941436767578,89.8692398071289,90.18548583984375,61,12,1,0,0.19736842105263153,119.03225806451611,6.2
o_ZwOe_jS94,comedy,0.26015625,1,158.16268920898438,46.620521545410156,72.83528137207031,31,6,5,1,0.617283950617284,89.73913043478261,5.75
oawMfCMLkHU,comedy,0.88984375,1,108.11162567138672,70.88947296142578,89.75773620605469,62,11,0,0,0.0,143.28863796753706,70.85
oghkg2Gywdw,comedy,0.315625,1,156.28314208984375,68.79112243652344,57.18307876586914,47,9,2,0,0.24193548387096775,111.81818181818183,2.2
ooBkvv7-bwE,comedy,0.93515625,0,98.15483856201172,85.2735824584961,102.15418243408203,54,11,0,0,0.0,135.3221957040573,104.75
oqnWBUAY6ak,comedy,0.315625,1,144.79949951171875,60.81874465942383,61.92042922973633,20,4,3,0,0.5555555555555556,,1.05
ox33jnEDVCI,comedy,0.315625,1,179.85794067382812,76.90421295166016,62.221923828125,41,7,6,1,0.5340909090909092,118.30188679245283,5.3
p2O-QuK8nI8,comedy,0.99296875,0,166.91888427734375,154.91204833984375,79.51309967041016,88,16,0,0,0.0,95.21495327102804,80.25
pBmCU4JayZA,comedy,1.0,0,164.79991149902344,133.31785583496094,76.46263885498047,32,8,0,0,0.0,196.7766990291262,51.5
pBvgAMuQR7c,comedy,0.315625,1,172.73683166503906,51.65154266357422,57.14227294921875,51,9,3,0,0.40697674418604646,81.50943396226415,7.95
pIcnCgkns9s,comedy,0.9953125,0,180.83399963378906,121.29817962646484,78.25020599365234,97,21,0,0,0.0,,25.2
pRf596gUjoA,comedy,0.22890625,1,184.5129852294922,70.75140380859375,57.64606475830078,23,5,3,1,0.5306122448979591,69.0,3.0
pYtOX-o688c,comedy,0.28125,1,188.37278747558594,84.4619369506836,69.32742309570312,25,5,2,0,0.41860465116279066,174.54545454545453,3.85
pfbiVDT2yRg,comedy,0.9421875,0,179.34031677246094,91.21621704101562,80.57093811035156,48,10,2,0,0.23809523809523814,110.83969465648855,19.65
pvwaKrzsZPg,comedy,0.31484375,1,159.0348663330078,107.77754974365234,55.480281829833984,19,3,4,0,0.6935483870967742,,1.2
q-QvT1_JG0o,comedy,0.20859375,1,132.1886749267578,110.36460876464844,68.8023910522461,20,4,7,1,0.7872340425531915,,1.45
q2dKjioWFa4,comedy,0.315625,1,144.63648986816406,78.37974548339844,67.96935272216797,11,3,5,1,0.78,171.72413793103448,2.9
q3hEZ-KZ7TE,comedy,0.97109375,0,153.14627075195312,87.18868255615234,63.98720932006836,84,14,0,0,0.0,,15.2
q5O_oq9FicU,comedy,1.0,0,113.4468765258789,84.41419982910156,102.20516967773438,47,8,0,0,0.0,171.74913693901036,86.9
q8B5E32lnYk,comedy,0.3046875,1,181.59619140625,56.24388885498047,47.65570068359375,22,5,9,1,0.7684210526315789,184.13793103448276,1.45
qC5NNRB5c6Q,comedy,0.73359375,1,107.39396667480469,157.40834045410156,80.3072738647461,49,9,0,0,0.0,137.94837855724685,75.55
qPFu7Ecrks0,comedy,0.315625,1,136.96717834472656,130.8791961669922,66.71758270263672,41,9,4,1,0.4810126582278481,139.45945945945945,1.85
qRdFOYaTZC0,comedy,0.82109375,1,84.57986450195312,139.73558044433594,84.23722839355469,67,10,0,0,0.0,178.38293093767547,89.05
qb4kqF4jQFo,comedy,0.315625,1,165.3540496826172,140.4974365234375,51.02881622314453,23,5,4,0,0.6349206349206349,125.14285714285714,1.75
qdaAyCKH940,comedy,0.878125,1,176.0062255859375,57.911102294921875,74.7503433227539,94,19,0,0,0.010526315789473717,,25.0
qnGEOXA3Ae4,comedy,0.1875,1,200.38780212402344,94.28160095214844,56.83058547973633,19,4,3,1,0.5869565217391304,191.53846153846152,1.3
qpNB3UHjcm8,comedy,0.315625,1,163.2676239013672,138.2908477783203,67.3409423828125,28,4,3,1,0.5942028985507246,,2.1
qzVR-qF9GR4,comedy,0.296875,1,152.8594512939453,98.03657531738281,66.77597045898438,18,4,7,1,0.797752808988764,109.6551724137931,1.45
r-mDwAn6Ng8,comedy,0.315625,1,53.35902404785156,102.74040222167969,74.35681915283203,28,6,3,0,0.5254237288135593,,0.9
r4cg-6qy70Q,comedy,0.97109375,0,114.1983642578125,182.6099090576172,65.95368957519531,56,10,0,0,0.0,185.31724137931033,145.0
rIRvGxbiH_M,comedy,0.315625,1,131.2840118408203,69.33451843261719,60.24882507324219,17,4,3,0,0.6304347826086957,176.0,4.5
rSWkWps0oPk,comedy,0.94921875,0,159.83766174316406,85.54869842529297,69.49046325683594,23,4,0,0,0.0,21.774193548387096,31.0
rfRiP0xoLr4,comedy,1.0,0,95.07967376708984,80.79591369628906,69.24971008300781,25,6,3,0,0.5,163.52941176470588,2.55
rj4K6ivQ29E,comedy,0.25859375,1,170.64915466308594,134.78952026367188,69.42562103271484,14,4,7,0,0.8556701030927836,,1.05
s1qfesLZcfU,comedy,0.903125,1,151.5485076904297,176.17318725585938,85.935302734375,46,8,0,0,0.0,131.3,30.0
s2VymO6OgX8,comedy,0.72265625,1,176.70733642578125,187.6820068359375,65.3759536743164,49,12,0,0,0.0,95.95505617977528,26.7
sKEG4L-IaWg,comedy,1.0,0,103.45629119873047,91.15591430664062,49.160648345947266,61,10,0,0,0.0,105.65533980582525,41.2
sLR-1sZqROo,comedy,0.309375,1,156.3116912841797,81.11878204345703,77.50444793701172,46,10,0,0,0.0,,0.9
sil_8puJamc,comedy,0.9140625,1,85.93724822998047,93.34014892578125,100.89424133300781,80,14,0,0,0.0,151.82516243354993,84.65
t1m83tNXiSg,comedy,0.315625,1,101.58345794677734,64.94456481933594,95.70870208740234,19,5,7,0,0.7912087912087912,162.85714285714286,1.4
t2Onaxk2RHM,comedy,0.746875,1,107.7026138305664,153.73269653320312,69.19116973876953,65,12,0,0,0.0,178.46671149966375,74.35
t8HrZTLRCeU,comedy,0.9234375,0,76.18234252929688,57.78465270996094,94.04212188720703,58,10,0,0,0.0,127.75155279503106,120.75
tAjHg3kx_Ww,comedy,0.94140625,0,188.03123474121094,68.44574737548828,73.58898162841797,90,16,0,0,0.0,,64.6
tEU84LMvHak,comedy,0.315625,1,154.56185913085938,60.04503631591797,48.25997543334961,14,3,7,1,0.8409090909090909,140.0,1.65
tKvLUiUseLc,comedy,0.15234375,1,181.19480895996094,51.23867416381836,49.364994049072266,23,6,5,0,0.676056338028169,,2.2
tTINrVQ5MSo,comedy,0.28515625,1,146.5697784423828,111.81260681152344,57.31794738769531,31,5,4,1,0.523076923076923,193.7142857142857,1.75
tqVV3Ch8vrg,comedy,0.965625,0,141.57066345214844,75.97994995117188,71.63213348388672,60,8,0,0,0.0,138.98507462686567,50.25
txfYLVflQk8,comedy,1.0,0,47.81610107421875,51.6060676574707,54.561767578125,73,14,0,0,0.0,,3.0
uDMlwi1iGwg,comedy,0.79375,1,145.9552764892578,91.27274322509766,78.81534576416016,18,4,5,0,0.7428571428571429,143.15457413249212,47.55
uUnucIzDxyQ,comedy,0.85234375,1,147.91180419921875,166.81321716308594,91.17518615722656,67,15,0,0,0.0,160.63817980022196,180.2
uYqWsDhWkkA,comedy,0.8828125,1,117.00462341308594,129.718505859375,92.09613037109375,55,9,0,0,0.0,118.9220515792524,172.55
ubzGP5Ml8Vo,comedy,0.2921875,1,158.6065216064453,85.16558074951172,67.90784454345703,12,2,8,0,0.8775510204081632,101.45454545454545,2.75
vAMAxS7u6Jo,comedy,1.0,0,141.5364227294922,116.43360900878906,82.01639556884766,92,19,0,0,0.0,135.8132530120482,66.4
vHxIrEDeTdo,comedy,0.315625,1,188.59873962402344,72.12732696533203,37.66866683959961,49,10,3,0,0.33783783783783783,,1.1
vXSqw17QqP0,comedy,0.31484375,1,154.7700653076172,98.07186126708984,55.06557083129883,40,8,4,0,0.5,,0.4
v_cI2FIJwIQ,comedy,0.315625,1,171.22076416015625,90.82766723632812,52.46682357788086,20,3,2,0,0.4285714285714286,,1.8
viRrIXenf_Y,comedy,0.309375,1,131.46502685546875,139.4499969482422,73.54676818847656,0,0,1,0,1.0,151.5,2.0
vo45a7qEY2c,comedy,0.27734375,1,155.2003631591797,54.40121841430664,59.779144287109375,22,5,7,1,0.7755102040816326,94.9090909090909,2.75
voeTqKBpiLg,comedy,0.315625,1,135.4929656982422,84.40573120117188,70.7105712890625,40,7,5,0,0.5789473684210527,,3.8
vuEggWiX3zM,comedy,0.265625,1,122.48259735107422,78.66278076171875,76.6906509399414,24,5,3,0,0.4782608695652174,153.46153846153845,2.6
vvGKmHBc_tI,comedy,0.2296875,1,169.76632690429688,100.96358489990234,57.33575439453125,29,6,3,0,0.4528301886792453,,1.9
vwjXo3RiT7A,comedy,0.315625,1,68.02162170410156,89.17825317382812,54.89356994628906,7,2,7,1,0.9270833333333334,,0.35
vzbSxsEofPw,comedy,0.21875,1,93.61486053466797,64.173828125,55.00638198852539,35,7,2,0,0.30000000000000004,,8.9
w-7eXwZvYv0,comedy,0.92421875,0,177.58863830566406,99.52678680419922,93.79804229736328,78,14,0,0,0.0,170.80745341614906,24.15
w-ruaZVvNhQ,comedy,1.0,0,204.9444122314453,160.0284423828125,52.841522216796875,19,5,0,0,0.0,150.71599045346062,41.9
w4NvkjUXJEg,comedy,0.30546875,1,134.0460968017578,104.27031707763672,67.0725326538086,8,2,11,1,0.9157894736842105,,0.5
w6hEkyOqOIQ,comedy,0.31484375,1,122.0516128540039,70.73563385009766,42.08488845825195,29,4,2,0,0.3555555555555555,,0.95
wB8h_ML41MU,comedy,0.4484375,1,84.4847183227539,93.18030548095703,86.01437377929688,48,9,0,0,0.0,138.96825396825398,37.8
wTXcSnWJKtI,comedy,0.8234375,1,82.56745147705078,178.86712646484375,75.8520736694336,98,17,0,0,0.0,123.7809917355372,145.2
wb9bAyxtfos,comedy,0.2109375,1,141.51263427734375,78.19550323486328,53.37826919555664,29,3,3,0,0.42000000000000004,,1.8
wl913zByl2E,comedy,0.9171875,1,184.3258514404297,141.94244384765625,56.38270568847656,84,14,0,0,0.0,,14.05
xOilCSORlHA,comedy,0.7984375,1,134.48406982421875,115.79043579101562,81.44497680664062,82,14,0,0,0.0,,92.15
xTR-SYwThlY,comedy,0.315625,1,201.27230834960938,47.4892463684082,68.46189880371094,16,4,10,1,0.84,,0.2
xTwBmnTi5cc,comedy,0.31171875,1,154.75503540039062,70.05348205566406,81.68645477294922,21,3,7,1,0.7741935483870968,121.07142857142857,2.8
x_m-C5n0S9c,comedy,0.28984375,1,169.91143798828125,63.392333984375,61.07234573364258,31,7,3,1,0.41509433962264153,123.15789473684211,1.9
xj3uSsZWmog,comedy,0.57578125,1,105.32144927978516,142.04885864257812,82.60282897949219,67,14,0,0,0.0,149.7051597051597,81.4
xmD7Ei2VjLY,comedy,0.90546875,1,129.76882934570312,97.68265533447266,76.78388214111328,92,20,0,0,0.0,128.3224967490247,115.35
xn7el6bLjtY,comedy,0.88359375,1,131.3740997314453,170.7353057861328,76.43409729003906,51,9,2,0,0.203125,71.88053097345133,45.2
xnNnlvB2vRA,comedy,0.315625,1,139.92694091796875,63.476375579833984,51.95515441894531,42,6,4,1,0.4473684210526315,,1.0
xr8wW-HNHy0,comedy,0.30625,1,172.83181762695312,77.82272338867188,67.78260803222656,44,6,4,0,0.5164835164835164,157.6,7.5
xxxsPnU131A,comedy,1.0,0,131.49224853515625,102.02700805664062,81.43387603759766,71,11,0,0,0.0,117.62629336579428,82.15
y8Djz2ewkg8,comedy,1.0,0,100.33930206298828,144.9028778076172,84.91109466552734,97,16,0,0,0.0,114.31000654022236,76.45
y9BPA5TXFaA,comedy,0.315625,1,164.7860870361328,115.54865264892578,61.85620880126953,28,5,4,1,0.5483870967741935,132.5,3.6
y9S5_EabcoE,comedy,0.93046875,0,152.4066619873047,174.70672607421875,87.21248626708984,87,14,0,0,0.0,136.91860465116278,17.2
yB-RQhecMAc,comedy,0.30625,1,122.74810028076172,98.11885070800781,53.37877655029297,21,4,3,1,0.5531914893617021,,3.0
yL8yYQ4vl5s,comedy,0.24375,1,193.39256286621094,73.59151458740234,50.176612854003906,19,5,6,0,0.7840909090909091,129.0,3.0
yM_Kx5kB3ps,comedy,0.27578125,1,171.84632873535156,78.2281723022461,74.98992156982422,56,9,3,0,0.3846153846153846,53.82352941176471,6.8
yPeZ_aJvtiI,comedy,0.315625,1,152.92910766601562,89.9173355102539,62.127872467041016,16,4,7,1,0.8279569892473118,135.55555555555554,1.35
ysz7T_UryV0,comedy,0.1734375,1,141.77540588378906,81.44158935546875,74.50628662109375,19,3,3,1,0.5365853658536586,138.18181818181816,1.65
z5FBBXR7SvQ,comedy,0.9390625,0,101.16766357421875,86.83662414550781,102.97979736328125,47,8,0,0,0.0,167.22877358490567,84.8
zCtiRJyZHp8,comedy,0.946875,0,114.56556701660156,155.36447143554688,88.2155990600586,54,10,0,0,0.0,171.20982986767484,370.3
zJMWoWuHPV4,comedy,1.0,0,109.21942901611328,105.99881744384766,63.7165412902832,82,17,0,0,0.0,30.442477876106196,50.85
zYTVLEcBjnQ,comedy,0.74609375,1,125.05819702148438,104.64691925048828,77.09086608886719,49,11,0,0,0.0,128.69426751592357,31.4
zmhTPxwkjX8,comedy,0.315625,1,194.70033264160156,108.88922119140625,50.3562126159668,12,3,6,1,0.84,203.6842105263158,1.9
zsyGZAtghdQ,comedy,0.7671875,1,102.76592254638672,77.33189392089844,99.4476318359375,51,10,0,0,0.0,117.58208955223881,33.5
zxYuHXB0tt8,comedy,0.3015625,1,74.0250015258789,192.21456909179688,77.83898162841797,26,5,3,1,0.5873015873015873,118.04878048780489,6.15
-AslLWhuWsQ,howto,0.309375,1,110.14600372314453,82.34750366210938,58.59638214111328,48,8,1,1,0.1428571428571429,202.66666666666666,2.25
-TyihOEvJ8E,howto,0.31796875,1,204.22854614257812,45.00416946411133,66.36891174316406,44,8,0,0,0.0,174.47852760736197,57.05
-WS7ptWFB_k,howto,0.9359375,0,222.48193359375,58.72225570678711,32.97572708129883,83,12,0,0,0.0,151.38548539114043,53.05
-fHPHxm6GlA,howto,0.9979166666666667,0,110.99546813964844,66.78285217285156,91.00606536865234,60,10,0,0,0.0,169.75609756097563,6.15
-fdPfUh7wuE,howto,0.83671875,1,204.94961547851562,57.680355072021484,72.53812408447266,54,11,0,0,0.0,145.69029850746267,53.6
-pKzXYfA5Xs,howto,0.29375,1,138.6726837158203,52.14564514160156,68.3783187866211,31,8,0,0,0.0,132.72727272727272,1.65
-xbK1_HILi0,howto,0.271875,1,169.19300842285156,38.87356948852539,70.86117553710938,83,15,0,0,0.0,,1.15
00nnuddI4Ow,howto,0.17421875,1,162.89202880859375,72.55645751953125,66.96955108642578,91,15,0,0,0.0,252.0,0.75
04DarPVWkpI,howto,0.98203125,0,199.2093048095703,53.31418228149414,31.756738662719727,55,10,0,0,0.017857142857142905,137.17241379310346,29.0
04vt8YfT7XM,howto,0.95546875,0,203.01541137695312,82.3251724243164,31.301616668701172,49,8,0,0,0.0,154.2654028436019,21.1
0AvwUwA8r-M,howto,0.315625,1,169.54721069335938,101.40357208251953,68.27845764160156,39,8,5,0,0.524390243902439,,1.2
0FMpXg5t9II,howto,0.315625,1,175.287353515625,80.65184020996094,56.21875,27,6,0,0,0.0,233.6842105263158,0.95
0XI_6ZQX_DE,howto,0.303125,1,152.1596221923828,44.06918716430664,65.13327026367188,51,10,0,0,0.0,,0.55
0dB7JjpBMtI,howto,0.72109375,1,145.36767578125,42.93265151977539,46.714942932128906,67,12,0,0,0.0,200.99041533546327,31.3
0gGQgkMYYpk,howto,0.97890625,0,182.5618133544922,57.44576644897461,81.56611633300781,33,5,0,0,0.0,179.3170731707317,30.75
0ki_KKWfhz8,howto,0.2078125,1,169.8392791748047,129.8014678955078,67.30461883544922,18,4,1,1,0.3076923076923077,,0.75
0vXHNlyx_YA,howto,0.93671875,0,215.82093811035156,56.883296966552734,59.044742584228516,67,12,0,0,0.0,162.1009866511898,86.15
1G_6IaCC-yo,howto,0.31484375,1,205.37486267089844,73.47248077392578,42.890960693359375,24,4,10,1,0.7551020408163265,,0.75
1Ht986DK9Mk,howto,1.0,0,110.93811798095703,24.96271324157715,74.01487731933594,32,6,4,0,0.5555555555555556,,0.8
1JaZbTfgCpM,howto,1.0,0,96.53604125976562,14.41512393951416,61.00511932373047,0,0,11,0,1.0,173.6842105263158,0.95
1V7nJJz9EyA,howto,0.315625,1,180.39175415039062,59.5746955871582,48.85210037231445,98,14,0,0,0.0,,1.15
1c_gHonRtYI,howto,0.725,1,175.33111572265625,37.34840774536133,57.038475036621094,41,7,0,0,0.0,204.0,6.5
1zNfh_g8jXM,howto,0.5,1,53.46208953857422,53.072052001953125,59.83345031738281,48,8,0,0,0.0,179.0,3.0
29IKvPetR34,howto,0.9640625,0,174.00802612304688,114.59107971191406,60.917724609375,53,6,0,0,0.0,202.2829055161114,91.55
2EgVjMvKsao,howto,0.2640625,1,163.62667846679688,180.65074157714844,51.432472229003906,46,8,0,0,0.0,,1.2
2Nvm9p_kPoo,howto,0.3078125,1,160.7862548828125,108.09062194824219,43.012725830078125,35,8,3,1,0.4444444444444444,,1.65
2vAp_a7WyBg,howto,0.315625,1,166.9658203125,64.51950073242188,65.2723159790039,54,9,4,0,0.4193548387096774,218.6440677966102,2.95
2xCcSfw4rHQ,howto,0.98046875,0,142.7978515625,41.160499572753906,64.91242980957031,66,13,0,0,0.0,161.8181818181818,14.85
3U0JTCLOSBA,howto,0.96015625,0,217.20135498046875,80.09784698486328,57.58251953125,59,8,0,0,0.0,171.00817438692098,18.35
3dbmsdprJoA,howto,0.81953125,1,215.9907684326172,82.25691223144531,46.42075729370117,100,20,0,0,0.0,142.1868787276342,75.45
3pIW8QYCV0I,howto,0.4140625,1,189.5005645751953,69.35816192626953,103.73821258544922,41,7,0,0,0.0,189.6774193548387,1.55
3wa5MAS8sj8,howto,0.87734375,1,150.3225555419922,73.09310150146484,58.57392120361328,48,10,1,1,0.1428571428571429,218.1818181818182,2.75
3zCdiGz2oTY,howto,0.315625,1,130.29322814941406,88.76129150390625,66.96286010742188,60,9,0,0,0.0,207.09677419354836,1.55
4-K8xwb_yD8,howto,0.23984375,1,173.2541961669922,56.615745544433594,57.772953033447266,64,9,3,1,0.34693877551020413,,0.7
4G1yjPG8WdU,howto,0.31484375,1,153.74497985839844,92.22830200195312,51.92062759399414,22,4,3,0,0.5686274509803921,,1.25
4H5J8la6rNk,howto,1.0,0,103.21115112304688,82.067138671875,85.38558197021484,62,9,0,0,0.0,150.34883720930233,17.2
4XTCQsSLBFw,howto,0.90859375,1,164.93124389648438,67.5987319946289,55.53588104248047,78,15,0,0,0.0,173.3093525179856,13.9
4gm5k8tjWUc,howto,0.3,1,81.71516418457031,117.61163330078125,65.92207336425781,56,12,0,0,0.0,251.42857142857144,2.1
5Qz520tzebw,howto,0.315625,1,156.37640380859375,65.14744567871094,69.39632415771484,42,6,2,1,0.26315789473684215,,0.55
5amBt3huPlc,howto,0.2171875,1,213.3936004638672,72.6462173461914,36.57799530029297,57,10,3,1,0.2962962962962963,,1.15
5wJPtYDWEeU,howto,0.30625,1,182.04489135742188,49.334102630615234,65.92620086669922,40,7,0,0,0.0,,1.95
6Qu7sNgMnRs,howto,0.3203125,1,165.2690887451172,78.947509765625,33.943885803222656,55,8,0,0,0.0,,1.35
6YMNd2S7Dyo,howto,0.87421875,1,169.85232543945312,174.76806640625,39.82633972167969,57,7,0,0,0.0,176.8867924528302,21.2
6plPaUuYcdc,howto,0.3046875,1,157.7837371826172,52.68230438232422,68.78947448730469,35,6,0,0,0.0,,0.75
6zvqhRKDEgo,howto,1.0,0,199.24844360351562,136.5763397216797,63.49824905395508,48,7,0,0,0.0,,2.5
7Op3gCArRFQ,howto,0.18671875,1,163.49337768554688,90.05069732666016,64.07879638671875,0,0,10,0,1.0,,0.85
7WdfJYPFJdo,howto,1.0,0,168.26181030273438,33.54399490356445,52.5230598449707,61,9,0,0,0.0,,120.75
7YjO5jr34nY,howto,0.3171875,1,174.53724670410156,88.56986999511719,39.40005874633789,19,3,1,1,0.2962962962962963,,0.55
7Zv0AV0Vsu0,howto,0.315625,1,143.16246032714844,59.1946907043457,64.18775939941406,56,10,0,0,0.0,131.18644067796612,2.95
7nO8iV1e2vg,howto,1.0,0,90.13619995117188,74.23663330078125,110.73243713378906,60,11,1,1,0.11764705882352944,198.75,0.8
7sb9fl6UVlg,howto,0.43046875,1,209.74427795410156,67.56433868408203,89.15752410888672,48,8,0,0,0.0,194.1818181818182,2.75
81mbU1fM8pQ,howto,0.99375,0,158.67356872558594,53.82176971435547,79.0952377319336,56,9,1,0,0.08196721311475408,229.3913043478261,69.0
893Qn4TR9i4,howto,0.315625,1,174.18157958984375,19.432165145874023,47.679908752441406,35,6,3,0,0.41666666666666663,,1.3
89LCuhngfos,howto,0.315625,1,143.82322692871094,51.52324295043945,67.56529998779297,31,7,0,0,0.0,259.125,8.0
8AbGc1cF76U,howto,0.315625,1,168.70619201660156,48.8326301574707,44.64503479003906,31,5,1,0,0.26190476190476186,170.5263157894737,0.95
8CEPGfzxefY,howto,0.99453125,0,116.31610870361328,58.36931228637695,70.78370666503906,73,11,0,0,0.0,120.21377672209026,42.1
8IJN-SLY_UY,howto,0.3140625,1,142.07437133789062,60.60635757446289,68.79977416992188,59,10,0,0,0.0,,0.75
8L0qsZE5gys,howto,0.6765625,1,230.81118774414062,182.96676635742188,48.41826629638672,29,5,1,1,0.21621621621621623,,0.5
8PLjXDvTta8,howto,0.828125,1,131.35824584960938,78.0244140625,60.61252212524414,52,11,0,0,0.0,152.1731448763251,56.6
8Q_5T7-hKhY,howto,0.23515625,1,188.50340270996094,8.756967544555664,33.110595703125,45,8,6,0,0.5360824742268041,,1.25
8fH4ZSEcizg,howto,0.24375,1,205.79530334472656,24.265491485595703,45.06488037109375,38,8,1,1,0.17391304347826086,,0.7
8wj_gkYdCp8,howto,0.1546875,1,127.09757232666016,52.276790618896484,51.94511795043945,43,6,2,0,0.3484848484848485,,1.0
95iKaeKxt7c,howto,0.315625,1,116.63700866699219,135.82131958007812,53.956302642822266,79,13,0,0,0.0,,2.9
9MlBl-Qj9bE,howto,0.31484375,1,206.3477325439453,53.95671463012695,55.692626953125,54,8,5,0,0.4,,2.5
9NPRuPqLhsk,howto,0.315625,1,160.18899536132812,35.365867614746094,87.46260833740234,19,3,0,0,0.0,,2.9
9S9HT1AqaJQ,howto,0.30390625,1,141.27285766601562,58.26320266723633,62.49976348876953,25,6,4,1,0.5901639344262295,,0.35
9WQLeZc2GO8,howto,0.6859375,1,174.76150512695312,110.57035827636719,61.65769577026367,66,12,0,0,0.0,198.01029159519726,58.3
9c-w3487-lw,howto,0.315625,1,142.70672607421875,93.16947174072266,67.46041870117188,29,3,1,0,0.1470588235294118,67.5,2.8
9lIS1m6BbNQ,howto,0.41171875,1,197.61033630371094,56.632606506347656,89.42002868652344,33,6,0,0,0.0,248.1818181818182,1.1
9p7jRIn8VbI,howto,0.315625,1,141.28079223632812,65.21027374267578,81.16616821289062,18,5,0,0,0.0,75.31914893617021,4.7
9vviSJdToUg,howto,0.25625,1,171.60665893554688,65.38544464111328,65.94731903076172,62,11,2,0,0.22499999999999998,,0.55
A4GvfCyEqv0,howto,0.315625,1,170.10711669921875,89.98938751220703,52.35991668701172,34,6,3,1,0.5405405405405406,247.5,2.4
AAY5J5bwRDU,howto,1.0,0,87.66390228271484,19.31407928466797,66.82051849365234,38,6,0,0,0.0,136.13207547169813,21.2
AL_fHb7vRoo,howto,1.0,0,179.19639587402344,97.65309143066406,59.48230743408203,63,13,0,0,0.0,159.02912621359224,66.95
AOpi-p0cJkc,howto,0.98125,0,112.36275482177734,71.93946075439453,49.5728645324707,30,4,0,0,0.0,190.07299270072994,6.85
AX84Qc0dwo4,howto,0.89765625,1,191.9374542236328,108.2071533203125,69.95381927490234,60,10,0,0,0.0,163.3357825128582,68.05
Adnhq2KLDwA,howto,0.2125,1,162.2209014892578,62.939056396484375,55.73959732055664,53,11,2,0,0.36904761904761907,,0.7
B-nvQZZrKMQ,howto,0.1671875,1,203.7918243408203,98.41585540771484,42.75575637817383,34,5,5,1,0.5584415584415585,224.68085106382978,2.35
B4Nb-kwYM3c,howto,0.2796875,1,173.9277801513672,63.54944610595703,62.7216911315918,66,10,4,0,0.33999999999999997,,0.5
B8Sa1vU7W4s,howto,0.315625,1,229.0926971435547,60.760215759277344,37.8364372253418,35,5,0,0,0.0,164.72727272727275,2.75
BTI4wm5wRGg,howto,0.4046875,1,216.42782592773438,9.0863037109375,57.331172943115234,49,7,0,0,0.0,136.76143386897405,40.45
BUCAFaU7TPs,howto,0.315625,1,188.4254150390625,81.20499420166016,60.67418670654297,32,6,6,0,0.6734693877551021,,1.3
BUQGJYO0VOE,howto,0.315625,1,134.12478637695312,110.12692260742188,69.45142364501953,41,7,6,0,0.5816326530612245,,0.4
BxPY47Pz6u8,howto,0.315625,1,189.9136199951172,59.75248336791992,43.606178283691406,16,2,7,1,0.8024691358024691,,0.5
CYBTm7Z3l-E,howto,0.95625,0,169.96701049804688,59.08291244506836,35.2751579284668,62,12,0,0,0.0,,60.0
Ca-0Yd6uAKc,howto,0.9953125,0,119.47824096679688,94.30799865722656,70.74718475341797,90,13,0,0,0.01098901098901095,169.61165048543688,61.8
DKbe-098ZOw,howto,0.23984375,1,158.4793701171875,49.78955841064453,57.06262969970703,75,10,2,1,0.21052631578947367,,2.55
DTpYEODeE8E,howto,0.8171875,1,180.86387634277344,60.881568908691406,36.578773498535156,50,10,1,1,0.13793103448275867,,0.85
Dgha6qBtAwQ,howto,0.75703125,1,119.8328857421875,132.6602020263672,84.02808380126953,71,10,0,0,0.0,208.01352493660187,177.45
DqftfjFq7t0,howto,0.31484375,1,158.7069549560547,34.294734954833984,50.340118408203125,32,7,3,0,0.4482758620689655,228.0,1.0
E9v8HFMGMzQ,howto,0.81484375,1,167.88565063476562,71.45252990722656,41.98426818847656,84,12,0,0,0.0117647058823529,150.13953488372093,43.0
EH-0DzxxCzw,howto,0.3171875,1,145.62774658203125,95.14067840576172,34.133567810058594,38,5,1,1,0.17391304347826086,170.0,1.5
EV0rBxu4UKk,howto,0.85625,1,143.4828338623047,157.50929260253906,76.4625015258789,34,7,0,0,0.0,205.0909090909091,5.5
EW2RUAhkSJ0,howto,1.0,0,123.9676513671875,36.62091827392578,79.8943099975586,71,12,0,0,0.0,167.02173913043478,46.0
EZngDWBk0xE,howto,0.81875,1,207.03231811523438,166.36172485351562,41.845924377441406,50,6,0,0,0.0,164.59214501510573,16.55
EqLEWV63Zng,howto,0.275,1,204.31094360351562,12.497005462646484,25.967933654785156,45,8,6,0,0.5360824742268041,,1.25
F401lhmfh6Q,howto,0.546875,1,127.45087432861328,118.11314392089844,88.04714965820312,89,17,1,1,0.08247422680412375,,1.95
F_e2VcpPmdc,howto,0.25078125,1,231.39736938476562,87.7815170288086,25.12697410583496,37,6,1,1,0.1777777777777778,,1.0
FacdsR8bCCc,howto,0.91875,1,186.49462890625,92.78214263916016,54.70266342163086,50,10,0,0,0.0,221.77570093457942,10.7
Fdbx1uLjKZU,howto,0.3171875,1,139.8222198486328,75.96810150146484,38.17750930786133,50,10,0,0,0.0,240.0,1.5
FsAFT0UQsMo,howto,0.26666666666666666,1,189.73788452148438,72.90642547607422,52.68315505981445,79,15,0,0,0.0,,2.35
FvtkgKdcu6I,howto,0.315625,1,185.0847930908203,46.232582092285156,37.68962478637695,10,1,7,1,0.8666666666666667,,0.45
G8aU-8S0WpA,howto,0.246875,1,202.061279296875,26.02043342590332,83.10167694091797,28,5,0,0,0.0,,0.75
GExOET54h1Y,howto,0.421875,1,189.61996459960938,47.753753662109375,101.24030303955078,44,8,0,0,0.0,249.375,1.6
GMilyQoedjc,howto,0.159375,1,230.8950653076172,69.04608917236328,26.452268600463867,0,0,7,0,1.0,,0.35
GOv85SJbTU0,howto,0.9828125,0,188.73854064941406,112.66486358642578,35.63829040527344,68,13,0,0,0.0,102.50639386189259,39.1
GQTUYAhJzY8,howto,0.26875,1,142.7480926513672,52.61404800415039,66.69596862792969,22,3,1,0,0.2666666666666667,,0.7
GSjm29FESiQ,howto,0.3171875,1,131.12400817871094,77.37885284423828,60.92715835571289,79,12,0,0,0.0,224.21052631578948,0.95
GrrfjAV3rDA,howto,0.92421875,0,145.60943603515625,108.03199768066406,62.24046325683594,55,8,0,0,0.0,158.4041630529055,115.3
H2V_YP03oC8,howto,0.88359375,1,225.31253051757812,61.8110237121582,14.945108413696289,43,8,0,0,0.0,193.55648535564853,11.95
HXdqBcwyiYo,howto,0.46328125,1,205.72958374023438,156.0467987060547,74.42840576171875,20,5,0,0,0.0,232.0,0.75
HvI2Pgc2EBE,howto,0.315625,1,170.6724395751953,45.770572662353516,56.2851448059082,44,6,2,1,0.3125,,1.1
IAtDdOhvovQ,howto,0.3140625,1,163.92628479003906,99.60992431640625,48.031002044677734,32,5,3,0,0.4920634920634921,177.0,9.0
IP_wfMeCIIY,howto,0.57890625,1,130.891357421875,67.83679962158203,94.32749938964844,32,6,0,0,0.0,187.56980351602894,193.4
Ifdag7m2CoE,howto,0.984375,0,150.68899536132812,100.98194885253906,86.49700164794922,46,7,0,0,0.0,235.71428571428572,1.4
J-QHYBj07fU,howto,0.578125,1,55.20296859741211,39.43803024291992,58.977569580078125,40,6,0,0,0.0,145.0909090909091,2.75
J3b9UnDK1fQ,howto,0.665625,1,200.12770080566406,41.92813491821289,43.459659576416016,53,7,0,0,0.0,181.84615384615384,16.25
J4-GRH2nDvw,howto,0.8,1,166.4901123046875,89.21078491210938,86.85932922363281,30,3,0,0,0.0,91.09826589595376,25.95
J4wqsXG9wRw,howto,0.275,1,118.97579956054688,155.20761108398438,68.44274139404297,69,12,2,0,0.25806451612903225,144.48979591836735,2.45
JnPoIzwK4JI,howto,0.3046875,1,145.66131591796875,130.41038513183594,74.31818389892578,28,5,3,0,0.5757575757575757,,0.85
JrrSBVWFMmk,howto,0.684375,1,44.60200119018555,37.755401611328125,81.26559448242188,60,9,0,0,0.0,142.32558139534885,2.15
K0X17fTJ6dU,howto,1.0,0,120.88323211669922,39.7813835144043,78.11649322509766,35,6,0,0,0.0,87.01421800947867,84.4
KChUsEJPHqk,howto,0.996875,0,195.48501586914062,63.78628921508789,49.983116149902344,67,13,0,0,0.0,166.65148063781322,65.85
KDvvKWi0ijs,howto,0.640625,1,115.00642395019531,94.93858337402344,69.49178314208984,41,6,0,0,0.0,172.44755244755245,14.3
KKu_h2Gg6x0,howto,0.27109375,1,189.38624572753906,137.39097595214844,52.26658630371094,29,5,3,0,0.5166666666666666,,1.8
KMK5IiyVDis,howto,0.315625,1,132.92559814453125,126.01187896728516,64.95360565185547,52,8,1,1,0.1333333333333333,144.0,1.5
KOmiITD-gCk,howto,1.0,0,100.0788345336914,130.81021118164062,70.22566986083984,81,12,0,0,0.0,152.09302325581396,6.45
KTLfVHinI2g,howto,0.2015625,1,52.27458572387695,37.63982391357422,56.62128448486328,21,4,5,0,0.6612903225806452,227.14285714285714,0.7
KXbiy4afrog,howto,0.90703125,1,200.23190307617188,63.75614929199219,40.546363830566406,63,11,0,0,0.0,197.77150916784203,35.45
KeK6XUDz5rc,howto,0.31484375,1,204.83949279785156,114.70584106445312,35.71480941772461,50,10,0,0,0.0,,1.05
LGiJe7IAixc,howto,0.315625,1,131.32301330566406,62.83482360839844,66.88438415527344,40,7,5,0,0.595959595959596,246.9230769230769,3.9
LK5dhpDPjy8,howto,0.421875,1,144.46414184570312,80.38341522216797,47.61537551879883,52,9,1,1,0.1333333333333333,188.57142857142856,1.4
LSfZkx2G_6o,howto,0.3171875,1,133.41427612304688,89.71703338623047,60.37166976928711,47,9,5,0,0.5052631578947369,204.9056603773585,2.65
LXjSduaOXEk,howto,0.88125,1,190.083251953125,4.8282270431518555,76.58924865722656,58,9,0,0,0.0,155.25896414342628,25.1
LqPiUGSMnns,howto,0.27265625,1,148.15179443359375,116.51616668701172,73.42144012451172,54,7,4,1,0.4065934065934066,222.5,1.2
MFDo-dtr9mk,howto,0.76796875,1,131.72152709960938,79.05448913574219,72.70738220214844,73,11,0,0,0.0,110.74809160305344,32.75
MKPJLPy6N4o,howto,0.87734375,1,149.1792755126953,76.87088012695312,67.16967010498047,86,13,0,0,0.0,132.11726384364823,30.7
MLMCgtufyFE,howto,0.5828125,1,215.26622009277344,52.62177276611328,41.17469024658203,48,9,0,0,0.0,142.17391304347825,29.9
MWa-WNG3KAM,howto,0.3015625,1,147.7032012939453,53.29879379272461,62.22873306274414,38,9,0,0,0.0,190.3448275862069,1.45
MYDydK9r0Wk,howto,0.2890625,1,142.85519409179688,30.646377563476562,48.60981369018555,23,4,7,0,0.7553191489361702,189.79591836734693,2.45
MyDpp-fY0yo,howto,0.28359375,1,161.3450469970703,78.614013671875,61.24753189086914,43,9,0,0,0.0,185.28301886792454,7.95
MywbYrTPz6E,howto,0.23984375,1,171.8858184814453,84.54855346679688,53.86152648925781,37,4,0,0,0.0,214.6153846153846,1.3
N032aA98gq8,howto,0.275,1,182.53514099121094,127.27891540527344,60.198299407958984,48,7,2,0,0.2615384615384615,105.51724137931035,1.45
N_62ngX3FhI,howto,0.65625,1,236.1822967529297,76.4857177734375,30.08698272705078,100,15,0,0,0.0,135.53133514986374,55.05
Nf0mdo6lHv8,howto,0.8,1,239.45687866210938,15.149316787719727,23.31270980834961,82,14,0,0,0.0,69.62962962962962,4.05
NhrOS2gXNlU,howto,0.859375,1,121.13301086425781,77.3437728881836,65.97467041015625,32,4,0,0,0.0,150.44143613890523,84.95
Nj0FVxyhUhA,howto,1.0,0,171.584228515625,143.27627563476562,59.37872314453125,34,5,0,0,0.0,168.9090909090909,49.5
Nln6qcFEKuw,howto,1.0,0,100.14836883544922,24.612009048461914,68.8597412109375,61,8,0,0,0.0,273.33333333333337,0.9
NngDbZqdJHY,howto,0.2171875,1,129.6177215576172,31.99554443359375,56.23719787597656,33,7,3,0,0.47619047619047616,168.0,3.0
O8Tc_eRbuu8,howto,0.91015625,1,119.29051208496094,91.40283966064453,64.76087951660156,69,12,0,0,0.0,211.875,19.2
OD3l-dYMxkA,howto,0.41875,1,135.03628540039062,90.35857391357422,49.1162109375,35,8,3,0,0.46153846153846156,249.23076923076923,0.65
Oa_IAvV86Cg,howto,0.228125,1,146.72508239746094,32.48151779174805,59.713722229003906,71,11,0,0,0.0,213.33333333333331,1.35
OjRVfS8irB4,howto,0.3171875,1,141.76168823242188,32.839115142822266,62.56787872314453,50,10,0,0,0.0,225.78947368421055,1.9
Oq3KsRXB0IE,howto,0.20625,1,88.23907470703125,86.29376220703125,58.21302032470703,53,6,6,0,0.47,,1.1
OqoMQ57hJeU,howto,0.42083333333333334,1,143.71278381347656,55.32343292236328,67.75226593017578,19,3,1,1,0.3214285714285714,197.14285714285714,2.8
Ov1oFfDA-9Q,howto,0.1671875,1,172.48146057128906,157.23281860351562,69.60088348388672,34,6,1,0,0.2272727272727273,,1.0
Oz2oG9F5EQ4,howto,0.26875,1,172.13368225097656,59.456809997558594,50.8350830078125,38,7,3,0,0.3870967741935484,187.2,1.25
P-xZoDj3Evo,howto,0.20859375,1,178.81521606445312,46.688419342041016,48.59102249145508,0,0,8,0,1.0,228.0,0.75
PGPQNsIYUZk,howto,0.315625,1,191.5244903564453,62.19243621826172,53.19799041748047,16,2,8,1,0.8260869565217391,,0.5
PP3GCMLIDhE,howto,0.31484375,1,138.85330200195312,79.21967315673828,50.73639678955078,15,4,2,0,0.5454545454545454,,1.45
PiksvI3epxc,howto,0.26015625,1,154.31094360351562,72.61949157714844,73.97161865234375,40,6,2,0,0.2727272727272727,246.0,2.0
PnkVLApVejc,howto,0.959375,0,125.88946533203125,61.58180618286133,87.33238983154297,94,16,0,0,0.0,187.64331210191082,31.4
Q9kbxClEzAE,howto,0.315625,1,188.41285705566406,52.28895950317383,43.266902923583984,36,6,4,0,0.5714285714285714,,1.5
QGm6v9-1ZBU,howto,0.725,1,88.2649154663086,109.84971618652344,97.84778594970703,58,9,0,0,0.0,149.63855421686748,20.75
QXO1fG4QnMY,howto,0.27421875,1,162.4479217529297,133.2219696044922,36.1702995300293,32,5,3,1,0.4666666666666667,,0.9
Qu_en98RaJk,howto,0.909375,1,153.45008850097656,104.547119140625,90.78829956054688,47,7,0,0,0.0,235.3846153846154,1.3
R6TGEnhcxw4,howto,0.8203125,1,171.9593505859375,130.59585571289062,76.98237609863281,57,11,1,1,0.12307692307692308,163.44827586206895,1.45
REwwqm_g1kk,howto,0.2671875,1,177.5317840576172,61.70166015625,93.6500015258789,30,5,2,0,0.4,,2.95
RQG3L-Mu8tc,howto,1.0,0,169.85426330566406,31.916475296020508,101.21180725097656,49,7,0,0,0.0,110.09708737864078,46.35
Rk6nQCZfARo,howto,0.9,1,213.69577026367188,49.649654388427734,60.81731033325195,52,8,0,0,0.0,126.70588235294117,17.0
Rp58sR3WbW4,howto,0.3171875,1,181.9932098388672,51.93264389038086,45.099143981933594,41,5,0,0,0.0,165.45454545454544,1.65
RuxU7g7hx7I,howto,0.35625,1,190.5454864501953,93.00688171386719,70.50060272216797,52,9,1,1,0.1333333333333333,,2.2
S-nHYzK-BVg,howto,0.984375,0,201.23464965820312,78.46353912353516,74.20423889160156,34,5,0,0,0.0,210.94850948509486,55.35
S4riD5a_vKg,howto,1.0,0,127.02741241455078,70.5197525024414,98.6011734008789,78,14,0,0,0.0,171.1731843575419,26.85
SSOn0XsmQRc,howto,0.97109375,0,184.62315368652344,63.38370132446289,58.705810546875,43,8,0,0,0.0,145.1182197496523,71.9
SXw24eZTjVI,howto,0.65859375,1,173.45913696289062,86.99491882324219,50.56562042236328,66,9,0,0,0.0,149.2258064516129,15.5
SboKtsBY1G0,howto,0.90546875,1,170.23509216308594,50.45755386352539,74.49977111816406,71,13,0,0,0.0,213.84615384615384,3.9
SiefJJv-Qho,howto,0.925,0,199.39752197265625,52.04829788208008,72.07298278808594,65,12,0,0,0.0,166.81724845995893,24.35
SjnlkK3tSig,howto,0.92890625,0,202.72079467773438,57.396514892578125,83.62310791015625,41,7,0,0,0.0,142.32110091743118,109.0
TIz1hG_NT_w,howto,0.315625,1,163.8321533203125,55.001190185546875,68.98184967041016,14,2,3,0,0.6,250.43478260869563,1.15
TJ02eD8Kcks,howto,0.76875,1,209.34017944335938,43.257694244384766,41.781002044677734,99,17,0,0,0.0,161.04787033546927,132.65
TPKqIScLKmk,howto,0.9078125,1,213.72781372070312,29.43296241760254,29.121122360229492,34,4,0,0,0.0,181.68067226890756,17.85
T_EHSvcWblQ,howto,0.98046875,0,195.5369873046875,95.07624053955078,52.8767204284668,100,17,0,0,0.0,124.69314079422384,41.55
UDBA6DVuSFc,howto,0.89921875,1,183.20164489746094,79.44185638427734,64.29436492919922,42,9,0,0,0.0,74.86238532110092,5.45
Ufuyn5qA6GU,howto,0.23515625,1,165.23716735839844,54.579105377197266,50.855560302734375,32,4,3,1,0.4920634920634921,,0.5
V3UJZqXTN_U,howto,0.67734375,1,200.54029846191406,72.64486694335938,51.26393127441406,72,10,0,0,0.0,164.65714285714287,35.0
V6u-SMh4y0w,howto,0.8640625,1,150.3510284423828,74.93064880371094,64.7189712524414,40,5,0,0,0.0,152.83221476510067,111.75
VKG_M__Ysb0,howto,0.98359375,0,123.90913391113281,41.864990234375,65.31672668457031,99,14,0,0,0.0,139.5592105263158,152.0
VPTWv8YKpTw,howto,0.27109375,1,128.8128662109375,81.48139953613281,67.59093475341797,38,8,0,0,0.0,,0.9
VRR1ts95Cuw,howto,0.3,1,190.9171905517578,103.75028991699219,53.02010726928711,30,6,5,0,0.6153846153846154,,0.7
VUnkenMZDcQ,howto,0.9375,0,183.75802612304688,131.31248474121094,71.02732849121094,71,14,0,0,0.01388888888888884,115.41322314049587,24.2
WQKRQ37eqD8,howto,0.315625,1,178.8503875732422,124.55699920654297,65.7772216796875,37,6,1,1,0.1777777777777778,,0.5
WTnX4G0waFc,howto,0.315625,1,199.26080322265625,103.18009948730469,21.688461303710938,47,7,0,0,0.0,79.3220338983051,2.95
WU5lH5o3JLI,howto,1.0,0,93.09774017333984,20.642959594726562,59.26143264770508,0,0,8,0,1.0,,0.75
WZpCNEo9zQU,howto,1.0,0,104.71949005126953,12.036693572998047,65.03388977050781,21,5,4,1,0.5961538461538461,,1.2
WbE5hXt27uU,howto,1.0,0,143.3389129638672,52.515254974365234,96.3919677734375,46,8,0,0,0.0,125.07692307692308,6.5
Ws1GY-mTYk4,howto,0.29140625,1,191.98048400878906,70.09725189208984,55.28209686279297,85,19,1,1,0.0957446808510638,163.07692307692307,1.95
WwyMMLxmjeA,howto,0.4375,1,112.11003875732422,50.75157928466797,71.97605895996094,82,15,1,1,0.0888888888888889,166.31578947368422,2.85
WxrKIPbeQP8,howto,0.2359375,1,104.15699005126953,102.01190948486328,81.48249053955078,89,14,0,0,0.0,240.0,0.75
X9r07yc6KRI,howto,0.2296875,1,192.7406463623047,59.99104690551758,60.55805969238281,16,3,7,1,0.8048780487804879,81.53846153846153,1.95
XFdYDpTVSVk,howto,0.315625,1,156.56076049804688,64.54351043701172,57.64175796508789,38,6,3,0,0.4328358208955224,208.0,3.0
XYTqEXI0N4Y,howto,0.28984375,1,140.67633056640625,103.61187744140625,65.06687927246094,25,4,3,0,0.5967741935483871,,1.1
XtlXPwvaWjs,howto,0.3078125,1,151.80113220214844,79.13819885253906,67.61089324951172,39,9,1,0,0.2777777777777778,216.58536585365854,2.05
Y2-25TTbxPQ,howto,1.0,0,129.15469360351562,78.90328979492188,68.29351806640625,48,9,0,0,0.0,72.77708592777086,40.15
Y51_dwCIKL0,howto,0.315625,1,149.89552307128906,106.11288452148438,78.44369506835938,54,10,5,1,0.42553191489361697,,0.95
YlMBfnzR1eY,howto,0.31484375,1,86.87081909179688,115.865478515625,42.44667434692383,28,4,7,1,0.6818181818181819,,0.7
Yru_dp0-_4M,howto,0.8171875,1,207.3758087158203,54.67185974121094,47.63381576538086,100,19,0,0,0.0,149.51417004048585,24.7
ZqcQF7_82n0,howto,0.315625,1,161.58746337890625,74.85700988769531,55.34384536743164,38,5,2,1,0.3214285714285714,,0.75
ZzULnmuWlS4,howto,0.19140625,1,200.38832092285156,73.7286148071289,46.366153717041016,25,7,5,1,0.6621621621621622,,0.45
ZzYg5O-Hv5o,howto,0.49375,1,126.1009521484375,92.62332916259766,60.74253845214844,78,13,0,0,0.0,160.37037037037038,24.3
_MMsqHsWYGE,howto,0.29453125,1,138.71878051757812,77.83641052246094,69.58341979980469,26,5,0,0,0.0,189.82456140350877,8.55
_N0fp4MnrQg,howto,0.315625,1,168.28152465820312,127.51006317138672,71.29578399658203,72,11,2,0,0.20879120879120883,,0.6
_S4E8g52U0w,howto,0.49609375,1,177.99403381347656,66.50538635253906,39.226470947265625,43,7,0,0,0.0,119.11949685534591,47.7
_cPqnVahtPk,howto,0.42083333333333334,1,141.0094757080078,34.591819763183594,63.51924514770508,39,8,0,0,0.0,201.35593220338984,2.95
_toOymeX9jE,howto,0.1921875,1,175.03829956054688,66.5323486328125,46.335968017578125,48,7,0,0,0.0,152.72727272727275,1.1
a1IxVKQeZx8,howto,0.7640625,1,163.23190307617188,155.5065155029297,48.997920989990234,57,9,0,0,0.0,102.07792207792207,3.85
a1whu6Gub1M,howto,0.85390625,1,187.98204040527344,195.4812774658203,50.47050476074219,62,11,0,0,0.0,162.98507462686567,3.35
a8gart_8ndY,howto,0.771875,1,151.44131469726562,98.02730560302734,65.53279876708984,72,12,0,0,0.0,168.8174077578051,52.85
aGwVKdjMils,howto,0.9984375,0,166.97486877441406,81.16625213623047,77.60546875,18,3,1,1,0.3076923076923077,191.57894736842107,2.85
aM14SMEiv9s,howto,0.315625,1,138.20545959472656,95.05767822265625,72.46195983886719,24,4,7,0,0.6417910447761195,,0.6
aQ2JIAfs0hc,howto,0.315625,1,142.5284423828125,48.68312454223633,64.70639038085938,31,6,0,0,0.0,203.57142857142856,1.4
aQgQKL7AdnM,howto,0.38984375,1,190.62623596191406,50.15243911743164,59.88725662231445,85,12,0,0,0.0,85.36817102137766,63.15
aUi-wLZqXj0,howto,0.9671875,0,164.67987060546875,136.4193115234375,94.20301818847656,31,6,0,0,0.0,202.71676300578034,69.2
aqJiCfBOqrw,howto,0.31484375,1,169.2308807373047,61.029212951660156,60.25605392456055,57,12,0,0,0.0,,0.55
awuzPl_P1vI,howto,0.85546875,1,190.30482482910156,25.685749053955078,38.786197662353516,83,15,0,0,0.0,125.51433389544688,118.6
ayGlsX7tHPw,howto,0.315625,1,138.97296142578125,62.46934127807617,60.44273376464844,74,16,2,0,0.23711340206185572,197.41935483870967,1.55
bAH7eLgsEYE,howto,0.315625,1,117.34368896484375,47.32468795776367,45.01203918457031,21,2,2,1,0.46153846153846156,,0.8
bAQPuPrIwUc,howto,0.31328125,1,204.4154052734375,10.876416206359863,37.82097625732422,18,2,3,0,0.5813953488372092,,0.65
bPWbSwee0A0,howto,0.315625,1,121.37557983398438,100.50712585449219,67.38417053222656,25,4,1,0,0.16666666666666663,,0.65
bcU7H3zA5jc,howto,0.2734375,1,174.53152465820312,46.641578674316406,70.72422790527344,26,6,7,1,0.6976744186046512,67.11864406779661,2.95
cMkqx2IEKkY,howto,1.0,0,140.20785522460938,90.53894805908203,93.18524932861328,51,7,0,0,0.0,145.98425196850394,19.05
cN_oC4s8p4o,howto,1.0,0,117.62513732910156,53.3161735534668,72.97188568115234,28,4,5,0,0.7171717171717171,,0.5
cRT8nUgImbg,howto,0.315625,1,127.04183197021484,88.8259048461914,77.05210876464844,26,5,6,1,0.7111111111111111,,2.15
cV73f4Ywa04,howto,0.7171875,1,208.78150939941406,52.682281494140625,51.216182708740234,62,12,0,0,0.0,185.5078125,25.6
cYo-Cq-FLL8,howto,0.315625,1,146.39857482910156,55.67323684692383,63.99391174316406,36,6,3,1,0.4375,,0.55
cqZQZ-YX9H4,howto,0.96484375,0,179.4671173095703,52.200103759765625,71.3905029296875,39,6,0,0,0.0,233.74722838137473,22.55
d8bct2_ix4U,howto,0.721875,1,152.1038055419922,88.66671752929688,85.65054321289062,73,14,0,0,0.0,189.91735537190084,12.1
dCYDZDlcO6g,howto,0.6515625,1,113.11858367919922,142.95115661621094,88.21417999267578,43,8,0,0,0.0,200.04895960832312,40.85
dHwXV7IwEQs,howto,0.97734375,0,117.75353240966797,82.61276245117188,87.92219543457031,51,10,1,1,0.13559322033898302,166.66666666666666,2.7
dJzhJd_T2jM,howto,0.19140625,1,158.0272674560547,56.661746978759766,63.157981872558594,28,4,1,1,0.19999999999999996,226.66666666666666,1.35
dP4SmUFCrEM,howto,0.315625,1,102.02461242675781,82.4031753540039,54.767311096191406,35,7,0,0,0.0,220.40816326530611,2.45
dPMLssNaQm8,howto,0.965625,0,189.70742797851562,73.60460662841797,88.2723388671875,54,10,0,0,0.0,200.0756143667297,26.45
dUrPDsKZfnw,howto,1.0,0,56.38943862915039,43.2177848815918,49.80772018432617,27,5,0,0,0.0,,0.85
dajIBYfgBPA,howto,0.69375,1,115.82645416259766,70.85707092285156,52.518882751464844,62,10,0,0,0.0,107.17444717444718,20.35
dhLCzSwUTvc,howto,1.0,0,139.61839294433594,69.24498748779297,97.85734558105469,64,9,0,0,0.0,163.5148514851485,60.6
dmwrHmSTIjQ,howto,0.284375,1,117.03279876708984,56.87062072753906,37.88972473144531,43,9,0,0,0.0,152.54237288135593,2.95
dnbYbMl3xZo,howto,0.29921875,1,157.3800811767578,94.61827087402344,37.00990295410156,22,3,7,1,0.7215189873417722,,1.35
dxJA2MF6F0M,howto,0.31875,1,158.79733276367188,34.445865631103516,103.90789794921875,33,8,2,0,0.3653846153846154,,1.4
dy8DLkKZyxc,howto,1.0,0,92.04434967041016,75.9429702758789,90.7008285522461,74,12,0,0,0.0,109.42446043165467,13.9
eTYpQZFPbws,howto,0.98203125,0,151.85635375976562,82.24186706542969,74.7048110961914,59,10,0,0,0.0,205.3846153846154,93.6
ey0Xj9Xe2xg,howto,0.8453125,1,147.01881408691406,83.22559356689453,80.14995574951172,66,11,0,0,0.0,104.4019138755981,31.35
fACEzzmXelY,howto,0.65390625,1,173.88113403320312,144.0397186279297,52.313053131103516,63,11,0,0,0.0,182.84794851166535,62.15
fDUhLOuGT4k,howto,0.978125,0,193.17616271972656,75.8806381225586,60.22139358520508,45,8,0,0,0.0,,44.05
fLnKtPVpofM,howto,0.8640625,1,193.4434814453125,84.53545379638672,69.24835205078125,27,4,0,0,0.0,167.91946308724832,22.35
fgXSA2-o0NM,howto,0.27265625,1,131.12937927246094,41.847190856933594,58.482505798339844,88,16,0,0,0.011235955056179803,,0.65
fr9HxkVm10M,howto,0.24296875,1,124.10785675048828,42.63936996459961,51.415897369384766,42,6,5,0,0.5578947368421052,,2.9
gA8lTuMYHuk,howto,0.8625,1,160.3548126220703,101.2077407836914,89.09625244140625,68,11,0,0,0.0,120.41958041958043,7.15
gRVjAtPip0Y,howto,0.6765625,1,120.99486541748047,31.465351104736328,77.7654037475586,51,10,0,0,0.0,112.54237288135593,8.85
h2KaP_XySlY,howto,0.2640625,1,201.9928741455078,12.913474082946777,23.722599029541016,45,8,6,0,0.5360824742268041,,1.0
h559qrc1MQU,howto,0.315625,1,142.24562072753906,45.65460205078125,62.66402816772461,77,14,0,0,0.0,,0.65
h6gtj7mhsJ4,howto,0.2546875,1,158.3237762451172,96.69117736816406,45.90645217895508,32,6,2,0,0.3191489361702128,,2.5
h9gFVzu5VNk,howto,0.23125,1,74.9151611328125,35.470035552978516,53.62084197998047,16,3,8,1,0.8315789473684211,,1.6
hB8OlziECUI,howto,0.79609375,1,101.66083526611328,82.09913635253906,68.92967987060547,54,8,0,0,0.0,132.69230769230768,2.6
hFPdfg9fpmo,howto,0.275,1,175.64041137695312,10.471807479858398,79.0709228515625,6,1,6,0,0.9154929577464789,,2.05
hPs5cj_tdAM,howto,0.315625,1,170.10202026367188,81.74357604980469,63.375179290771484,45,7,3,1,0.42307692307692313,,0.65
hUuTI5Cfq6Y,howto,0.2265625,1,103.90461730957031,77.18025207519531,72.46215057373047,55,8,0,0,0.0,178.8679245283019,2.65
hVJWbBsU0d8,howto,0.28125,1,213.17462158203125,137.4265899658203,62.913352966308594,71,10,0,0,0.0,162.1875,3.2
h_0ZenIME_0,howto,0.315625,1,161.5598907470703,89.46701049804688,76.23037719726562,35,5,2,1,0.30000000000000004,,0.6
iK6uporE6Yo,howto,0.2203125,1,174.88943481445312,66.33252716064453,74.4512939453125,22,3,0,0,0.0,167.0,3.0
iW3AULgs2uU,howto,0.97265625,0,190.19515991210938,48.185935974121094,36.13369369506836,51,9,0,0,0.0,141.21457489878543,37.05
inZEmFLQ2eA,howto,0.2609375,1,210.1426544189453,89.5269546508789,53.456565856933594,55,9,0,0,0.0,,1.2
jAySTDXTwSc,howto,0.53828125,1,202.4456024169922,51.39039611816406,74.72216796875,89,16,0,0,0.0,110.53846153846155,13.0
jDmB0VFZq_g,howto,0.76875,1,142.35308837890625,109.39273071289062,79.44720458984375,81,15,0,0,0.0,134.26157879405767,171.65
jdpOhWcO_70,howto,0.315625,1,193.3184051513672,18.120038986206055,43.984127044677734,56,8,1,0,0.1515151515151515,,1.65
jem5nQqXOzg,howto,0.93359375,0,153.38316345214844,49.39137268066406,64.3051528930664,45,8,0,0,0.0,183.85164051355207,35.05
jk0oXRUSNb0,howto,0.315625,1,148.12413024902344,59.51801300048828,59.31547927856445,24,3,0,0,0.0,,0.8
jtJK2zIIcCs,howto,0.37265625,1,220.65203857421875,1.2833566665649414,52.79761505126953,81,14,0,0,0.0,165.90361445783134,16.6
jtl_NtxiReI,howto,0.3125,1,171.99819946289062,117.03326416015625,79.54747772216797,75,12,0,0,0.0,189.82885085574574,20.45
jvwM0pNxb2I,howto,0.259375,1,166.28750610351562,65.5516586303711,100.61219024658203,47,8,2,1,0.25396825396825395,,0.75
jwKBQbq-BwA,howto,0.315625,1,190.06358337402344,49.769229888916016,58.305274963378906,40,7,1,1,0.16666666666666663,,0.7
ka3KYiV_b6E,howto,0.98828125,0,170.13136291503906,66.55419921875,65.79846954345703,68,13,0,0,0.0,162.2249093107618,41.35
kcBBhKkyCaI,howto,1.0,0,221.0793914794922,48.13926315307617,31.850025177001953,51,8,0,0,0.0,90.38448216141323,144.35
khYZTmm7S5I,howto,0.98046875,0,174.8107452392578,154.1533660888672,64.59651184082031,51,9,0,0,0.0,218.89051094890513,34.25
kwXsI8JCA9c,howto,0.88671875,1,208.66177368164062,68.370849609375,39.26041793823242,44,10,0,0,0.0,,1.55
l6rOAIyLyis,howto,0.315625,1,184.46975708007812,64.41909790039062,48.33019256591797,28,5,2,0,0.4285714285714286,,4.25
lCiPzwY-Yw8,howto,0.315625,1,109.38296508789062,66.03209686279297,76.22547149658203,12,3,4,0,0.7818181818181819,,0.75
likJ0W8S_Cw,howto,1.0,0,100.6375732421875,10.411155700683594,92.92267608642578,22,3,0,0,0.0,210.5084745762712,2.95
lxq_46nY43g,howto,0.94765625,0,185.8858642578125,64.64568328857422,84.1241226196289,52,7,0,0,0.0,191.2807881773399,60.9
m8hto-uUAhI,howto,0.315625,1,192.24964904785156,13.004438400268555,18.020524978637695,54,10,0,0,0.0,94.9090909090909,2.75
m91md4RBR48,howto,0.3171875,1,151.49102783203125,78.55880737304688,67.5145492553711,30,6,0,0,0.0,193.33333333333334,1.8
mMFeGKGzFks,howto,0.43046875,1,144.7069091796875,89.44389343261719,56.46855926513672,51,8,0,0,0.0,163.54285714285714,8.75
mOsqJuf6jL8,howto,0.2,1,198.77761840820312,54.361820220947266,64.40638732910156,61,10,3,1,0.2650602409638554,277.14285714285717,1.05
mQWlqt4xOY0,howto,0.971875,0,200.0431365966797,97.2780990600586,64.3492660522461,52,7,0,0,0.0,165.3846153846154,140.4
mWNb06qZDfQ,howto,0.953125,0,109.7873306274414,48.99636459350586,71.95848083496094,68,12,0,0,0.0,121.21827411167513,39.4
mbUHW92wqNE,howto,0.34609375,1,152.63429260253906,29.46286392211914,88.25732421875,76,13,0,0,0.0,159.97084548104957,34.3
mt9WERAv1lU,howto,0.315625,1,144.88314819335938,58.3639030456543,81.11766815185547,62,10,2,1,0.19480519480519476,,0.8
mzh9-V4PRH4,howto,0.3171875,1,183.2557373046875,43.92036437988281,68.81592559814453,56,7,0,0,0.0,,2.05
nCKjWoIV6Ro,howto,0.3171875,1,160.19131469726562,82.4496078491211,55.82363510131836,76,13,3,1,0.24,167.75510204081633,2.45
naBal346_9c,howto,0.8609375,1,177.1331329345703,92.31524658203125,47.2391471862793,43,9,0,0,0.0,171.4867762687634,279.8
nf8ySuesAPg,howto,1.0,0,186.88084411621094,95.68340301513672,52.951683044433594,26,4,0,0,0.0,171.6448598130841,53.5
npmgH5PJA-Q,howto,0.315625,1,152.01231384277344,21.113094329833984,39.425601959228516,41,5,0,0,0.0,240.00000000000003,1.1
nvRoDbpFtXc,howto,1.0,0,214.92074584960938,30.937231063842773,47.51377868652344,79,14,0,0,0.0,126.1046511627907,17.2
nzAN3K2I5aA,howto,0.1515625,1,152.74066162109375,76.93156433105469,55.75020980834961,42,6,5,0,0.5333333333333333,,1.0
o-Il8OcNAZA,howto,0.53125,1,210.1075439453125,10.05893611907959,59.60750198364258,34,5,0,0,0.0,124.6875,9.6
o3rVJih3tzk,howto,0.31875,1,147.68212890625,108.21939086914062,66.94312286376953,4,1,1,0,0.6923076923076923,91.76470588235294,2.55
orjAYDDB2go,howto,0.16171875,1,183.780029296875,24.568309783935547,50.94715118408203,0,0,7,0,1.0,,0.75
ou7iku82E6Y,howto,0.2921875,1,135.20355224609375,75.70664978027344,83.04653930664062,41,8,5,1,0.49382716049382713,,1.0
pZANjr6OJGY,howto,0.315625,1,156.4435272216797,60.881629943847656,59.7192497253418,20,3,7,1,0.7916666666666666,,0.3
plnnatStxfo,howto,0.3171875,1,162.17112731933594,73.4613037109375,58.16746139526367,27,4,0,0,0.0,244.0,0.75
ps7lSAG1nIg,howto,0.91171875,1,135.51675415039062,55.78010177612305,67.67281341552734,40,7,0,0,0.0,154.53032104637336,42.05
qC2Kv0QcCEc,howto,0.47421875,1,136.13328552246094,158.6481475830078,89.23200988769531,68,13,1,1,0.10526315789473684,,1.75
qCiVuDkoJqM,howto,0.2421875,1,170.41067504882812,73.73248291015625,45.82840347290039,40,6,5,1,0.5061728395061729,,1.05
qG5rG9SFAhI,howto,0.15859375,1,156.22793579101562,29.36501693725586,52.10954284667969,25,4,0,0,0.038461538461538436,,1.8
qXqCOg_1tQ8,howto,0.9140625,1,236.64016723632812,60.300628662109375,34.34322738647461,49,9,0,0,0.0,246.33333333333334,9.0
qaC93ojYcGM,howto,0.75546875,1,201.70281982421875,105.85688018798828,48.054725646972656,56,9,0,0,0.0,165.53014553014552,24.05
qkAAwgnkWEo,howto,0.80546875,1,174.99935913085938,81.08905029296875,60.447078704833984,50,6,0,0,0.0,240.83333333333331,43.2
qwqsm5Z-ZQY,howto,0.27734375,1,158.29086303710938,39.95127868652344,47.88071823120117,59,9,3,0,0.3058823529411765,,0.6
r1BToPcVLHo,howto,0.91328125,1,209.39596557617188,30.818872451782227,50.38135528564453,37,5,0,0,0.0,147.85714285714286,60.2
rLLTDgmfaSc,howto,0.8109375,1,179.31544494628906,90.48837280273438,57.58049011230469,31,5,0,0,0.0,165.67324955116698,27.85
rbiEPUn74Ns,howto,0.33984375,1,169.306396484375,68.52269744873047,85.53862762451172,54,8,0,0,0.018181818181818188,169.2275574112735,23.95
rfFf0v0XpVk,howto,0.7625,1,192.258056640625,162.2366485595703,57.88154983520508,48,7,0,0,0.0,,25.9
rjjjlJw2cgM,howto,1.0,0,94.44416809082031,82.4583511352539,100.59341430664062,47,8,0,0,0.0,24.223968565815326,50.9
rjkQibZhl84,howto,0.30390625,1,110.15159606933594,137.66053771972656,57.64283752441406,41,7,5,0,0.5591397849462365,276.0,1.0
rwbho0CgEAE,howto,0.96796875,0,187.62838745117188,70.5982666015625,82.12435913085938,53,9,0,0,0.0,185.50879877582247,65.35
s7kDIa8Fwf0,howto,0.3,1,66.65675354003906,7.788559913635254,30.869178771972656,33,4,0,0,0.0,150.0,1.0
sKCAlDpDESk,howto,0.315625,1,105.83751678466797,109.06986999511719,73.62885284423828,24,5,4,0,0.625,261.50943396226415,2.65
sMgxDNWVOb0,howto,0.275,1,171.93588256835938,134.1469268798828,80.55338287353516,75,13,2,0,0.2021276595744681,132.27272727272728,2.2
sTAiDki7AQA,howto,0.25546875,1,150.13072204589844,93.04524230957031,58.176368713378906,36,5,0,0,0.0,167.95539033457248,26.9
siJkBEk_LWo,howto,0.3171875,1,155.0443878173828,79.13849639892578,71.18855285644531,80,13,1,0,0.13043478260869568,,0.95
slcoBcz2Roc,howto,0.421875,1,130.1457061767578,58.12970733642578,46.16033935546875,93,16,0,0,0.0,,0.6
sq27j-MuIaA,howto,0.3140625,1,166.33242797851562,42.782169342041016,54.64521026611328,98,17,0,0,0.0,,0.55
t0tEzhYWjLg,howto,0.2140625,1,189.17433166503906,68.5950698852539,37.117671966552734,0,0,8,0,1.0,,0.55
tBwWhJDKVwg,howto,0.84921875,1,117.77835845947266,130.7430877685547,58.69731140136719,33,5,0,0,0.0,107.95932203389832,73.75
tDdfPMTX15Y,howto,1.0,0,212.66819763183594,58.35591125488281,56.493045806884766,43,6,0,0,0.0,144.0,335.5
tv8uR6iL4P4,howto,0.26328125,1,172.6270751953125,87.2806625366211,59.448787689208984,53,8,4,1,0.4111111111111111,,0.6
u3J4JBI6KnE,howto,0.315625,1,161.4636993408203,73.18711853027344,55.27354431152344,57,10,5,1,0.43000000000000005,103.63636363636364,2.2
u6pmb-myRKc,howto,1.0,0,162.2918243408203,43.349891662597656,98.42041015625,82,14,0,0,0.0,187.51020408163265,36.75
uACmIrfRSQM,howto,0.315625,1,126.71443939208984,83.48863983154297,52.09746170043945,34,6,1,1,0.19047619047619047,,0.5
ud41B1oRs3c,howto,0.846875,1,232.20785522460938,19.90256118774414,26.444744110107422,77,13,0,0,0.0,89.01818181818183,27.5
uf8nV_tVSKM,howto,0.315625,1,142.45419311523438,48.816436767578125,52.34001541137695,61,8,3,0,0.39,96.0,2.0
ukWU7byXamM,howto,0.3046875,1,109.93466186523438,61.92847442626953,46.66995620727539,31,6,0,0,0.0,260.0,1.2
vHUHEOrRar4,howto,0.2640625,1,142.33615112304688,61.8740119934082,62.159183502197266,45,8,3,0,0.3661971830985915,212.54237288135593,2.95
vItcjc8nJ9o,howto,1.0,0,159.86862182617188,71.198486328125,100.9000015258789,71,14,0,0,0.0,151.2396694214876,72.6
vUSWfeY7xAs,howto,0.41328125,1,168.13827514648438,5.886386871337891,101.49610137939453,57,11,0,0,0.0,172.8,30.0
vfKwjT5-86k,howto,0.315625,1,104.21419525146484,55.43433380126953,56.791099548339844,31,6,0,0,0.0,198.21428571428572,2.8
vqedBqYYos0,howto,0.71640625,1,209.9910888671875,41.8605842590332,29.169679641723633,43,6,1,1,0.1568627450980392,201.25,2.4
vvkHASSNqnU,howto,0.3171875,1,95.74174499511719,66.86151885986328,85.70804595947266,32,7,2,0,0.37254901960784315,,1.4
w1ZVNjOIstQ,howto,0.1703125,1,178.5459747314453,113.8302230834961,55.2653694152832,21,4,1,1,0.27586206896551724,230.76923076923077,1.3
w9fKU41xnTA,howto,0.278125,1,185.60081481933594,26.95890235900879,44.95607376098633,39,8,3,1,0.417910447761194,224.21052631578948,0.95
wAKZjllBB0w,howto,0.315625,1,158.49143981933594,61.83884811401367,50.21346664428711,44,6,2,1,0.29032258064516125,,0.6
wTw_k7bIfEU,howto,0.31484375,1,151.13858032226562,133.60595703125,74.85476684570312,68,11,2,0,0.30612244897959184,,1.5
wa6KWu9M8qQ,howto,0.91171875,1,168.8005828857422,67.47488403320312,61.10148620605469,48,10,0,0,0.0,178.5028790786948,52.1
xJk5EjEoKn4,howto,0.1734375,1,135.16390991210938,68.69635009765625,54.400142669677734,33,6,2,0,0.4107142857142857,,1.1
xQXcMabybxE,howto,0.315625,1,165.77609252929688,118.668701171875,58.7655029296875,51,9,3,1,0.31999999999999995,,0.85
xTioUxmAwGU,howto,0.23515625,1,147.8053741455078,72.00239562988281,52.732276916503906,25,7,5,1,0.6621621621621622,,0.45
xzZUeO8L6jI,howto,0.81796875,1,159.399169921875,119.43452453613281,64.26121520996094,32,5,0,0,0.0,166.6629339305711,89.3
y0mfNWKBQp0,howto,0.66484375,1,52.08994674682617,130.56793212890625,73.2886734008789,66,12,0,0,0.0,150.40358744394618,11.15
y6gsjckd_5I,howto,1.0,0,190.08639526367188,138.52272033691406,54.89641189575195,67,11,0,0,0.0,150.32766990291262,82.4
yH-2KCwB2NY,howto,0.29765625,1,177.2122039794922,78.4609146118164,62.26504898071289,74,9,0,0,0.0,,2.95
yHja3luffz8,howto,0.21171875,1,153.98834228515625,93.61377716064453,61.13535690307617,64,11,4,0,0.3535353535353535,170.0,3.0
yIXuG_EoBL4,howto,0.26328125,1,180.2557830810547,110.5764389038086,33.64161682128906,55,10,0,0,0.0,,1.8
ydfyM48MtsY,howto,1.0,0,124.97223663330078,68.70044708251953,79.97891235351562,47,11,0,0,0.0,199.01999999999998,50.0
yhuGNIZ7v2A,howto,0.2359375,1,128.954345703125,86.77010345458984,77.30846405029297,42,8,3,0,0.36363636363636365,,0.75
yxrOfZvQZ4U,howto,0.315625,1,201.85140991210938,61.76652145385742,33.25492477416992,34,6,4,0,0.5405405405405406,,1.05
yz99mrWlGc4,howto,0.95625,0,198.95797729492188,64.84799194335938,77.01263427734375,43,7,0,0,0.0,152.29813664596273,24.15
z1VbL8YHkRI,howto,0.70390625,1,230.08343505859375,56.175682067871094,37.71731185913086,67,10,0,0,0.0,177.69230769230768,1.3
zIe2_HfRTkI,howto,0.315625,1,157.5308074951172,95.7884521484375,53.910057067871094,44,6,0,0,0.0,236.84210526315792,0.95
zVb0ge-M_zM,howto,0.315625,1,144.8327178955078,72.88825988769531,71.81509399414062,60,11,3,0,0.34782608695652173,205.05882352941177,8.5
zWPJd1y9Vcs,howto,0.90703125,1,129.024169921875,59.64082336425781,67.65679168701172,54,9,1,1,0.12903225806451613,189.3103448275862,2.9
zdfwRSJO8Qw,howto,0.21875,1,178.54696655273438,107.64474487304688,60.820343017578125,51,8,0,0,0.0,195.78947368421055,2.85
zlpFQRAYnOo,howto,0.27421875,1,209.6726531982422,71.30721282958984,43.17058181762695,34,5,3,1,0.4035087719298246,,1.4
zpdMZK6LlDE,howto,0.8703125,1,206.05142211914062,86.44772338867188,58.682491302490234,85,14,0,0,0.0,175.61688311688312,30.8
zzfWqFdDCXM,howto,0.27890625,1,151.24221801757812,38.3271484375,49.58580017089844,45,8,3,0,0.3571428571428571,,1.75
-5XzwUqHIGQ,product_reviews,1.0,0,148.05145263671875,15.790781021118164,102.0116195678711,47,7,0,0,0.0,134.54545454545453,1.65
-Bo1V7VXfOw,product_reviews,0.89921875,1,158.7383270263672,104.35478210449219,102.7746810913086,15,3,4,0,0.75,160.96916299559473,11.35
-DBSL3jFd98,product_reviews,0.984375,0,150.0696258544922,53.13216018676758,57.45847702026367,38,6,0,0,0.0,127.3320895522388,53.6
-Js2wmt_Kek,product_reviews,0.7796875,1,123.53755187988281,54.63139724731445,86.04210662841797,60,11,0,0,0.0,134.0,1.5
-Z_5FL8S_ME,product_reviews,0.27421875,1,156.59307861328125,96.37279510498047,79.25196838378906,48,7,0,0,0.0,214.28571428571428,1.4
-a7hyYRPZ4g,product_reviews,0.94765625,0,94.86289978027344,145.17384338378906,83.1620864868164,79,12,0,0,0.0,189.05940594059405,40.4
-eO06yKX9DQ,product_reviews,0.94375,0,108.63323211669922,92.97337341308594,96.6379165649414,31,5,3,0,0.4655172413793104,144.88524590163937,30.5
-g9PTJ9NYXw,product_reviews,0.94296875,0,158.0441436767578,117.57482147216797,100.44916534423828,78,15,2,0,0.21212121212121215,163.51351351351352,11.1
-nGtPlzwvFw,product_reviews,0.91796875,1,125.77055358886719,93.2917251586914,88.14408111572266,88,13,0,0,0.0,181.56692056583242,45.95
-pu5fnqaTWs,product_reviews,0.49921875,1,138.3531951904297,52.143428802490234,62.093135833740234,34,6,0,0,0.0,145.05494505494505,9.1
-q5MNBliJA4,product_reviews,1.0,0,157.71824645996094,83.80664825439453,90.50414276123047,40,7,0,0,0.0,144.9056603773585,15.9
-v82ZS50OrM,product_reviews,1.0,0,147.93728637695312,98.78722381591797,87.12590789794922,95,15,0,0,0.0,,44.1
0AkGDosbGiA,product_reviews,0.28125,1,144.58055114746094,109.86585235595703,49.85660171508789,31,6,0,0,0.0,215.40983606557378,3.05
0_lxrKfxfsk,product_reviews,0.86484375,1,139.38299560546875,119.02303314208984,62.132972717285156,54,8,0,0,0.0,186.66666666666669,13.05
0ap9tC8iaGA,product_reviews,0.896875,1,154.97691345214844,28.28484344482422,73.36934661865234,61,11,0,0,0.0,183.1270358306189,30.7
0aqoXzbwHBM,product_reviews,0.25234375,1,196.7883758544922,72.13203430175781,60.46227264404297,78,13,0,0,0.012658227848101222,158.29787234042553,2.35
0eoWPcd0-V0,product_reviews,0.58359375,1,149.18051147460938,136.44342041015625,92.95442962646484,43,7,0,0,0.0,,7.5
0oodpAXhhlc,product_reviews,0.246875,1,179.91845703125,52.15643310546875,45.260196685791016,46,7,4,1,0.54,145.0,1.8
0qzhvtcaPqY,product_reviews,0.23125,1,187.38348388671875,49.280662536621094,49.14955520629883,82,13,0,0,0.0,,0.4
19PAY0Eha3Q,product_reviews,0.18125,1,157.02818298339844,57.17609405517578,61.113006591796875,18,3,8,0,0.8163265306122449,158.18181818181816,1.65
1kIbvZypURM,product_reviews,0.2296875,1,155.43707275390625,61.829071044921875,54.468597412109375,12,2,10,1,0.8787878787878788,,1.55
1poWV0OLSMA,product_reviews,0.8375,1,154.9569854736328,41.21265411376953,63.59496307373047,44,6,0,0,0.0,183.3108108108108,44.4
1sH_JQh9tkU,product_reviews,0.9765625,0,133.88096618652344,62.06334686279297,73.09722900390625,46,9,0,0,0.0,132.40174672489084,34.35
1wrAT8jCmMs,product_reviews,0.98671875,0,194.1593017578125,136.09458923339844,61.586341857910156,70,13,0,0,0.0,194.72954230235783,36.05
21TT3PH_V-c,product_reviews,0.25625,1,197.16357421875,68.2898178100586,43.816688537597656,68,10,0,0,0.0,,0.45
2PfkwxDO2uc,product_reviews,0.98359375,0,148.44781494140625,34.81694412231445,62.31022644042969,74,11,0,0,0.0,110.80291970802921,6.85
2YQv_cB9I9k,product_reviews,0.99453125,0,160.92259216308594,48.43266677856445,60.24300003051758,54,9,0,0,0.0,152.35602094240838,9.55
2n_If87cmK8,product_reviews,0.315625,1,109.4480209350586,85.53929138183594,60.638397216796875,51,7,1,1,0.13559322033898302,230.76923076923077,0.65
2qz6YldMduk,product_reviews,1.0,0,2.9170150756835938,65.6168441772461,15.39977741241455,56,9,1,1,0.125,,0.75
2zWCAZNFgyA,product_reviews,0.29375,1,117.00057983398438,128.423095703125,73.25092315673828,32,5,4,0,0.5616438356164384,216.47058823529412,2.55
38ELvS_4y5w,product_reviews,0.8625,1,170.23768615722656,139.5669708251953,80.04576110839844,63,9,0,0,0.0,224.27586206896552,21.75
3E93ZXLmneA,product_reviews,0.98046875,0,68.24589538574219,59.496307373046875,72.65184783935547,30,4,0,0,0.0,184.65753424657535,109.5
3FaFEDfRYr4,product_reviews,0.9359375,0,125.90475463867188,19.69043731689453,70.15513610839844,37,5,0,0,0.0,158.34437086092714,15.1
3FyU9p8VwmM,product_reviews,0.315625,1,134.00054931640625,48.80183410644531,50.20323944091797,83,12,0,0,0.0,,0.25
3Inb39-fZA0,product_reviews,0.315625,1,108.97215270996094,89.42007446289062,73.56571197509766,31,4,0,0,0.0,106.5,2.0
3N5dsKGE84s,product_reviews,0.996875,0,84.55559539794922,43.320064544677734,84.56745910644531,48,9,0,0,0.0,142.3529411764706,7.65
3_ekNHOkDCg,product_reviews,0.315625,1,150.9362030029297,50.17091751098633,68.43004608154297,74,10,2,0,0.26,162.5806451612903,1.55
3a-n8zWLIOc,product_reviews,0.8578125,1,123.86933135986328,51.75688171386719,72.54851531982422,88,13,0,0,0.0,186.44171779141104,16.3
3g19sLdwxUc,product_reviews,0.9453125,0,159.46701049804688,115.40290069580078,74.5581283569336,54,7,0,0,0.0,168.63563402889247,31.15
3rLlsbz37mo,product_reviews,0.315625,1,141.74407958984375,74.77560424804688,68.4825210571289,68,8,0,0,0.0,222.0,2.0
3xMLo-qFFJg,product_reviews,0.6640625,1,146.693115234375,70.57056427001953,75.77037811279297,23,4,0,0,0.0,145.27777777777777,21.6
4DtzTX_PXJo,product_reviews,0.2578125,1,103.59046173095703,69.3729476928711,78.044677734375,30,4,5,1,0.6052631578947368,,0.8
4_sars4ESB4,product_reviews,0.60859375,1,153.87168884277344,89.5385513305664,64.06372833251953,94,19,0,0,0.0,180.0,7.5
4ed0KeNxYRE,product_reviews,0.975,0,184.88905334472656,190.12022399902344,73.44273376464844,45,6,0,0,0.0,160.46052631578948,15.2
4jLz-YetTbk,product_reviews,1.0,0,220.58480834960938,31.127513885498047,44.20335388183594,77,13,0,0,0.0,153.7391304347826,17.25
4jRXNT_VR9c,product_reviews,0.3125,1,135.22021484375,73.39219665527344,71.38581085205078,60,9,3,0,0.31818181818181823,128.42105263157896,2.85
4ld4me5WcfA,product_reviews,0.8734375,1,186.0652618408203,113.24291229248047,61.990238189697266,73,10,0,0,0.0,200.11080332409972,36.1
564dSxCXMNU,product_reviews,0.24375,1,114.0638198852539,90.65711975097656,74.6276626586914,61,10,0,0,0.0,,1.55
5H3AyCyGfqE,product_reviews,0.278125,1,139.09341430664062,69.98661041259766,68.4566421508789,62,9,0,0,0.0,123.05084745762713,2.95
5MATukT41nI,product_reviews,0.9046875,1,153.16090393066406,72.83100891113281,73.98683166503906,56,9,0,0,0.0,170.42071197411005,46.35
5QZs2l9AaGE,product_reviews,0.3,1,177.35450744628906,57.645591735839844,66.67082977294922,69,12,1,0,0.1785714285714286,92.09302325581395,2.15
5Qi3j3oUnZo,product_reviews,0.2171875,1,145.12379455566406,81.37638854980469,73.24894714355469,44,7,2,0,0.3623188405797102,76.09756097560975,2.05
62Nr9B2ed7E,product_reviews,0.2703125,1,127.28560638427734,65.71744537353516,79.2210922241211,62,13,0,0,0.0,228.88888888888889,1.35
62gOhxEi-t8,product_reviews,0.8375,1,140.55081176757812,30.02650260925293,51.355953216552734,43,7,0,0,0.0,91.85840707964601,16.95
6HSi_GOuPT8,product_reviews,0.4375,1,98.31315612792969,117.73218536376953,59.19952392578125,41,7,0,0,0.0,106.3448275862069,14.5
6I4npimuOvw,product_reviews,0.90234375,1,112.05331420898438,150.4659423828125,75.75454711914062,43,6,0,0,0.0,221.8181818181818,3.3
6JzE8JZcV6w,product_reviews,0.99609375,0,151.72262573242188,69.17832946777344,83.03038787841797,45,9,0,0,0.0,,1.35
6Nua_UpDd8o,product_reviews,0.965625,0,152.72146606445312,124.78971862792969,72.65280151367188,68,8,0,0,0.0,210.95890410958904,10.95
6Uf4Elvh-9A,product_reviews,0.9796875,0,136.8468017578125,128.80894470214844,65.90252685546875,50,6,0,0,0.0,132.71794871794873,58.5
6ekIkOEaXtg,product_reviews,0.315625,1,189.8349151611328,68.66888427734375,59.04563903808594,55,8,0,0,0.0,168.46153846153845,1.3
6twxO2-zYyQ,product_reviews,0.93046875,0,126.31723022460938,173.67388916015625,90.48451232910156,65,9,0,0,0.0,151.5395284327323,36.05
72vYl6dNljw,product_reviews,0.6520833333333333,1,126.59894561767578,30.764385223388672,81.21044158935547,54,9,0,0,0.0,180.0,5.6
74yZTJSAz6g,product_reviews,0.9734375,0,148.43060302734375,76.68423461914062,64.90560150146484,93,13,0,0,0.0,135.0706436420722,63.7
76_7aI75YrM,product_reviews,0.315625,1,167.5803680419922,108.66134643554688,63.1002197265625,35,5,0,0,0.0,,0.2
77lSnWdpWzs,product_reviews,0.9890625,0,201.6068572998047,72.21119689941406,62.41048049926758,45,7,0,0,0.0,126.41068447412356,29.95
78H3vkI0XKY,product_reviews,0.98046875,0,165.84681701660156,42.47705078125,79.2165298461914,83,13,2,0,0.16161616161616166,214.42896935933146,35.9
79O6Iim17kE,product_reviews,0.9546875,0,145.33045959472656,80.3855972290039,82.59693908691406,52,8,0,0,0.0,190.57142857142858,10.5
7RhyG-CxMWc,product_reviews,1.0,0,60.03010559082031,86.2999267578125,81.30638885498047,68,11,0,0,0.01449275362318836,182.2096317280453,17.65
7T6OUyBaZbY,product_reviews,0.296875,1,199.65614318847656,49.71177291870117,42.40105056762695,42,6,0,0,0.0,169.44444444444443,5.4
7juA2INqvms,product_reviews,0.36875,1,203.8872833251953,147.91806030273438,73.57151794433594,48,6,0,0,0.0,144.13043478260872,27.6
7wVH0LqNCWE,product_reviews,0.315625,1,114.69122314453125,77.9249038696289,62.36406326293945,24,4,3,0,0.5294117647058824,160.85106382978722,2.35
826L2i13SmM,product_reviews,0.315625,1,162.30633544921875,55.73723602294922,59.77958297729492,86,17,1,0,0.11340206185567014,160.71428571428572,2.8
8KJ-h6tmb1g,product_reviews,0.315625,1,106.19764709472656,129.02523803710938,81.34068298339844,29,5,7,0,0.7040816326530612,231.86440677966104,2.95
8Kh_xM8NFtA,product_reviews,0.24140625,1,192.17237854003906,56.1819953918457,63.367313385009766,44,7,0,0,0.0,205.26315789473685,2.85
8MtJye_iCTA,product_reviews,0.315625,1,159.47251892089844,76.92308044433594,55.62360763549805,38,7,4,1,0.5,166.53061224489795,2.45
8PBsHSSCbao,product_reviews,1.0,0,167.05398559570312,12.90192699432373,87.05830383300781,33,5,0,0,0.0,157.4169741697417,13.55
8ULFGmuS2_E,product_reviews,0.315625,1,145.9940948486328,102.37296295166016,58.139808654785156,18,4,5,1,0.6727272727272727,,0.75
8ZphHLmWW2M,product_reviews,0.27734375,1,91.59977722167969,48.64964294433594,61.868038177490234,29,6,5,0,0.6881720430107527,,0.5
8eE6PPTt2II,product_reviews,0.315625,1,130.26226806640625,77.56986999511719,59.27780532836914,41,7,0,0,0.0,281.53846153846155,1.95
8iNXhvUtZ_0,product_reviews,0.76875,1,72.10234069824219,127.00081634521484,79.41779327392578,63,10,0,0,0.0,177.92307692307693,13.0
8mHXvIcxA2s,product_reviews,0.96328125,0,224.03233337402344,106.09512329101562,69.01934051513672,99,15,0,0,0.0,128.8235294117647,18.7
8pPCMjqI_uw,product_reviews,0.58671875,1,124.15071868896484,54.251773834228516,60.469940185546875,35,6,0,0,0.0,184.81675392670155,28.65
9CDlGNMdeCg,product_reviews,0.315625,1,129.38031005859375,67.35618591308594,70.66907501220703,33,6,3,0,0.4590163934426229,81.05263157894737,2.85
9KLcH3j70-A,product_reviews,0.878125,1,161.56259155273438,61.359283447265625,77.54475402832031,92,17,0,0,0.0,113.45945945945945,55.5
9RhIZWPBkks,product_reviews,0.68125,1,233.26441955566406,36.504547119140625,57.414634704589844,56,10,0,0,0.0,152.91176470588235,34.0
9fPjF6sZ3yA,product_reviews,0.93046875,0,141.12440490722656,20.790876388549805,59.20418930053711,67,12,0,0,0.0,,16.05
9l1We0q9S2Q,product_reviews,0.90234375,1,183.3033447265625,116.92304992675781,65.88243865966797,59,9,0,0,0.0,201.04743083003953,50.6
9sCHdklCYbY,product_reviews,0.60078125,1,198.07839965820312,111.14974212646484,83.67548370361328,40,8,0,0,0.0,182.12030075187968,66.5
AEJ8LNMseu4,product_reviews,1.0,0,110.49211883544922,94.45691680908203,93.5298080444336,86,10,0,0,0.0,,15.35
ALlujfga9BU,product_reviews,0.9640625,0,167.91714477539062,91.16016387939453,63.51504135131836,33,5,0,0,0.0,123.15254237288134,29.5
AQcs_q9twPs,product_reviews,0.875,1,187.02545166015625,58.525943756103516,50.36103057861328,75,14,0,0,0.0,146.24618514750765,49.15
ASBINuwgE0s,product_reviews,0.63984375,1,130.19664001464844,80.23746490478516,72.78282928466797,52,9,0,0,0.0,120.19480519480518,77.0
ASPePQXe01Q,product_reviews,0.840625,1,97.62017822265625,164.50650024414062,56.216575622558594,44,7,0,0,0.0,187.89473684210526,53.2
AY_fAk5brUc,product_reviews,0.59453125,1,184.98635864257812,52.37956237792969,66.67156219482422,51,8,0,0,0.0,232.84883720930233,17.2
AgX1BgZ1TTM,product_reviews,0.68046875,1,160.69009399414062,99.45361328125,65.70320892333984,63,10,0,0,0.0,224.8068669527897,23.3
AjbDC6B-B5M,product_reviews,1.0,0,104.18855285644531,113.56929016113281,62.63018798828125,78,15,0,0,0.0,125.84905660377359,63.6
BCTA9FwuRQk,product_reviews,0.84609375,1,80.85452270507812,70.1810073852539,84.11044311523438,37,6,1,0,0.31481481481481477,121.23499142367066,29.15
BNHBqH2T9V0,product_reviews,1.0,0,115.14281463623047,65.19938659667969,91.17268371582031,75,12,0,0,0.0,109.2170818505338,28.1
BakI-vwnwMY,product_reviews,0.190625,1,33.76243591308594,78.32788848876953,62.12221145629883,43,7,6,0,0.5700000000000001,206.66666666666666,1.35
BeTqpvIlaj4,product_reviews,1.0,0,168.32525634765625,88.58424377441406,104.30809020996094,94,17,0,0,0.0,159.375,11.2
BewkhuqUZXg,product_reviews,0.284375,1,115.07494354248047,68.60189056396484,69.31385040283203,27,3,0,0,0.0,232.0,3.0
Bmv_K9OkooE,product_reviews,0.3078125,1,167.87802124023438,60.982994079589844,80.13148498535156,21,3,1,0,0.41666666666666663,106.0,6.0
Bw8oB53Qgpc,product_reviews,1.0,0,116.84281158447266,78.02867889404297,80.7817611694336,59,11,0,0,0.0,140.75067024128685,37.3
CBA180rpNgo,product_reviews,0.2203125,1,91.0386734008789,61.10842514038086,78.97825622558594,62,12,2,1,0.20512820512820518,158.27586206896552,2.9
D-TvHupeG6Y,product_reviews,0.7890625,1,146.991455078125,87.37809753417969,68.60360717773438,44,7,0,0,0.0,163.2941176470588,25.5
D3-d3RWnMes,product_reviews,0.159375,1,194.27203369140625,19.769798278808594,58.75397491455078,71,11,0,0,0.0,,1.0
DOtRmsn7ttg,product_reviews,0.5515625,1,112.13552856445312,83.3034439086914,66.77293395996094,82,12,1,0,0.13684210526315788,138.50467289719626,16.05
Dw7fETl0uXU,product_reviews,1.0,0,91.57376861572266,87.01826477050781,76.67440032958984,52,8,0,0,0.0,164.44444444444443,5.4
DxOAKTIWtos,product_reviews,0.33125,1,122.37169647216797,49.3144416809082,67.70709991455078,33,5,4,1,0.5714285714285714,180.0,0.9
E3gLGfM2IPM,product_reviews,0.89140625,1,217.6814727783203,95.74163055419922,63.29391860961914,48,8,0,0,0.0,61.77215189873417,11.85
EEaJDQKBSLo,product_reviews,0.9328125,0,172.1126251220703,68.3177490234375,72.65433502197266,49,7,5,0,0.48958333333333337,162.83582089552237,20.1
ERq0zGQUoAU,product_reviews,0.315625,1,121.92906951904297,129.01507568359375,73.63481903076172,48,9,4,0,0.5,190.0,9.0
EYFQ9bzNTbA,product_reviews,0.9515625,0,133.01051330566406,89.74544525146484,86.61884307861328,81,15,0,0,0.0,156.49586776859502,30.25
EZTUmxuev-c,product_reviews,0.81796875,1,164.5908660888672,97.4351806640625,40.559139251708984,43,6,0,0,0.0,55.010660980810236,46.9
Ehc6fxkzfzw,product_reviews,1.0,0,132.20144653320312,140.32186889648438,73.9111328125,67,11,0,0,0.02898550724637683,209.25,4.0
EhyTi2wZuls,product_reviews,0.1875,1,130.65432739257812,98.19428253173828,61.29182434082031,33,6,4,0,0.5147058823529411,,1.0
EnNf4MuEgWQ,product_reviews,1.0,0,131.3871612548828,56.771915435791016,90.83811950683594,67,11,0,0,0.0,163.03534303534303,24.05
EuIGcdeKNf8,product_reviews,0.315625,1,155.23646545410156,92.08993530273438,64.59585571289062,42,8,2,0,0.38235294117647056,190.0,1.8
FTQHepbiq9c,product_reviews,0.315625,1,148.39613342285156,65.32875061035156,71.96495056152344,46,8,0,0,0.0,,0.75
F_loMX8aLSU,product_reviews,0.30078125,1,205.6240234375,114.16995239257812,43.01445770263672,69,12,1,1,0.10389610389610393,196.36363636363635,3.3
FsRRzOcAfwA,product_reviews,0.9640625,0,166.0819091796875,84.57245635986328,82.59050750732422,27,5,0,0,0.0,234.51143451143452,72.15
G8WQ8124DCg,product_reviews,0.28828125,1,88.27708435058594,80.83519744873047,62.18885803222656,27,5,5,0,0.7216494845360825,153.65853658536585,2.05
GJF18aOvDnw,product_reviews,0.315625,1,146.48086547851562,106.21204376220703,72.11913299560547,55,8,0,0,0.017857142857142905,212.23880597014926,3.35
GPgykbO08e8,product_reviews,1.0,0,179.33590698242188,76.01179504394531,107.92346954345703,54,9,0,0,0.0,64.90018148820326,27.55
GUku5D4gVjc,product_reviews,0.9484375,0,186.19253540039062,103.78831481933594,79.59565734863281,57,11,0,0,0.0,111.04477611940298,13.4
GgaF9IJK7zk,product_reviews,0.99609375,0,134.51731872558594,93.82210540771484,77.59538269042969,61,8,0,0,0.0,198.343949044586,15.7
GhSFn21Gemk,product_reviews,0.72578125,1,159.75172424316406,65.78431701660156,49.46138000488281,33,6,0,0,0.0,147.25423728813558,14.75
HD-u3S3slyM,product_reviews,0.70703125,1,74.8778305053711,91.87064361572266,68.53739166259766,35,5,0,0,0.0,200.04201680672267,23.8
HT1F-K3GpKU,product_reviews,0.95234375,0,143.66490173339844,50.50098419189453,91.49625396728516,81,14,0,0,0.0,131.5850144092219,17.35
HTjnklQeFp0,product_reviews,0.2796875,1,162.95851135253906,68.24579620361328,57.201969146728516,19,4,7,1,0.7912087912087912,,1.05
HUJDnW5HWx4,product_reviews,0.315625,1,129.62240600585938,46.14773941040039,51.873844146728516,71,6,2,1,0.24468085106382975,89.14285714285714,1.75
HYbDcOBTQ0s,product_reviews,0.975,0,121.53680419921875,90.25672912597656,83.76515197753906,56,9,0,0,0.0,87.82771535580524,80.1
HgTnp-fvj3c,product_reviews,0.8953125,1,112.13412475585938,71.74113464355469,75.22903442382812,42,6,0,0,0.0,146.27968337730871,18.95
HlthXTj-Uto,product_reviews,0.5328125,1,161.91885375976562,50.74397659301758,86.1689682006836,93,15,0,0,0.0,127.22820763956906,51.05
HtbFoXJs0Xc,product_reviews,0.315625,1,175.38272094726562,132.30691528320312,81.7867431640625,30,5,5,0,0.696969696969697,201.50943396226415,2.65
I7VxQiiBzng,product_reviews,0.5625,1,182.4998779296875,52.64113235473633,65.07972717285156,95,17,0,0,0.0,268.5714285714286,2.1
IBf2dGzM_ig,product_reviews,0.29375,1,154.69932556152344,61.036903381347656,73.54290008544922,60,8,3,0,0.31034482758620685,195.0,1.2
ID10ZTXhFU4,product_reviews,0.2,1,212.51699829101562,65.884521484375,75.19596099853516,16,3,0,0,0.0,183.63636363636363,3.3
IGtlBRibnFE,product_reviews,0.315625,1,140.25360107421875,66.32939147949219,69.24018096923828,57,7,2,0,0.3214285714285714,110.52631578947368,2.85
IQj8vz6LP9s,product_reviews,0.8671875,1,160.2600860595703,146.6432342529297,93.0354995727539,72,12,0,0,0.0,154.73684210526318,1.9
I_cXoZbGoBs,product_reviews,1.0,0,115.85260772705078,76.2738037109375,85.437744140625,77,11,0,0,0.0,70.33690658499235,65.3
IlVJximaSqc,product_reviews,0.88671875,1,218.61590576171875,138.27005004882812,52.467926025390625,41,8,0,0,0.0,156.5089722675367,30.65
JMacmtvFXbc,product_reviews,0.94375,0,164.93045043945312,37.34282684326172,46.1928596496582,23,3,0,0,0.0,174.66666666666666,9.0
Jd28jQ8aZwA,product_reviews,0.959375,0,132.280517578125,89.3558120727539,74.46550750732422,34,5,0,0,0.0,208.14545454545456,13.75
JdXPQXXSFSw,product_reviews,0.31171875,1,112.06666564941406,49.67787170410156,63.00337600708008,47,9,3,0,0.3472222222222222,,2.25
JiFpwFG6P6c,product_reviews,0.315625,1,155.76788330078125,58.83476257324219,56.56006622314453,39,7,3,0,0.5301204819277108,,1.05
Jnxg4rxp7xM,product_reviews,1.0,0,91.91166687011719,87.66374969482422,77.31159210205078,47,6,0,0,0.0,168.42105263157896,5.7
JpLxrojhEgg,product_reviews,0.2734375,1,198.16943359375,35.39150619506836,74.29286193847656,64,11,0,0,0.0,152.72727272727272,2.75
KL_p70RtzVI,product_reviews,1.0,0,203.73492431640625,63.0064697265625,65.38456726074219,58,10,0,0,0.0,156.82971680764987,135.95
KtoFAXAtT_s,product_reviews,0.975,0,184.8994598388672,189.91854858398438,73.44168090820312,45,6,0,0,0.0,140.25188916876576,19.85
KwENEk-0YuI,product_reviews,0.4197916666666667,1,76.83976745605469,100.22726440429688,74.67416381835938,57,9,0,0,0.0,164.72,37.5
L3KRFJ4K1KM,product_reviews,0.975,0,164.64231872558594,144.24496459960938,71.25817108154297,52,10,0,0,0.0,132.56983240223462,17.9
LXN-h20Wz3w,product_reviews,0.5921875,1,143.57496643066406,85.08427429199219,65.15550231933594,62,8,0,0,0.0,152.41237113402062,24.25
MC4QCJdOGCs,product_reviews,0.96796875,0,120.12544250488281,76.85824584960938,90.97959899902344,56,10,0,0,0.0,122.25433526011561,17.3
MUfAq0Q6Rnw,product_reviews,1.0,0,131.86634826660156,61.5650634765625,89.1905288696289,43,6,0,0,0.0,128.1038961038961,19.25
MZM31jp3umA,product_reviews,0.7765625,1,93.91117858886719,108.5614013671875,78.61990356445312,42,7,0,0,0.0,136.49289099526067,10.55
Mi95_070CcI,product_reviews,0.790625,1,135.6160430908203,44.78076934814453,85.72760772705078,77,10,0,0,0.0,75.32608695652173,9.2
MjI-Fk4QQ-Y,product_reviews,0.315625,1,140.00729370117188,99.0015640258789,69.54090118408203,41,6,7,0,0.5900000000000001,180.0,4.15
Ms1mZnuuGV4,product_reviews,0.96875,0,142.44192504882812,117.89893341064453,91.9836196899414,23,4,0,0,0.0,178.77551020408163,7.35
N8hdE1EVfjk,product_reviews,0.296875,1,126.03646087646484,83.08924102783203,68.59613800048828,27,5,3,0,0.6029411764705883,,1.45
NGBXHpJ1HI0,product_reviews,1.0,0,124.8407974243164,81.76850891113281,113.53382873535156,25,5,3,0,0.5,144.73684210526318,11.4
NQKpWc3kX3w,product_reviews,0.315625,1,146.66238403320312,75.47021484375,57.08113098144531,38,5,3,0,0.525,,1.7
NTD5nW_5wFU,product_reviews,0.2546875,1,221.4833984375,67.87972259521484,53.199886322021484,68,10,3,0,0.26881720430107525,,0.65
NVcvN1lCTxQ,product_reviews,0.675,1,168.52101135253906,68.54866790771484,67.36913299560547,51,9,0,0,0.0,145.69546120058567,68.3
NeBsQaq7m8k,product_reviews,0.91953125,1,223.5187530517578,64.47045135498047,57.18413543701172,33,6,0,0,0.0,177.15107913669064,34.75
NffJNKtNlC4,product_reviews,0.31484375,1,168.0045928955078,66.42774963378906,45.40616989135742,43,7,0,0,0.0,,0.5
NgfOHTylQxM,product_reviews,0.98203125,0,127.09950256347656,77.6181640625,62.50990676879883,86,11,0,0,0.011494252873563204,160.28818443804036,17.35
NlNH8R9ObkI,product_reviews,0.87734375,1,133.6934356689453,43.342926025390625,80.2000732421875,40,7,0,0,0.0,60.1639344262295,54.9
NpWTdpNhgLY,product_reviews,0.9453125,0,162.08554077148438,41.24263000488281,69.6585922241211,73,10,0,0,0.0,,9.3
NszRMQZ30nU,product_reviews,0.2578125,1,163.61834716796875,55.7060432434082,67.98991394042969,84,16,2,1,0.16000000000000003,201.0,3.0
NwjcyebUgts,product_reviews,0.6140625,1,70.79283142089844,93.77911376953125,84.35467529296875,36,4,2,0,0.4375,174.88372093023256,6.45
O4XR9D-lomw,product_reviews,0.85859375,1,144.43634033203125,108.7367172241211,95.93197631835938,55,7,0,0,0.0,176.61129568106313,15.05
O8NqHt6SIUA,product_reviews,1.0,0,133.18502807617188,79.48223114013672,95.71951293945312,54,10,0,0,0.0,,15.95
OapKtCx-e_k,product_reviews,0.909375,1,133.79148864746094,70.92229461669922,70.75262451171875,53,8,0,0,0.0,178.88556021569804,83.45
PAhbNy3NIAM,product_reviews,1.0,0,70.99447631835938,65.2634048461914,57.352882385253906,58,7,3,0,0.3626373626373627,,1.5
PWDllzSZU-w,product_reviews,0.99765625,0,117.56884002685547,66.46415710449219,70.1389389038086,36,6,0,0,0.0,163.88235294117646,76.5
P_iSmFeizDE,product_reviews,0.315625,1,159.45050048828125,170.15829467773438,57.61151885986328,29,6,3,0,0.5,92.0,3.0
Pn-wwHCh_s4,product_reviews,0.2921875,1,146.06199645996094,63.697505950927734,61.15410232543945,30,6,0,0,0.0,231.35135135135135,5.55
Pnko_hQAhxA,product_reviews,0.7484375,1,127.01326751708984,78.72801208496094,73.76109313964844,60,10,0,0,0.0,167.5089734386217,69.65
Puefs1URTr4,product_reviews,0.315625,1,167.40151977539062,45.730308532714844,70.09082794189453,32,5,4,0,0.6,229.0909090909091,1.1
QPtmbkm2RbU,product_reviews,0.30234375,1,152.4477081298828,87.73611450195312,49.45989227294922,29,4,5,1,0.5857142857142856,,2.5
QW74P3S_TLQ,product_reviews,0.315625,1,196.81687927246094,81.26985931396484,43.29804229736328,68,10,0,0,0.0,,0.2
QWCnM2V4GX0,product_reviews,0.78046875,1,73.65216064453125,75.3783950805664,74.91849517822266,49,7,0,0,0.0,203.0,30.0
QehOKD42L-E,product_reviews,0.315625,1,171.677734375,66.22254180908203,57.1993293762207,93,14,1,0,0.06999999999999995,189.6,2.5
QsR8-D0fDRY,product_reviews,0.91796875,1,146.81129455566406,114.91926574707031,67.06369018554688,82,14,0,0,0.0,196.7975522692504,98.05
Qvbexlsj4jY,product_reviews,0.57578125,1,140.9733123779297,63.40602111816406,73.07308959960938,27,4,0,0,0.0,161.26582278481013,11.85
R1DL9r-AcxI,product_reviews,0.315625,1,155.6497344970703,95.45266723632812,65.37500762939453,69,13,0,0,0.0,,0.65
R64JEmdqMr4,product_reviews,0.30859375,1,135.5351104736328,88.45613098144531,63.8471794128418,16,4,7,0,0.8333333333333334,184.0,3.0
RHN0Czk3V4o,product_reviews,0.9546875,0,62.30774688720703,43.04493713378906,60.01516342163086,60,10,0,0,0.0,145.9940652818991,16.85
RMEEKF1yMeE,product_reviews,0.99375,0,107.14295196533203,58.85279083251953,88.86172485351562,23,3,0,0,0.0,183.88157894736844,45.6
RN4WjYOrS4M,product_reviews,0.79140625,1,86.67041015625,60.11920166015625,70.30580139160156,68,12,0,0,0.0,210.28235294117647,42.5
RRO-1rVJg8s,product_reviews,0.196875,1,187.8636016845703,91.40808868408203,63.12743377685547,51,8,3,0,0.4631578947368421,183.6923076923077,3.25
RW-bT7fmNik,product_reviews,0.315625,1,128.83346557617188,85.4194107055664,65.24011993408203,47,7,0,0,0.0,128.135593220339,2.95
RhFmNY43W0c,product_reviews,0.91640625,1,141.6354217529297,120.95735168457031,87.45941162109375,27,5,0,0,0.0,161.7969860676713,175.85
Ro6ooC4Z3Dk,product_reviews,0.88515625,1,100.5516128540039,97.02147674560547,74.33717346191406,36,4,0,0,0.0,164.54237288135593,14.75
RshMV8P0tco,product_reviews,0.9265625,0,129.07769775390625,153.3104248046875,97.63394927978516,14,2,0,0,0.0,141.875,33.6
Rxd7UwYevnY,product_reviews,0.88515625,1,127.58122253417969,127.20851135253906,77.65965270996094,99,15,0,0,0.0,89.68874700718277,62.65
RzDr5mDijhU,product_reviews,0.27109375,1,148.37696838378906,41.78156661987305,50.140724182128906,44,6,0,0,0.0,184.45945945945945,7.4
S5FMN8p9Mws,product_reviews,0.715625,1,154.6830596923828,64.96192932128906,72.91017150878906,60,9,0,0,0.0,116.09233305853257,60.65
S6FBAfBt9JU,product_reviews,1.0,0,123.1524658203125,79.63796997070312,71.32097625732422,49,7,3,0,0.40963855421686746,115.75757575757576,9.9
SEf-gQpDHOY,product_reviews,0.29609375,1,149.97348022460938,61.31468963623047,90.94226837158203,28,4,5,1,0.6989247311827957,185.11627906976744,6.45
SGmcgSv1Gy8,product_reviews,1.0,0,137.65306091308594,59.3411979675293,60.93197250366211,33,5,0,0,0.0,169.43925233644862,32.1
SKHcp6epCaI,product_reviews,1.0,0,175.92298889160156,103.72819519042969,105.61698150634766,33,5,1,0,0.28260869565217395,150.3896103896104,11.55
SMFedIovZkA,product_reviews,0.27890625,1,90.08138275146484,65.46007537841797,33.485416412353516,62,9,0,0,0.0,,0.95
SiD6MvnlydU,product_reviews,0.315625,1,132.66383361816406,28.053600311279297,49.19288635253906,59,10,4,1,0.3789473684210526,,0.9
SlRJ7ankqOU,product_reviews,0.8140625,1,163.4993438720703,117.1131591796875,90.088134765625,41,7,0,0,0.0,114.55938697318007,39.15
Sm2rCby_Oas,product_reviews,0.72890625,1,161.949951171875,84.44364166259766,55.53515625,58,9,4,0,0.40816326530612246,83.5008665511265,28.85
T-FZGK66DWk,product_reviews,0.315625,1,150.873291015625,36.01891326904297,65.12654113769531,80,15,0,0,0.0,161.11111111111111,2.7
T5IpoY1kNmk,product_reviews,0.76484375,1,187.79949951171875,71.81642150878906,59.73740005493164,79,11,1,0,0.15053763440860213,147.0,5.0
TDGUBZaJpN4,product_reviews,0.93671875,0,210.11012268066406,20.06051254272461,78.55418395996094,70,11,0,0,0.0,116.07726597325409,33.65
TLJNhwM5emc,product_reviews,1.0,0,129.55491638183594,95.32630157470703,90.3083267211914,72,14,0,0,0.0,178.36858006042297,16.55
TfCEtn6RIZI,product_reviews,0.91015625,1,161.49591064453125,142.2235565185547,72.98734283447266,51,10,0,0,0.0,217.10586443259712,65.65
TheLKaydm6Q,product_reviews,0.315625,1,136.8063201904297,64.7848129272461,80.22676086425781,57,10,3,0,0.4,241.0344827586207,8.7
TkRzFjVgQQI,product_reviews,0.303125,1,143.3007049560547,103.61917114257812,71.09532165527344,85,16,2,0,0.15000000000000002,211.76470588235296,1.7
TksBi40Vks4,product_reviews,0.98125,0,114.906982421875,68.163818359375,89.31997680664062,99,11,0,0,0.0,167.96460176991152,50.85
TvmYngoL8RQ,product_reviews,0.86328125,1,112.21703338623047,46.89521026611328,65.00347900390625,37,5,0,0,0.0,176.71772428884026,45.7
U7vjEzNnGQQ,product_reviews,0.93359375,0,125.58792114257812,53.749427795410156,79.85810089111328,69,9,0,0,0.0,71.0091743119266,32.7
UFaNif_NqXA,product_reviews,0.315625,1,148.00912475585938,84.718994140625,70.57373046875,50,9,0,0,0.019607843137254943,198.75,0.8
UFnTi0jOQ-8,product_reviews,1.0,0,149.93167114257812,113.94631958007812,78.14090728759766,77,13,0,0,0.0,112.0421052631579,23.75
UGokvXbgj6c,product_reviews,0.990625,0,79.23396301269531,40.10588455200195,86.00536346435547,21,3,2,0,0.43243243243243246,124.83870967741935,15.5
UItwq43it8o,product_reviews,0.2765625,1,146.48150634765625,86.17107391357422,73.8435287475586,39,8,4,0,0.5617977528089888,218.94736842105263,2.85
UN0kG4g_eZE,product_reviews,0.95390625,0,128.58331298828125,32.87384033203125,82.33171081542969,44,8,0,0,0.0,158.5438972162741,23.35
UaMPOM1duws,product_reviews,0.16640625,1,168.3749542236328,40.56178283691406,70.93357849121094,23,6,0,0,0.0,191.85185185185185,4.05
UqWbBHXqkQ4,product_reviews,0.315625,1,63.160396575927734,27.483583450317383,70.79373931884766,39,5,5,0,0.61,,0.65
UqmFKoIHqFg,product_reviews,0.98359375,0,125.8838119506836,77.59748840332031,54.615501403808594,33,5,0,0,0.0,152.9203539823009,45.2
V-i9brwsMw4,product_reviews,0.66875,1,171.51206970214844,50.785255432128906,66.63748931884766,75,14,0,0,0.0,10.391752577319586,24.25
V300qezbpKA,product_reviews,0.315625,1,152.91078186035156,55.75200271606445,52.04082489013672,24,3,0,0,0.0,239.3939393939394,4.95
V6ob7elRGb4,product_reviews,0.315625,1,123.91336822509766,75.43340301513672,51.940513610839844,36,8,4,0,0.5862068965517242,130.16129032258064,6.2
V6ydzItgxg8,product_reviews,0.315625,1,153.79664611816406,82.66809844970703,57.295101165771484,40,6,4,0,0.5604395604395604,,1.2
VCHhrJSdYDQ,product_reviews,0.97578125,0,187.8374481201172,83.46414947509766,51.16166305541992,32,4,0,0,0.0,97.83251231527093,10.15
VCdw6390I5s,product_reviews,0.89140625,1,201.706298828125,46.7120475769043,54.68890380859375,38,6,0,0,0.0,136.14814814814815,20.25
VFiHSfpK8zU,product_reviews,0.97265625,0,122.81449127197266,57.53631591796875,50.18339157104492,62,9,0,0,0.0,182.65822784810126,7.9
VXihJlM1GYk,product_reviews,1.0,0,148.52175903320312,22.48802375793457,48.726985931396484,56,10,0,0,0.0,158.58356940509913,17.65
V_MloFu6lTA,product_reviews,0.303125,1,134.19287109375,113.77936553955078,60.76893615722656,41,5,2,1,0.36923076923076925,,3.0
Vc0et_KGQzo,product_reviews,0.15234375,1,156.26824951171875,93.11042785644531,48.17473220825195,50,8,0,0,0.0,,0.85
ViuUmJfZcB8,product_reviews,0.38515625,1,128.22705078125,30.597042083740234,103.36746978759766,34,6,0,0,0.0,169.30348258706468,60.3
WOwMA5VAe1k,product_reviews,0.83046875,1,101.3718490600586,90.59058380126953,94.65675354003906,42,8,0,0,0.0,223.0434782608696,16.1
WUy_lSG3Bcc,product_reviews,0.2515625,1,180.36383056640625,118.56718444824219,50.47734069824219,40,6,3,0,0.45945945945945943,222.85714285714286,1.05
WXggcRHXYAU,product_reviews,0.28359375,1,167.88919067382812,68.87714385986328,55.58805465698242,53,12,0,0,0.0,224.72727272727275,2.75
WYwb9RCTWSo,product_reviews,1.0,0,139.32835388183594,35.21501922607422,59.87607955932617,46,7,4,0,0.5106382978723405,140.71428571428572,12.6
WcPiy-_iG10,product_reviews,0.79765625,1,118.403076171875,126.51881408691406,85.28325653076172,26,5,0,0,0.0,166.72697368421052,121.6
WdMcf09oA2k,product_reviews,0.7828125,1,124.66897583007812,165.66188049316406,78.81864929199219,36,5,0,0,0.0,120.33519553072625,8.95
Wkx_MtkP6WE,product_reviews,0.9921875,0,148.61997985839844,134.6850128173828,97.91728973388672,47,9,0,0,0.0,196.8103448275862,11.6
WoPBi7quRjc,product_reviews,0.84453125,1,99.63862609863281,63.2996711730957,47.0469970703125,40,7,1,0,0.24528301886792447,161.24031007751938,19.35
XFrNuagQJWQ,product_reviews,0.92890625,0,157.66734313964844,67.13615417480469,57.89480209350586,70,11,0,0,0.0,150.72,6.25
XKlAVXWk0vE,product_reviews,0.934375,0,149.69265747070312,132.56484985351562,62.13941192626953,40,7,0,0,0.0,180.71428571428572,33.6
XQWrh0KPLmU,product_reviews,0.315625,1,130.77200317382812,48.76932907104492,58.528785705566406,46,9,4,0,0.54,272.9032258064516,1.55
XSfb_GMTdD8,product_reviews,0.765625,1,94.80564880371094,50.998992919921875,90.8021011352539,29,4,0,0,0.0,128.01498127340824,40.05
XYeDo988WGc,product_reviews,1.0,0,81.47380828857422,63.70783996582031,54.53289794921875,68,11,0,0,0.0,,0.7
XhocUNrn2OA,product_reviews,0.2734375,1,180.6281280517578,54.53514099121094,76.28617095947266,43,7,3,0,0.47560975609756095,120.0,2.95
XuIRjtv8KNU,product_reviews,0.88671875,1,133.92677307128906,68.31884765625,67.22607421875,55,10,0,0,0.0,139.87951807228916,8.3
Xv4vKNhhA5g,product_reviews,0.27109375,1,142.05885314941406,85.09945678710938,61.15891647338867,44,9,0,0,0.0,209.0,3.0
Xx90saouZtg,product_reviews,0.315625,1,123.70587158203125,94.65657806396484,70.4168701171875,37,9,4,1,0.4931506849315068,267.0,1.0
XxODxALYV8o,product_reviews,0.4197916666666667,1,75.81674194335938,100.21118927001953,74.61048889160156,47,8,0,0,0.0,177.27774371551195,81.55
YFq5rgmrQ8s,product_reviews,0.30234375,1,167.5487518310547,98.95451354980469,73.94108581542969,97,17,0,0,0.0,,1.7
YL0hGbnJ6-0,product_reviews,0.315625,1,147.71902465820312,123.51898956298828,50.043739318847656,63,9,4,1,0.36363636363636365,172.94117647058823,1.7
YsMVfAd_svU,product_reviews,1.0,0,172.45823669433594,75.71453094482422,66.94776153564453,67,9,0,0,0.0,98.19628647214854,18.85
YxjDM2a44SQ,product_reviews,0.859375,1,104.26234436035156,87.89327239990234,83.54063415527344,50,7,0,0,0.0,201.55339805825244,10.3
YzWbvXa8MHQ,product_reviews,0.96328125,0,135.36216735839844,72.79215240478516,52.2694091796875,66,11,0,0,0.0,134.53658536585365,30.75
ZIX1JLa853o,product_reviews,1.0,0,137.49655151367188,45.966346740722656,58.519962310791016,54,10,0,0,0.0,161.71875,6.4
ZKsrhUGAvhA,product_reviews,0.834375,1,153.15130615234375,117.91997528076172,68.16944885253906,68,12,0,0,0.0,205.5737704918033,24.4
ZP0nyFmoKx0,product_reviews,0.315625,1,206.91549682617188,42.12523651123047,79.54789733886719,68,10,3,0,0.26881720430107525,,0.6
ZPInAByPSJs,product_reviews,0.98984375,0,224.2034912109375,71.78248596191406,44.52696990966797,65,12,0,0,0.0,132.4731182795699,13.95
ZRxncrcuN9g,product_reviews,0.975,0,188.86305236816406,190.03126525878906,72.04003143310547,45,6,0,0,0.0,144.96774193548387,15.5
Z_m1geTvqTI,product_reviews,0.67421875,1,142.1881103515625,83.92121887207031,48.40082931518555,53,10,0,0,0.0,90.64748201438849,62.55
ZtSugZrDQZI,product_reviews,1.0,0,133.08140563964844,85.60459899902344,103.19378662109375,63,10,0,0,0.0,228.2474226804124,14.55
Zta5VnPFLnc,product_reviews,0.89375,1,172.3417205810547,128.0570831298828,72.56327056884766,67,11,0,0,0.0,184.00485436893206,41.2
Zw3f8ms16fY,product_reviews,0.74296875,1,100.6741943359375,67.35879516601562,80.5415267944336,61,11,0,0,0.0,169.22861150070128,35.65
_86eqsi21Vc,product_reviews,1.0,0,130.2103271484375,70.68267059326172,59.645301818847656,55,8,0,0,0.0,104.81203007518796,19.95
_KG0wBcGeF0,product_reviews,0.315625,1,182.5279998779297,111.12894439697266,86.55440521240234,35,6,0,0,0.0,209.1891891891892,1.85
_OqM0kQY19Q,product_reviews,0.94140625,0,184.20660400390625,183.83200073242188,68.45513153076172,57,10,0,0,0.0,200.09478672985782,31.65
_Zs9OzyKrhQ,product_reviews,0.79375,1,103.07105255126953,161.2728271484375,74.58030700683594,45,7,0,0,0.0,173.06209850107066,23.35
_fCtAkWhbwo,product_reviews,0.76875,1,158.59754943847656,181.34193420410156,57.92527389526367,39,6,3,0,0.5,122.5130890052356,28.65
_nLDWTU1mY0,product_reviews,0.8328125,1,183.2142333984375,135.6873779296875,69.05799865722656,69,10,0,0,0.0,138.17034700315457,15.85
_vfMa0gETpU,product_reviews,0.98359375,0,112.48003387451172,113.27752685546875,87.9320297241211,29,4,0,0,0.0,191.1987860394537,98.85
a76PxbGQfZ4,product_reviews,0.97890625,0,102.70581817626953,83.0737075805664,57.13103103637695,80,14,1,0,0.13978494623655913,107.91366906474819,6.95
aHb0rIPZ5ak,product_reviews,0.278125,1,118.67236328125,61.931880950927734,66.00255584716797,90,14,1,1,0.08163265306122447,144.64285714285714,2.8
aM6UEQslMYE,product_reviews,1.0,0,160.3330078125,46.43496322631836,97.59284210205078,47,8,1,0,0.21666666666666667,133.1764705882353,12.75
a_z1qyixlQ0,product_reviews,0.4609375,1,174.5470733642578,89.9006576538086,47.1357421875,28,5,0,0,0.0,175.5893536121673,39.45
aq-zsHj4eP0,product_reviews,0.26953125,1,176.0012969970703,62.19749069213867,51.50391387939453,82,13,0,0,0.0,,0.4
axW4mz9s4TE,product_reviews,0.96875,0,87.24830627441406,116.73392486572266,70.99396514892578,36,8,0,0,0.0,146.16438356164383,21.9
ay70uCYEoxE,product_reviews,0.24453125,1,149.05288696289062,67.97957611083984,69.16687774658203,42,7,3,0,0.5058823529411764,203.57142857142856,1.4
b3ov-vZr6XU,product_reviews,0.19453125,1,148.40541076660156,88.3721694946289,48.22312927246094,63,9,0,0,0.0,,1.15
bAriYRHoZfc,product_reviews,0.8609375,1,180.2071990966797,102.17354583740234,67.17601776123047,67,10,0,0,0.0,192.97691373025515,41.15
bOV6Fi-WjM4,product_reviews,0.8875,1,145.1120147705078,120.57771301269531,70.79823303222656,40,6,0,0,0.0,137.5235531628533,297.2
bPnR4I6BEvo,product_reviews,0.26953125,1,142.58787536621094,62.11501693725586,60.5365104675293,25,4,0,0,0.0,99.39130434782608,11.5
bnqb8PmRUek,product_reviews,0.946875,0,148.8164825439453,91.37510681152344,100.44154357910156,60,9,0,0,0.0,166.6,15.0
c8OWWgKmKoE,product_reviews,0.846875,1,221.96791076660156,29.621200561523438,68.0924301147461,57,8,0,0,0.0,117.5743162901308,42.05
c9i8Gug71f4,product_reviews,0.3640625,1,78.06784057617188,43.54384994506836,45.952545166015625,49,7,0,0,0.0,150.8256880733945,5.45
cMYkAmbY5lw,product_reviews,0.953125,0,96.62244415283203,51.619380950927734,75.07910919189453,91,11,1,0,0.0714285714285714,136.751269035533,9.85
cjCHL7LMBZQ,product_reviews,0.8171875,1,144.49607849121094,130.5789794921875,98.49725341796875,58,9,0,0,0.0,162.6,25.0
cwtioC2m0Rk,product_reviews,0.315625,1,119.43734741210938,69.11530303955078,57.63535690307617,53,8,0,0,0.0,165.5056179775281,8.9
d2_clGa3J7E,product_reviews,0.89609375,1,138.21084594726562,36.1422004699707,71.76227569580078,81,13,0,0,0.0,129.7472924187726,27.7
dAG-xdu4zG0,product_reviews,0.1984375,1,145.16505432128906,97.39667510986328,49.00786590576172,68,10,0,0,0.0,,0.75
dSvGGvZI1fE,product_reviews,0.30625,1,151.93649291992188,83.6581039428711,101.412841796875,69,11,0,0,0.0,211.66666666666666,9.0
dyeXV9pSDBY,product_reviews,0.903125,1,194.3177947998047,81.99816131591797,86.22371673583984,44,8,0,0,0.0,110.1923076923077,10.4
eFeDVjPjUTE,product_reviews,0.64140625,1,190.4387664794922,115.339111328125,65.89029693603516,55,9,0,0,0.0,83.80352644836273,39.7
eITx_Oeb1b0,product_reviews,0.77578125,1,142.56797790527344,91.1104507446289,85.87899017333984,30,4,3,0,0.4642857142857143,,25.9
eMHWpUJVIq8,product_reviews,0.9234375,0,186.0944366455078,123.17698669433594,73.02535247802734,55,8,0,0,0.0,191.5215110178384,95.3
eYGrMpYpMC4,product_reviews,0.9015625,1,185.10525512695312,106.8196029663086,89.8199462890625,45,9,0,0,0.0,120.32520325203251,18.45
ec1f4OWYObQ,product_reviews,0.5640625,1,147.5010223388672,97.4674072265625,85.24681091308594,66,11,0,0,0.0,200.32854209445583,24.35
ezZNGtJ9LCM,product_reviews,0.2546875,1,142.32608032226562,147.5288848876953,57.69059753417969,47,9,0,0,0.0,189.33333333333334,2.25
f18fyz1Y0So,product_reviews,0.92421875,0,202.37069702148438,88.2603759765625,61.43104553222656,43,8,4,0,0.49411764705882355,154.53978159126365,32.05
f8ja15ViCJg,product_reviews,0.93046875,0,129.59671020507812,67.31710815429688,90.33853149414062,56,9,0,0,0.0,197.40213523131672,28.1
fMf_ocnS9og,product_reviews,0.87890625,1,68.8514404296875,86.13167572021484,75.50624084472656,80,12,0,0,0.0,183.0841121495327,10.7
fRBOxyu2b2Q,product_reviews,0.621875,1,127.97844696044922,33.5653190612793,60.71308135986328,45,6,0,0,0.0,198.28767123287673,29.2
fYLl5_M7xxg,product_reviews,0.26171875,1,174.6090545654297,70.5234375,33.202545166015625,70,10,2,1,0.25531914893617025,,0.75
fa3kgCMzJ78,product_reviews,1.0,0,166.89260864257812,155.5659942626953,49.286930084228516,20,3,0,0,0.0,117.32365145228216,48.2
fpQZel6zXQU,product_reviews,0.90234375,1,145.53152465820312,118.20425415039062,88.98564147949219,51,8,0,0,0.0,138.73684210526315,42.75
fv3G2M_Sl40,product_reviews,0.315625,1,150.45037841796875,92.46485137939453,53.864845275878906,27,5,0,0,0.0,223.07692307692307,1.95
fyRyMm2mnfE,product_reviews,0.9953125,0,135.29722595214844,91.970458984375,73.929443359375,29,4,0,0,0.0,90.0,9.1
g2UcB36u75Q,product_reviews,0.2375,1,177.3823699951172,70.32328796386719,62.05192565917969,34,4,4,0,0.6458333333333333,,1.5
gKEbi0rusvw,product_reviews,0.95234375,0,146.94175720214844,85.86648559570312,77.0680160522461,72,11,0,0,0.0,61.714285714285715,24.5
g_mx28u_-TI,product_reviews,0.31484375,1,151.5563507080078,38.41083908081055,83.04393768310547,100,18,0,0,0.0,150.0,2.9
gjjBIfkaB9g,product_reviews,0.315625,1,122.32208251953125,81.87955474853516,84.94792175292969,74,12,0,0,0.0,193.7142857142857,1.75
gvOkErFZGrU,product_reviews,0.315625,1,148.77947998046875,70.2176513671875,81.2001953125,83,15,0,0,0.0,,1.75
gy4v7_1Es6U,product_reviews,0.315625,1,158.43283081054688,106.79141998291016,61.12154006958008,35,6,5,1,0.6195652173913043,246.10169491525426,2.95
h0a-NcNbDag,product_reviews,1.0,0,163.17520141601562,37.6163330078125,111.73694610595703,58,9,0,0,0.0,111.53846153846153,3.9
h5YQu1ajzxs,product_reviews,0.171875,1,167.6007843017578,62.455474853515625,63.59415817260742,37,6,0,0,0.0,208.0,3.0
h6JREoZmiG0,product_reviews,0.75,1,152.02223205566406,149.674560546875,57.168399810791016,93,13,0,0,0.0,51.34078212290503,53.7
hABBwUdr8vw,product_reviews,0.2984375,1,95.81058502197266,80.1889877319336,88.62976837158203,63,12,0,0,0.0,230.86956521739128,4.6
hNVEAQoVSGc,product_reviews,0.79765625,1,133.96621704101562,30.15733528137207,82.94921875,58,8,0,0,0.0,165.23809523809524,18.9
hRdGv4y-X-o,product_reviews,0.21796875,1,75.84227752685547,91.4970703125,64.14920806884766,65,10,0,0,0.0,,0.75
hXGmw5HdoVo,product_reviews,1.0,0,83.08045196533203,59.45954513549805,86.92857360839844,51,10,0,0,0.0,118.29268292682926,73.8
hbSwjiXW0vg,product_reviews,0.315625,1,124.89186096191406,63.30665588378906,62.9163932800293,29,5,0,0,0.0,76.27118644067797,2.95
hbxbefnFyI4,product_reviews,0.9984375,0,136.0694580078125,89.72327423095703,97.74834442138672,66,10,0,0,0.0,209.77995110024452,20.45
hmafJP0ETWo,product_reviews,0.7875,1,147.09059143066406,112.95797729492188,64.96183776855469,43,10,0,0,0.0,93.20463320463321,38.85
ht4MTMHDV2g,product_reviews,0.97734375,0,107.6181640625,49.06124496459961,66.03025817871094,64,10,0,0,0.0,151.671388101983,52.95
hvg7bDuHnbE,product_reviews,0.9958333333333333,0,128.3377685546875,71.54564666748047,88.98512268066406,56,8,0,0,0.0,119.43925233644859,21.4
iHHdigb4z5M,product_reviews,0.29765625,1,163.77450561523438,97.30147552490234,65.67850494384766,48,8,0,0,0.0,164.4943820224719,4.45
iPcCwOGUXjE,product_reviews,0.30234375,1,142.07737731933594,82.74608612060547,49.413936614990234,74,10,0,0,0.0,,0.7
ic7VSqi7MtI,product_reviews,0.27109375,1,173.64132690429688,33.2755012512207,57.03922653198242,80,13,0,0,0.0,100.71428571428571,2.8
ieqSa4AXY3s,product_reviews,0.96953125,0,128.99366760253906,92.16897583007812,71.51983642578125,57,8,3,0,0.3132530120481928,127.88135593220339,11.8
ignHjln9OLw,product_reviews,1.0,0,121.2134017944336,58.12882995605469,96.5009536743164,91,14,0,0,0.0,145.62111801242236,32.2
ij4paUWMNII,product_reviews,0.284375,1,174.56753540039062,74.56256103515625,51.901100158691406,56,12,1,1,0.125,193.5,2.0
ijoXuV69WkQ,product_reviews,0.3,1,192.08241271972656,79.97342681884766,68.22566223144531,87,16,2,0,0.13,,0.3
in-D13iejQE,product_reviews,0.30859375,1,172.86572265625,69.52074432373047,70.0462417602539,53,8,0,0,0.0,173.12977099236642,6.55
itZVPl7TKKM,product_reviews,0.315625,1,209.16403198242188,114.40406036376953,50.46855163574219,25,3,3,0,0.4897959183673469,206.9318181818182,8.8
ixm7Q-etL_0,product_reviews,0.7015625,1,126.39886474609375,75.52067565917969,57.536373138427734,36,5,0,0,0.0,189.873417721519,11.85
j4E16yIc4js,product_reviews,1.0,0,120.34799194335938,75.67440032958984,111.34185028076172,43,6,0,0,0.022727272727272707,178.2108626198083,46.95
jGzSFLrxOBI,product_reviews,0.61015625,1,171.94287109375,65.17816925048828,75.78041076660156,58,9,0,0,0.016949152542372836,39.07654921020656,41.15
jhgAmyGqdVo,product_reviews,0.2765625,1,174.4523468017578,106.82487487792969,58.573368072509766,19,3,9,0,0.8061224489795918,112.0,1.5
jn3SySl2DEE,product_reviews,1.0,0,167.38279724121094,102.48361206054688,65.43933868408203,69,13,0,0,0.0,219.3913043478261,34.5
jnOkA6sBq14,product_reviews,0.80625,1,111.88412475585938,55.17368698120117,75.17643737792969,38,5,0,0,0.0,164.22222222222223,13.5
jwFTkqwZCzg,product_reviews,0.31484375,1,117.50816345214844,44.209869384765625,57.210052490234375,61,10,0,0,0.0,208.26446280991735,6.05
k4vfZHcY2LE,product_reviews,0.3125,1,174.33197021484375,61.788673400878906,68.37767791748047,82,15,2,0,0.13684210526315788,,0.3
kKu20YrAs7U,product_reviews,0.925,0,141.43507385253906,48.297767639160156,65.42472076416016,47,9,0,0,0.0,,1.95
klaCPdBS368,product_reviews,0.30859375,1,122.50945281982422,102.99681854248047,61.96268844604492,45,8,0,0,0.0,195.2542372881356,2.95
kltR1R2Fmmo,product_reviews,0.76640625,1,154.9243927001953,54.71320724487305,94.20716857910156,81,17,0,0,0.0,131.875,4.8
kt45VGhetrw,product_reviews,0.92109375,0,127.0794677734375,78.91577911376953,74.61170196533203,51,8,0,0,0.0,154.18907198612317,57.65
kvfMWiK4Rfs,product_reviews,0.9078125,1,119.66654205322266,44.30909729003906,97.79633331298828,71,10,0,0,0.0,85.92857142857143,42.0
l0xvRWW0DbQ,product_reviews,0.315625,1,119.6733627319336,60.03964614868164,70.26066589355469,24,6,0,0,0.0,244.91803278688525,3.05
l1nLAKnQaEI,product_reviews,0.315625,1,149.15631103515625,91.65656280517578,64.02484130859375,26,6,5,1,0.6176470588235294,242.60869565217394,3.45
lHyHmrJkNPc,product_reviews,0.28046875,1,163.96261596679688,119.90471649169922,56.91554260253906,28,5,0,0,0.0,,1.5
lKePTsZ_Flo,product_reviews,0.3171875,1,138.9866485595703,68.46215057373047,65.1690444946289,42,8,1,1,0.16000000000000003,,0.75
lMVQzMrPYbk,product_reviews,0.9921875,0,148.1656494140625,86.89662170410156,81.53563690185547,53,8,0,0,0.0,201.44486692015207,13.15
lRoG5Vqekqg,product_reviews,0.396875,1,168.7173309326172,7.026479244232178,91.4405288696289,37,6,0,0,0.0,145.60794044665013,20.15
lV8OoAWTK9I,product_reviews,0.9875,0,136.4591827392578,83.31770324707031,76.00788879394531,100,16,0,0,0.0,192.60296540362438,60.7
laMWjFHPiNY,product_reviews,0.315625,1,149.45521545410156,90.23983764648438,90.94207763671875,55,11,0,0,0.0,217.35849056603774,2.65
lbxEqd-Gu_0,product_reviews,0.721875,1,99.27640533447266,85.30984497070312,59.06361770629883,72,11,0,0,0.0,175.48494983277592,29.9
ljOFn91or14,product_reviews,0.99296875,0,140.2032012939453,66.30252838134766,69.26499938964844,76,13,0,0,0.0,195.17241379310346,21.75
ln9CvxFzMUo,product_reviews,1.0,0,181.7017364501953,85.47783660888672,68.05615234375,66,11,0,0,0.0,214.45945945945945,22.2
lsVU31WvLoA,product_reviews,0.9078125,1,141.93115234375,26.021018981933594,84.18179321289062,68,10,0,0,0.0,166.984126984127,28.35
lzr6E--uGRI,product_reviews,0.265625,1,143.51766967773438,78.40399169921875,76.91067504882812,26,6,2,0,0.4901960784313726,180.0,1.45
m-K5psvrcWo,product_reviews,0.890625,1,135.98870849609375,91.76204681396484,72.5821304321289,63,10,0,0,0.0,166.5978260869565,184.0
m9F-i2z0xbY,product_reviews,0.315625,1,146.31744384765625,61.28759765625,87.43868255615234,46,8,2,0,0.34285714285714286,,1.2
mNf2uQRjpYE,product_reviews,0.315625,1,135.57003784179688,86.61274719238281,66.39644622802734,19,4,7,1,0.7912087912087912,225.88235294117646,0.85
mOxx561Xb2A,product_reviews,0.85859375,1,180.3112335205078,139.327880859375,68.4217529296875,95,15,0,0,0.0,183.2,60.0
mU8BQxFatXg,product_reviews,1.0,0,134.9864044189453,74.84576416015625,94.27813720703125,46,7,3,0,0.4651162790697675,133.07692307692307,3.9
mXtiJ9FHreI,product_reviews,0.9328125,0,197.8842315673828,32.481903076171875,89.48670959472656,43,10,0,0,0.0,178.59854014598542,34.25
mpfLLn79h5Q,product_reviews,0.315625,1,158.93943786621094,133.0742645263672,51.26516342163086,25,3,4,0,0.6753246753246753,,1.95
mvnpNGZtbXo,product_reviews,0.71328125,1,144.66909790039062,134.04452514648438,99.30595397949219,100,16,0,0,0.0,191.5593220338983,88.5
mwfCZyYviZs,product_reviews,0.7609375,1,65.5152816772461,16.733386993408203,83.33448028564453,86,14,0,0,0.0,31.25,21.6
n4kA3E06VGc,product_reviews,0.26484375,1,101.41222381591797,56.78144073486328,60.461524963378906,44,6,0,0,0.0,187.3469387755102,2.45
n5xe-DEnejM,product_reviews,1.0,0,145.43353271484375,51.55755615234375,62.695316314697266,56,11,0,0,0.0,,1.95
nFeUuDGOb4o,product_reviews,0.91640625,1,154.78372192382812,70.95430755615234,49.37675476074219,40,6,0,0,0.0,106.52482269503547,21.15
nFp_6ukYRmk,product_reviews,0.315625,1,176.254638671875,98.11540222167969,60.50444793701172,95,16,0,0,0.0,,0.75
nPCF3dqh3rE,product_reviews,0.28125,1,126.0671157836914,106.0357666015625,79.54173278808594,49,5,0,0,0.020000000000000018,235.77464788732394,3.55
na59L9tzFKc,product_reviews,0.9645833333333333,0,120.36847686767578,30.12166976928711,74.0140609741211,51,7,1,0,0.29166666666666663,115.37254901960785,38.25
njb7_IBroFw,product_reviews,0.91953125,1,218.247314453125,65.26277160644531,47.38284683227539,65,12,0,0,0.0,163.43558282208588,24.45
nl6VoyaV03c,product_reviews,0.30234375,1,158.51002502441406,71.83169555664062,65.93428802490234,53,9,2,0,0.3375,201.66666666666669,1.8
nuk3zlVoUEA,product_reviews,0.99921875,0,160.49752807617188,105.5469741821289,83.62044525146484,62,13,0,0,0.0,156.97347893915756,32.05
nx6OvlS3eoI,product_reviews,0.2546875,1,215.917724609375,105.12222290039062,43.09321212768555,82,14,2,0,0.13684210526315788,,0.5
o0zZlela3Qo,product_reviews,0.78046875,1,191.5825653076172,21.43829917907715,100.06593322753906,35,6,0,0,0.0,136.92660550458714,21.8
o9g2fB1j8w8,product_reviews,1.0,0,140.7190704345703,44.438385009765625,99.94617462158203,50,8,0,0,0.0,136.2162162162162,1.85
oDlUudr6gOc,product_reviews,0.19765625,1,81.96636199951172,102.44615936279297,88.95622253417969,76,10,3,1,0.24,225.00000000000003,2.2
oIvh4-fgm3s,product_reviews,0.29453125,1,122.18254852294922,42.590476989746094,62.31786346435547,19,4,7,1,0.7912087912087912,,1.0
oLEeb280ZeA,product_reviews,1.0,0,142.21397399902344,125.68553924560547,83.18939208984375,69,12,0,0,0.0,168.87372013651876,43.95
oMfIg640bZY,product_reviews,0.82578125,1,213.4520721435547,44.31883239746094,49.72252655029297,70,13,0,0,0.0,142.95454545454544,13.2
oSj5CHcvURM,product_reviews,0.3,1,156.7171173095703,83.29874420166016,67.80272674560547,81,16,2,1,0.18181818181818177,,1.55
oVFt8Oh5_qs,product_reviews,0.471875,1,118.9945068359375,107.76099395751953,69.16291046142578,59,11,0,0,0.0,165.8143607705779,57.1
p26AVpXtgaw,product_reviews,0.946875,0,158.65438842773438,75.53935241699219,102.37165069580078,50,7,0,0,0.0,117.7655172413793,72.5
p6M5xuzRpn8,product_reviews,0.95234375,0,128.92990112304688,58.50181198120117,69.35047912597656,79,14,0,0,0.0,90.90670170827858,38.05
pBFmh0yY6jE,product_reviews,0.315625,1,165.92701721191406,82.63162231445312,60.60165786743164,55,6,4,0,0.40217391304347827,218.63013698630138,3.65
pENunhjWCdw,product_reviews,0.890625,1,145.93748474121094,131.2886505126953,62.091922760009766,39,6,0,0,0.0,144.30045132172793,465.3
pN8ubXhhThY,product_reviews,0.603125,1,131.6769256591797,96.8105239868164,74.27149200439453,51,10,0,0,0.037735849056603765,167.50853242320818,58.6
pPseYBOXSVs,product_reviews,0.315625,1,143.05545043945312,88.89990997314453,57.543399810791016,58,10,2,1,0.26582278481012656,197.3076923076923,2.6
pQzveAytEZI,product_reviews,0.6171875,1,67.45088958740234,65.96113586425781,74.70952606201172,51,9,0,0,0.0,,3.1
p_9hbtPBy6g,product_reviews,0.9734375,0,159.7252197265625,145.2619171142578,81.43986511230469,69,10,0,0,0.0,193.31923890063425,23.65
pgiOHHEm2gE,product_reviews,0.6015625,1,127.14591979980469,111.23600006103516,73.32991790771484,64,11,0,0,0.0,214.69387755102042,22.05
potiSb273K0,product_reviews,0.978125,0,161.29405212402344,105.5015869140625,103.45919036865234,46,8,0,0,0.0,141.23711340206188,29.1
pv8iKMlVrpI,product_reviews,0.3125,1,131.45077514648438,38.233062744140625,78.83329772949219,32,5,5,0,0.6559139784946236,170.84745762711864,2.95
pwgk5jD3ba4,product_reviews,0.475,1,161.83941650390625,74.48435974121094,46.65045928955078,52,11,0,0,0.0,187.11864406779662,2.95
qAqaISZUAYo,product_reviews,1.0,0,116.31010437011719,70.67018127441406,81.870849609375,55,10,0,0,0.0,170.89156626506022,20.75
qR3ITeyHT_E,product_reviews,0.315625,1,161.7452392578125,44.6730842590332,68.86167907714844,25,6,0,0,0.0,193.0909090909091,2.75
qTkXhkoXRg0,product_reviews,0.5859375,1,139.78115844726562,123.36237335205078,74.5645751953125,48,9,0,0,0.0,160.14989293361884,46.7
qYPpIOfAOjQ,product_reviews,0.95078125,0,93.70579528808594,66.06278991699219,68.15237426757812,43,8,0,0,0.0,209.29133858267716,12.7
qb6ej4D0mxs,product_reviews,1.0,0,104.47622680664062,59.237083435058594,77.23241424560547,57,11,0,0,0.0,158.126582278481,19.75
qhX8ObSCn84,product_reviews,0.83203125,1,83.96942901611328,67.59638977050781,65.59735107421875,44,8,0,0,0.0,199.84615384615387,13.0
qmZWe0mDF6s,product_reviews,0.93984375,0,62.1909294128418,51.3469123840332,67.27177429199219,69,12,0,0,0.0,187.72058823529412,13.6
qtr5NqlzBCE,product_reviews,0.54375,1,119.25248718261719,18.114749908447266,75.09516906738281,36,5,0,0,0.0,143.73626373626374,4.55
qy3eoeI42J4,product_reviews,0.29296875,1,138.21966552734375,84.42996215820312,59.234737396240234,27,5,4,1,0.6142857142857143,217.77777777777777,1.35
r-aaUEzPZHc,product_reviews,1.0,0,157.0774688720703,134.991455078125,67.90036010742188,88,15,0,0,0.0,151.07142857142856,5.6
r4L9x37FdB4,product_reviews,1.0,0,130.76417541503906,26.381927490234375,78.03704071044922,55,11,0,0,0.0,142.6056338028169,14.2
r6nxYrzhBdI,product_reviews,0.315625,1,168.52117919921875,80.3408203125,52.111080169677734,62,11,3,0,0.34042553191489366,,1.0
r80tyU-hcqo,product_reviews,0.7390625,1,157.3695526123047,147.1604766845703,92.30152130126953,47,8,0,0,0.0,216.99248120300751,19.95
rCZyNjqIsz0,product_reviews,0.26484375,1,215.15338134765625,117.20449829101562,56.61952590942383,85,13,0,0,0.0,,0.3
rCiHn8_hILs,product_reviews,0.6541666666666667,1,94.56783294677734,32.313411712646484,84.33814239501953,39,6,0,0,0.0,157.28155339805826,10.3
rUxn_S37Xz0,product_reviews,0.25390625,1,218.30300903320312,5.3722052574157715,62.1589241027832,22,3,0,0,0.0,159.1304347826087,1.15
rzGEM15OxYE,product_reviews,0.296875,1,164.49102783203125,128.97720336914062,50.116947174072266,42,7,5,0,0.5757575757575757,,1.45
sIBpsTZk7Jc,product_reviews,1.0,0,138.74586486816406,93.14515686035156,83.7812271118164,73,13,0,0,0.0,203.218727139722,68.35
sKQVUK-VQ1E,product_reviews,0.96875,0,168.35069274902344,109.47398376464844,68.05123901367188,48,8,0,0,0.0,211.75050301810865,24.85
sMFFSTWoIgo,product_reviews,0.8375,1,52.050167083740234,118.1899642944336,71.02767944335938,28,4,4,0,0.5625,147.39669421487605,24.2
sNyH4MAnnbg,product_reviews,0.95078125,0,126.194580078125,163.8842315673828,88.4263916015625,61,10,0,0,0.0,125.51626591230551,35.35
sdVHUS-TyuI,product_reviews,0.3765625,1,212.9442596435547,96.53547668457031,52.923057556152344,75,12,0,0,0.0,137.77358490566036,26.5
sdpJRM-l7Js,product_reviews,0.9984375,0,161.3108673095703,130.2457733154297,68.15859985351562,67,12,1,0,0.10666666666666669,163.78378378378378,11.1
shxJ7aiyTxI,product_reviews,0.88984375,1,167.8506622314453,124.83123779296875,78.1139907836914,64,10,0,0,0.0,209.88593155893534,13.15
slZT82soY4k,product_reviews,0.91484375,1,137.16571044921875,107.3250503540039,65.42285919189453,28,4,0,0,0.0,176.1611374407583,21.1
sm2DDr3uP7c,product_reviews,0.61640625,1,66.64972686767578,60.62641906738281,37.867454528808594,74,12,0,0,0.0,,2.05
t6KjqKvmQKU,product_reviews,0.26171875,1,123.05742645263672,80.69873809814453,54.63883590698242,45,9,0,0,0.0,161.94690265486727,5.65
tlmT70NK4BA,product_reviews,0.84296875,1,147.54368591308594,140.4474334716797,73.4161605834961,54,8,0,0,0.0,155.36050156739813,15.95
tnGy7TTkRyI,product_reviews,0.69609375,1,117.18059539794922,108.08692169189453,89.24272918701172,100,16,0,0,0.0,108.50746268656717,20.1
tp0GMTb97Sg,product_reviews,0.7875,1,106.8827133178711,158.10841369628906,75.44731140136719,48,8,0,0,0.0,140.59701492537314,70.35
tsgs5e773OQ,product_reviews,0.9890625,0,156.7194366455078,124.00605773925781,77.06422424316406,68,11,0,0,0.0,170.35573122529644,37.95
tvvTSaUXFoE,product_reviews,0.315625,1,141.15049743652344,74.9194107055664,64.56932830810547,77,12,0,0,0.0,,0.35
u67sSF3-D_w,product_reviews,0.7203125,1,124.7209243774414,94.69666290283203,68.82501220703125,59,9,0,0,0.0,175.89825119236886,31.45
u8oSJYL9ps8,product_reviews,0.7625,1,153.5047149658203,57.144161224365234,100.78386688232422,34,5,0,0,0.02857142857142858,188.65293185419966,31.55
uAne1z8jfw4,product_reviews,0.315625,1,101.14228057861328,120.73116302490234,62.714420318603516,14,2,5,0,0.8157894736842105,219.09677419354838,7.75
uM75ZbHZsu0,product_reviews,0.315625,1,136.8278045654297,140.256103515625,37.92118835449219,81,11,0,0,0.0,148.33333333333334,1.8
ukb6kMImJkQ,product_reviews,0.29453125,1,134.1664276123047,126.98361206054688,62.19561767578125,35,6,4,0,0.6391752577319587,,3.0
urG7mMv8RTE,product_reviews,0.828125,1,113.00387573242188,57.83769226074219,75.62960052490234,73,12,0,0,0.0,137.90322580645162,55.8
v4y2fNWN9Sg,product_reviews,0.76015625,1,198.72659301757812,142.08624267578125,70.06797790527344,45,9,0,0,0.0,182.01923076923077,20.8
vDZ7ELoGer0,product_reviews,0.73671875,1,130.88653564453125,51.287410736083984,77.72367858886719,26,4,0,0,0.0,104.37209302325581,10.75
vDgREHUzhO0,product_reviews,0.78046875,1,131.7948455810547,160.969482421875,66.99703979492188,47,8,0,0,0.0,,4.6
vGLh4D-3fCs,product_reviews,1.0,0,126.43190002441406,127.00838470458984,91.17816162109375,78,14,0,0,0.0,74.02499999999999,40.0
vLZ2WkqfsEQ,product_reviews,0.31015625,1,193.89622497558594,73.23947143554688,45.35857009887695,17,3,4,0,0.7462686567164178,,1.15
vjqkNOcg7Co,product_reviews,0.29296875,1,144.53538513183594,60.04071044921875,71.87030029296875,28,4,6,1,0.7171717171717171,139.63636363636365,2.75
voRC9YksciQ,product_reviews,0.315625,1,176.41180419921875,80.7471923828125,59.213966369628906,31,4,5,1,0.5921052631578947,,0.75
vvXdBAdVTpY,product_reviews,0.91171875,1,177.54457092285156,76.63963317871094,56.17612838745117,26,5,0,0,0.0,169.14153132250578,21.55
w0NtwDHZgdw,product_reviews,0.9171875,1,180.8904571533203,52.78034210205078,41.623512268066406,46,7,0,0,0.0,197.8846153846154,26.0
w3U5RB7vLRA,product_reviews,0.90859375,1,195.81475830078125,93.27568817138672,74.3129653930664,41,6,0,0,0.0,178.4797297297297,29.6
w8FEh9hO8ok,product_reviews,1.0,0,140.90992736816406,89.91104125976562,61.198307037353516,42,9,0,0,0.0,,1.1
wBIgUGJHXjU,product_reviews,0.57109375,1,138.76734924316406,171.8413848876953,75.59831237792969,57,9,0,0,0.0,166.75252989880406,54.35
wVl9aqSpCj8,product_reviews,0.26328125,1,203.95016479492188,50.060035705566406,60.9311637878418,35,6,2,0,0.25531914893617025,229.83050847457628,2.95
x0Edq-9-y7U,product_reviews,0.90234375,1,145.16685485839844,155.17764282226562,74.36599731445312,52,10,0,0,0.0,113.35922330097087,25.75
x3J4oce3P7E,product_reviews,0.315625,1,103.78715515136719,73.58870697021484,63.5876350402832,35,5,5,0,0.6354166666666667,210.0,2.9
xJPFcCWQQBg,product_reviews,0.315625,1,156.09925842285156,84.44395446777344,70.0044174194336,31,4,0,0,0.0,88.42105263157895,1.9
xOeX72l6aNs,product_reviews,0.64296875,1,103.62799835205078,58.698974609375,72.11524200439453,58,10,3,0,0.3695652173913043,137.1940298507463,16.75
xVcbqBAKYO8,product_reviews,0.315625,1,169.18272399902344,74.78598022460938,63.509674072265625,53,10,0,0,0.0,,0.6
xW4oZmRqcBs,product_reviews,0.9421875,0,130.9908905029297,150.21438598632812,101.1877212524414,62,10,3,0,0.3608247422680413,118.88198757763975,24.15
xerzTz-LP_U,product_reviews,0.265625,1,144.0663299560547,54.83699417114258,68.4865493774414,61,9,1,1,0.1159420289855072,,6.65
xk-VR5o_W_0,product_reviews,0.96015625,0,153.752685546875,38.15974426269531,89.33026123046875,57,8,0,0,0.0,186.8,7.5
xnRW9AtI28U,product_reviews,0.8921875,1,171.73382568359375,116.1950454711914,70.81981658935547,51,10,0,0,0.0,187.670639219935,46.15
xq7ciGRTxVg,product_reviews,0.31484375,1,165.8202667236328,142.34780883789062,66.35626220703125,43,6,2,1,0.2586206896551724,,0.85
xuTPVzGgiXQ,product_reviews,0.8890625,1,144.11573791503906,168.94024658203125,84.43740844726562,67,11,0,0,0.0,210.43227665706053,17.35
y2nubW0RL_o,product_reviews,0.603125,1,142.25421142578125,63.848785400390625,60.98064041137695,66,11,0,0,0.0,97.05263157894737,42.75
yAZ0aC2YDMg,product_reviews,0.725,1,135.2378692626953,67.58504486083984,75.94573974609375,48,7,0,0,0.0,168.1641961231471,43.85
yYDVL6KsH7U,product_reviews,0.9828125,0,138.06597900390625,115.94537353515625,85.6932373046875,70,11,0,0,0.0,203.14864864864865,74.0
ygRO61SWEsU,product_reviews,1.0,0,173.13648986816406,111.53565979003906,72.53938293457031,38,7,0,0,0.0,201.53589315525878,29.95
yuMmVDhMRHE,product_reviews,0.1953125,1,197.2143096923828,40.630462646484375,61.105560302734375,75,11,3,0,0.25,151.07142857142856,2.8
yuhWUj0P4Mg,product_reviews,0.81015625,1,145.91336059570312,55.8163948059082,67.08833312988281,42,7,0,0,0.0,181.01522842639594,29.55
yxz5NfrDMto,product_reviews,0.91640625,1,137.2598114013672,52.355064392089844,72.7794418334961,53,9,0,0,0.0,77.78894472361809,9.95
z3_Gqi-jyT0,product_reviews,0.8921875,1,137.73387145996094,56.749046325683594,74.2420883178711,49,8,0,0,0.020000000000000018,136.5065502183406,11.45
z47_3xbSZUk,product_reviews,0.315625,1,77.39151000976562,75.96045684814453,78.8055191040039,37,5,0,0,0.0,138.54545454545456,2.75
z7sXCmcM-Bg,product_reviews,0.303125,1,162.0667724609375,39.2220573425293,46.9426155090332,55,9,0,0,0.0,,0.5
zBD8eV8mfHc,product_reviews,0.315625,1,169.58197021484375,108.96245574951172,54.88916015625,68,10,0,0,0.0,,0.35
zH_b_eez6vo,product_reviews,1.0,0,148.3745574951172,106.8433837890625,97.4901123046875,35,6,1,0,0.32692307692307687,100.91379310344828,116.0
zMv43xSiuiY,product_reviews,0.315625,1,72.84483337402344,42.34657669067383,93.9662094116211,25,5,7,0,0.7474747474747474,246.9230769230769,1.3
zRIJWlWlYII,product_reviews,1.0,0,102.15038299560547,41.07421112060547,82.86611938476562,46,8,0,0,0.0,147.43993371996686,60.35
zVSG3BEZbrk,product_reviews,0.315625,1,146.3896026611328,70.77606964111328,60.69878005981445,27,6,4,0,0.6029411764705883,170.0,2.7
zYn_KGENMHQ,product_reviews,0.97265625,0,111.83419036865234,100.66205596923828,77.02200317382812,43,6,0,0,0.0,154.99105545617175,27.95
zlSD0tAnFeQ,product_reviews,0.315625,1,110.0660629272461,44.97850799560547,67.61109924316406,86,15,1,0,0.09473684210526312,,2.45
-7D7zIJ8bbY,vlogs,0.315625,1,138.79176330566406,55.71666717529297,60.841339111328125,0,0,5,0,1.0,258.38709677419354,3.1
-E7oy48zgo0,vlogs,0.94765625,0,90.55016326904297,54.258853912353516,52.37031936645508,87,17,0,0,0.0,73.3841131664853,45.95
-Sw9mWE_dmk,vlogs,0.2453125,1,157.891845703125,113.26480102539062,68.22940063476562,32,7,3,1,0.4285714285714286,272.0689655172414,2.9
-VF8xHdISEs,vlogs,1.0,0,145.02102661132812,78.22445678710938,59.3538818359375,90,15,0,0,0.0,132.81620175773787,130.85
-ZYQ3WvupZY,vlogs,0.30234375,1,154.1897430419922,53.466941833496094,45.15071487426758,17,3,5,0,0.7848101265822784,279.06976744186045,2.15
-kHRtClmTIE,vlogs,0.79140625,1,97.47309112548828,157.9805145263672,83.17147827148438,39,6,0,0,0.0,189.07441016333937,82.65
-mS-O1gL5o0,vlogs,0.99453125,0,130.92562866210938,162.17857360839844,79.60696411132812,83,15,0,0,0.0,163.0512514898689,83.9
-xyHLcVZU4Y,vlogs,0.315625,1,105.45242309570312,45.11448287963867,63.487552642822266,23,4,4,0,0.54,,3.0
0Ac7FeMJGwo,vlogs,0.315625,1,156.28016662597656,85.10877990722656,53.368961334228516,38,5,0,0,0.0,,1.15
0BdVjyz7nDI,vlogs,0.92578125,0,133.01873779296875,101.49018096923828,79.37859344482422,66,15,0,0,0.0,,38.95
0I_72h_Nj0o,vlogs,0.29453125,1,116.66920471191406,72.00629425048828,73.34495544433594,13,3,7,0,0.8395061728395061,244.0,3.0
0KVCI6ijsjY,vlogs,0.9046875,1,146.165771484375,80.15681457519531,67.8648452758789,46,4,0,0,0.0,158.5370741482966,49.9
0N4UE2-RtA0,vlogs,0.315625,1,135.1849822998047,136.31344604492188,63.53925704956055,0,0,11,0,1.0,254.39999999999998,1.25
0RsL2qq91AE,vlogs,0.3046875,1,177.21414184570312,84.74861145019531,65.16104125976562,32,8,7,1,0.6404494382022472,190.3448275862069,1.45
0TdZM110qxM,vlogs,0.24140625,1,176.30494689941406,88.70101928710938,68.96300506591797,41,10,7,1,0.5816326530612245,145.71428571428572,1.4
0VfvepNmE4Q,vlogs,0.87109375,1,143.63868713378906,134.21339416503906,72.11925506591797,35,6,0,0,0.0,116.016,62.5
0YAELDpe6Aw,vlogs,0.97109375,0,160.27093505859375,168.26513671875,67.23704528808594,44,9,1,0,0.06382978723404253,255.0,43.2
0e7cCLKQbI0,vlogs,0.790625,1,137.3500518798828,86.69608306884766,67.07014465332031,71,13,0,0,0.0,,50.6
0gBmSmiYlfQ,vlogs,0.3125,1,122.70244598388672,68.52133178710938,78.0998764038086,33,7,6,1,0.611764705882353,,2.65
0gLTzzZVtLU,vlogs,0.9984375,0,144.5677490234375,159.27792358398438,90.33402252197266,39,8,0,0,0.0,135.75418994413408,62.65
0j5lSvu1otA,vlogs,0.28984375,1,156.5000762939453,44.66434097290039,34.98260498046875,22,3,5,0,0.6,,3.6
0lfwsk3G0xk,vlogs,0.31484375,1,66.12793731689453,28.901968002319336,81.04996490478516,28,5,0,0,0.0,,0.95
0n42-2bV7no,vlogs,0.98203125,0,176.5264434814453,125.54317474365234,64.861572265625,28,6,0,0,0.0,,155.5
0n9mEipmDjY,vlogs,0.8796875,1,158.3147735595703,154.15802001953125,70.47012329101562,74,16,0,0,0.0,199.20245398773005,48.9
0tfcJDOSZPU,vlogs,0.315625,1,169.95913696289062,54.177635192871094,58.508975982666016,26,5,8,1,0.7204301075268817,,1.3
0vH0WXpbxC0,vlogs,0.9578125,0,152.604248046875,114.56512451171875,80.48247528076172,59,12,0,0,0.0,214.31438127090303,44.85
0wzi3yXsy8o,vlogs,0.2984375,1,161.01219177246094,77.65857696533203,42.95241165161133,23,5,4,1,0.5740740740740741,322.10526315789474,2.85
11xMRGN-KWE,vlogs,0.9890625,0,182.2381591796875,134.86068725585938,73.73628234863281,83,16,0,0,0.0,176.0772659732541,100.95
18yWzIUkreU,vlogs,0.31484375,1,114.31389617919922,114.44905090332031,68.32466888427734,9,3,9,0,0.91,,0.65
1WgMQ9iGZcc,vlogs,0.31171875,1,97.98125457763672,129.93438720703125,41.19028854370117,21,5,6,0,0.78125,279.5121951219512,2.05
1fClYsOGYQE,vlogs,0.315625,1,149.46095275878906,108.11643981933594,57.93399429321289,40,5,6,0,0.5876288659793815,,3.0
1t-M3NpiXUs,vlogs,0.92890625,0,114.39604949951172,95.79021453857422,84.00702667236328,33,8,0,0,0.0,228.58267716535434,38.1
2-iOGD52g4o,vlogs,1.0,0,132.9882049560547,46.56581497192383,80.28665924072266,32,6,0,0,0.030303030303030276,185.74031890660592,43.9
22AlEn2zc_E,vlogs,1.0,0,145.32713317871094,111.69784545898438,74.45452117919922,79,15,0,0,0.0,121.45576707726764,133.95
23hgrvX-Z4c,vlogs,0.315625,1,160.56471252441406,73.01959228515625,71.10663604736328,40,6,3,1,0.3650793650793651,167.14285714285717,4.2
27hbQhAufmI,vlogs,0.8359375,1,98.74421691894531,96.50321197509766,71.13777160644531,30,6,0,0,0.0,224.94267515923565,39.25
2B6T5l1W064,vlogs,1.0,0,167.11122131347656,81.95537567138672,70.2026138305664,91,16,0,0,0.0,115.5232558139535,51.6
2IZpJiQCeu4,vlogs,0.70546875,1,137.91055297851562,97.6581039428711,68.80235290527344,96,18,0,0,0.0,132.53869969040247,64.6
2SOY2H1Su2c,vlogs,0.22265625,1,159.3496551513672,77.10497283935547,69.62691497802734,27,4,3,1,0.45999999999999996,193.44827586206895,2.9
2clwns8eQ18,vlogs,0.315625,1,128.9169158935547,49.92911148071289,63.479576110839844,0,0,10,0,1.0,186.25,4.8
2jQz0yTMRm4,vlogs,0.315625,1,174.04119873046875,52.70614242553711,66.49408721923828,32,7,7,1,0.6404494382022472,108.33333333333334,1.8
2qWiygoT898,vlogs,0.9984375,0,182.51475524902344,117.5501937866211,80.06103515625,30,6,0,0,0.0,144.98480243161094,49.35
2tM5F_X9ztA,vlogs,0.303125,1,174.73367309570312,128.37403869628906,68.32865905761719,50,11,5,1,0.47916666666666663,,3.0
34Dm_ndyGnc,vlogs,0.315625,1,130.6865692138672,80.87860870361328,56.54216766357422,35,7,6,0,0.6354166666666667,212.54237288135593,2.95
3CdaYmuCgvo,vlogs,0.96015625,0,166.5811004638672,103.09130096435547,87.16439819335938,50,8,0,0,0.0,140.1944106925881,41.15
3X-_ub_NJNA,vlogs,0.315625,1,145.1995086669922,63.50745391845703,62.02705001831055,34,6,6,1,0.6091954022988506,224.3478260869565,2.3
3_q4ltsZdXw,vlogs,0.29375,1,135.55999755859375,74.09339141845703,63.30809020996094,36,8,7,1,0.6129032258064516,,1.9
3flasGVUrCA,vlogs,0.9625,0,159.62840270996094,141.27865600585938,65.99679565429688,81,15,0,0,0.0,,
3tRLD_qitXg,vlogs,0.3109375,1,118.27054595947266,85.3891830444336,63.66191864013672,36,3,5,1,0.48571428571428577,237.6,3.75
3v-t2Qt39yE,vlogs,0.99921875,0,127.07766723632812,60.2606201171875,80.3680648803711,99,18,0,0,0.0,175.1339915373766,70.9
3vfzYJLaskA,vlogs,0.31328125,1,144.1846923828125,71.65300750732422,56.96757888793945,50,4,5,1,0.4382022471910112,237.96610169491527,2.95
41mF69pzsNw,vlogs,0.975,0,146.80288696289062,93.28339385986328,78.11331176757812,62,14,0,0,0.0,,36.8
4MFUzsuKDno,vlogs,0.6859375,1,155.74058532714844,54.60052490234375,59.03173065185547,89,15,0,0,0.0,,136.35
4P2Wv7tlTXM,vlogs,1.0,0,150.21090698242188,44.99028778076172,50.1396369934082,58,11,0,0,0.0,116.0185185185185,32.4
4X6GvT37-1w,vlogs,0.315625,1,109.69467163085938,111.18717193603516,71.53102111816406,42,8,6,0,0.5800000000000001,,0.75
4XOT-eNaqa8,vlogs,0.28125,1,163.8067169189453,111.01038360595703,53.00910568237305,27,6,5,1,0.6029411764705883,283.33333333333337,1.8
4_CM7iESxgE,vlogs,0.225,1,171.03219604492188,43.89790725708008,69.6196517944336,31,6,5,0,0.6309523809523809,,2.95
4gnwfEGORww,vlogs,0.196875,1,167.5343780517578,30.662797927856445,33.68635940551758,34,6,6,0,0.6458333333333333,,1.15
4ji5YKPYzmA,vlogs,0.315625,1,135.40911865234375,48.32309341430664,54.29894256591797,47,9,1,0,0.1132075471698113,276.144578313253,4.15
4kXpoMpXb3E,vlogs,1.0,0,113.8540267944336,54.74508285522461,87.93119812011719,38,8,3,0,0.5128205128205128,115.32311792138574,75.05
4wCwVzlo3EQ,vlogs,0.2875,1,126.74198150634766,13.989972114562988,56.60445785522461,97,20,0,0,0.0,63.529411764705884,3.4
4xZ7sj7vGKY,vlogs,0.9125,1,99.91426849365234,99.65983581542969,73.25589752197266,55,11,0,0,0.0,203.8834951456311,92.7
5207trn9Fm0,vlogs,0.315625,1,177.2017364501953,53.937744140625,64.29963684082031,44,9,5,1,0.5056179775280899,142.5,2.8
5630Hz2Dzw4,vlogs,0.2859375,1,147.54483032226562,70.96717071533203,53.48312759399414,39,9,2,0,0.2777777777777778,340.0,1.95
588qx9Ccd14,vlogs,0.315625,1,115.96493530273438,66.33646392822266,67.51435089111328,9,2,3,0,0.7631578947368421,,0.85
5K7VZ3y5AIc,vlogs,0.9640625,0,144.0035400390625,58.42200469970703,59.1408576965332,84,13,0,0,0.0,61.34680134680135,44.55
5Kfu-iUTVQk,vlogs,0.3109375,1,141.57870483398438,88.46826934814453,67.79304504394531,17,3,9,1,0.8191489361702128,202.75862068965517,2.9
5Pv2n_AvOqY,vlogs,0.99453125,0,171.63999938964844,97.71990966796875,63.51026153564453,77,11,0,0,0.0,189.00369003690037,40.65
5VR7ir5oB4w,vlogs,0.7625,1,137.13999938964844,92.5081787109375,77.84392547607422,56,11,0,0,0.0,183.60000000000002,70.0
5e8SBi9G2bk,vlogs,0.2328125,1,126.33961486816406,50.44275665283203,61.63449478149414,32,6,6,0,0.6701030927835052,221.84210526315792,3.8
5hedan63SZE,vlogs,0.96796875,0,147.62428283691406,95.48128509521484,68.17850494384766,98,16,0,0,0.010101010101010055,3.333333333333333,54.9
5iFG264wz9U,vlogs,0.315625,1,206.4416046142578,71.74301147460938,54.678932189941406,32,7,7,1,0.6404494382022472,178.94736842105263,2.85
5ix9lbmEWYw,vlogs,0.2765625,1,107.616943359375,61.97139358520508,68.54730987548828,33,6,3,1,0.47619047619047616,46.09756097560975,4.1
5qLYtnzCbi8,vlogs,0.92109375,0,144.1855010986328,101.91905212402344,87.7117919921875,49,9,2,0,0.27941176470588236,,37.2
5sOj52ys1N0,vlogs,0.3140625,1,144.08616638183594,83.19149017333984,63.68071746826172,56,12,4,0,0.4285714285714286,252.45283018867926,2.65
5vBiLK46EoM,vlogs,0.3078125,1,171.7924346923828,64.61882781982422,39.83198165893555,25,5,3,1,0.5833333333333333,229.83050847457628,2.95
66MX7rEl748,vlogs,1.0,0,136.22381591796875,92.14286804199219,81.83123016357422,38,8,0,0,0.0,133.06960440660993,99.85
66MfaFGD6Eg,vlogs,0.30078125,1,125.26715850830078,92.79537963867188,83.24042510986328,23,5,4,1,0.5660377358490566,249.05660377358492,2.65
6JR4R7SEnt4,vlogs,0.315625,1,161.49217224121094,89.97314453125,56.12649154663086,45,8,5,0,0.48863636363636365,,0.85
6ftD0N64ZII,vlogs,0.96171875,0,147.6702880859375,73.66819763183594,81.75418090820312,37,8,0,0,0.0,135.0,60.2
6mXoTqNOLF8,vlogs,0.9984375,0,140.9408416748047,123.00505828857422,66.17089080810547,34,7,0,0,0.0,192.84991568296797,29.65
6nuemrJg1l0,vlogs,0.28828125,1,168.4929962158203,88.88961029052734,73.87643432617188,28,6,7,1,0.7083333333333333,267.4576271186441,2.95
6qjumS2U81s,vlogs,0.315625,1,111.27310943603516,151.18267822265625,90.20521545410156,3,1,11,0,0.9693877551020408,,0.4
6sCvZqHSPAY,vlogs,0.31484375,1,183.96258544921875,66.69448852539062,48.943946838378906,31,7,3,0,0.42592592592592593,122.35955056179775,8.9
6yuASL9Q8to,vlogs,0.315625,1,148.84796142578125,60.81090545654297,55.752174377441406,34,4,6,0,0.6091954022988506,253.04347826086953,1.15
7BcppfDoj4g,vlogs,0.84921875,1,137.3179931640625,84.4110107421875,69.30316162109375,33,8,0,0,0.0,116.49402390438246,37.65
7Kkj68R7GRs,vlogs,0.965625,0,184.20449829101562,79.21385955810547,60.54993438720703,47,9,0,0,0.0,172.96875,44.8
7NI_-uP21TM,vlogs,0.2078125,1,172.06532287597656,64.18264770507812,57.22590255737305,23,6,7,1,0.7261904761904762,199.41176470588235,1.7
7TPUchKPqug,vlogs,0.590625,1,170.55191040039062,64.8896255493164,79.50811004638672,30,6,0,0,0.0,,38.7
7YF-7Ztd9yM,vlogs,0.20703125,1,151.08815002441406,109.80440521240234,72.03468322753906,51,4,4,1,0.35443037974683544,262.0253164556962,3.95
7nYRXYVS4nw,vlogs,0.27109375,1,163.0419464111328,78.0293960571289,41.68598937988281,53,6,3,0,0.3116883116883117,286.5,6.0
7v67Y02czU0,vlogs,0.58125,1,173.6134033203125,53.8075065612793,52.149803161621094,70,15,0,0,0.0,116.31578947368422,11.4
7vxHLo2oBUU,vlogs,0.94609375,0,175.05245971679688,137.9331512451172,79.94004821777344,94,14,0,0,0.0,181.49750415973375,120.2
85OUNUY3AMI,vlogs,0.21640625,1,110.19384002685547,45.64923095703125,64.04766845703125,32,5,1,0,0.1578947368421053,,1.6
8IL_nMjDNg4,vlogs,0.315625,1,140.47665405273438,58.39533233642578,65.2315444946289,18,3,9,1,0.8144329896907216,236.31284916201116,8.95
8Ms49d7az_A,vlogs,0.29765625,1,162.5930633544922,65.72936248779297,43.41425704956055,21,1,7,1,0.7717391304347826,,0.9
8OUaCD5oZws,vlogs,0.24921875,1,136.51254272460938,88.95853424072266,53.791175842285156,36,7,5,1,0.5662650602409638,251.76470588235296,2.55
8SIhXFR4I5U,vlogs,0.315625,1,130.28652954101562,119.81009674072266,64.95905303955078,24,3,3,0,0.5471698113207547,232.72727272727272,3.3
8WdVPCMYMaI,vlogs,0.97578125,0,143.0371856689453,53.61669158935547,65.67839050292969,80,14,0,0,0.0,55.50330639235856,68.05
8q8ICVvXgLo,vlogs,0.27265625,1,153.0892333984375,72.37887573242188,75.99478912353516,25,4,5,0,0.7126436781609196,194.44444444444443,2.7
8qFMOnKnrU8,vlogs,0.315625,1,137.6263427734375,112.1076431274414,49.251617431640625,0,0,5,0,1.0,,4.75
8qctYC4uoqY,vlogs,0.24765625,1,102.1294174194336,59.03729248046875,55.42229080200195,21,5,3,0,0.631578947368421,136.27118644067798,2.95
8zhCpAQowf8,vlogs,0.315625,1,130.61073303222656,139.95831298828125,57.66824722290039,29,7,5,0,0.6081081081081081,238.57142857142858,2.1
99YPOOtJPKs,vlogs,0.315625,1,118.49150085449219,68.33715057373047,68.49929809570312,21,4,0,0,0.0,216.0,1.5
9AXl_E2GZ8Q,vlogs,0.9078125,1,172.62109375,106.58560943603516,75.64027404785156,47,8,0,0,0.0,166.47263249348393,115.1
9EIWKqMO6UQ,vlogs,0.315625,1,169.4747314453125,68.07451629638672,55.86619567871094,57,10,3,0,0.3132530120481928,,2.05
9MOJH2YM9Lo,vlogs,0.21328125,1,173.09837341308594,48.097965240478516,71.66807556152344,38,11,7,1,0.6122448979591837,107.14285714285715,2.1
9OZMIP7wru8,vlogs,0.96796875,0,105.46723937988281,77.06642150878906,85.4218978881836,47,8,0,0,0.0,197.93388429752068,36.3
9PHOmuO54A8,vlogs,0.315625,1,146.36463928222656,79.131103515625,66.8117904663086,28,6,7,1,0.7171717171717171,176.25,2.4
9dbizTosnlo,vlogs,0.9296875,0,170.32276916503906,88.82196807861328,66.65776824951172,35,6,0,0,0.0,162.14212152420185,48.55
9k3lzWutHb4,vlogs,0.315625,1,150.2373046875,103.93930053710938,47.77771759033203,12,3,5,0,0.8153846153846154,,0.4
A-MLsCeURmc,vlogs,0.3109375,1,146.5843963623047,105.91220092773438,61.100128173828125,20,5,4,1,0.6428571428571428,287.41935483870964,3.1
A3V1QunvrrE,vlogs,0.315625,1,151.48313903808594,51.92030715942383,67.5857925415039,40,9,3,0,0.4029850746268657,137.5,3.6
A8fXE5PoQqg,vlogs,0.315625,1,171.5943145751953,57.83346939086914,48.47410583496094,18,4,1,0,0.25,235.55555555555554,6.75
ADwZfmMMwWA,vlogs,0.2046875,1,119.25392150878906,107.58782958984375,45.693626403808594,10,2,8,0,0.8780487804878049,198.0,1.5
AIgJlsR2YbI,vlogs,0.315625,1,161.2421417236328,90.76754760742188,45.51805877685547,15,3,9,0,0.8484848484848485,295.83333333333337,3.6
AJ-hoe_JeAM,vlogs,1.0,0,170.33480834960938,103.31505584716797,57.42516326904297,37,7,0,0,0.02631578947368418,184.13114754098362,30.5
AMmiTiBLrBc,vlogs,0.93046875,0,147.15872192382812,102.9284896850586,72.40232849121094,82,15,0,0,0.0,108.77040261153428,45.95
AU8eXALrOGM,vlogs,1.0,0,158.0509033203125,108.0567626953125,76.39641571044922,42,8,0,0,0.0,158.16520746098212,131.35
AZcpA5bQXRE,vlogs,0.31484375,1,138.27391052246094,65.5199966430664,52.580501556396484,17,3,4,0,0.653061224489796,,1.35
Aa7RRAHkgM4,vlogs,0.315625,1,139.30039978027344,131.55020141601562,58.876564025878906,0,0,5,0,1.0,,1.0
AiLehkdG9k0,vlogs,0.96796875,0,143.24075317382812,97.67312622070312,72.58232116699219,39,7,0,0,0.0,140.53398058252426,61.8
AtkO24-V3CM,vlogs,0.97421875,0,144.17433166503906,80.45374298095703,62.85283279418945,76,9,0,0,0.0,191.4078947368421,76.0
AvZkBehQHsg,vlogs,0.315625,1,149.4481201171875,110.93868255615234,54.369140625,34,7,3,0,0.46031746031746035,246.46153846153848,3.25
BJxkA9xngfE,vlogs,0.278125,1,158.9657440185547,31.340539932250977,47.354339599609375,20,1,4,0,0.4871794871794872,,1.5
BK708o4iKnI,vlogs,0.2421875,1,176.7158660888672,44.86454772949219,70.57929229736328,51,5,5,1,0.43333333333333335,243.05084745762713,2.95
BQJywSBfSeY,vlogs,0.20234375,1,159.82151794433594,55.34053421020508,45.55001449584961,48,7,4,0,0.4838709677419355,,3.0
BWGCC3Ov-eg,vlogs,0.2578125,1,161.36656188964844,91.1602554321289,61.423797607421875,42,8,4,1,0.41666666666666663,265.86206896551727,2.9
BWyuLvkezhI,vlogs,0.7625,1,183.44261169433594,81.66903686523438,56.011478424072266,26,5,0,0,0.0,141.22478386167148,69.4
B_qvkLXztWc,vlogs,0.99921875,0,123.44660186767578,89.95066833496094,81.48356628417969,76,15,0,0,0.012987012987012991,153.589462129528,45.55
Bbi0qSVHhWc,vlogs,0.315625,1,171.0334930419922,48.39158248901367,55.3672981262207,15,3,3,0,0.6739130434782609,238.28571428571428,3.5
BpxvoQZoGPI,vlogs,0.3109375,1,129.3381805419922,84.2679214477539,57.72486114501953,13,3,4,0,0.74,164.21052631578948,1.9
BxY4YSPShaM,vlogs,0.28671875,1,183.65728759765625,98.35700225830078,76.11172485351562,26,5,7,0,0.7011494252873562,,1.9
CMdJtBUs2Ys,vlogs,0.2078125,1,165.12942504882812,79.58745574951172,65.01448822021484,35,6,6,0,0.5930232558139534,,1.7
CUDtU3NhJYg,vlogs,0.30546875,1,133.975830078125,71.41351318359375,55.0004768371582,56,10,1,0,0.08196721311475408,205.58823529411765,3.4
Cc6-NORzsPM,vlogs,0.9125,1,133.56436157226562,115.41043853759766,77.1611099243164,44,8,0,0,0.0,151.66002656042497,112.95
Ch31WOr1ATs,vlogs,0.1625,1,213.10121154785156,127.15673065185547,77.89517974853516,3,1,2,0,0.85,,0.25
CixMXNxUGgU,vlogs,0.315625,1,134.1619873046875,53.07986068725586,72.69496154785156,38,8,6,0,0.5869565217391304,,0.45
Cl8VJcWEwxM,vlogs,0.96953125,0,129.20651245117188,51.26144790649414,73.0964584350586,97,18,0,0,0.0,146.34730538922156,75.15
ClhbVW_myFs,vlogs,0.20390625,1,115.21809387207031,56.69084167480469,65.34423065185547,21,4,8,1,0.7857142857142857,,1.2
CpVkp-BFdB4,vlogs,1.0,0,136.15524291992188,85.0625,74.80994415283203,98,22,0,0,0.0,177.65498652291103,37.1
Cw2rzMWyKVY,vlogs,0.98125,0,162.30592346191406,66.10511779785156,61.5363655090332,89,19,0,0,0.0,175.87392550143267,87.25
CwlMOUXwODk,vlogs,0.315625,1,159.62718200683594,84.4278335571289,66.01241302490234,27,5,8,1,0.71875,138.26086956521738,1.15
CxVGyXIiqEM,vlogs,0.96484375,0,127.89639282226562,32.07061767578125,78.4996109008789,86,15,0,0,0.0,2.5817555938037864,58.1
DE8K6Q1s_IA,vlogs,0.31015625,1,120.87378692626953,97.27246856689453,70.33296203613281,55,11,0,0,0.0,,3.3
DL0IPWR3ebc,vlogs,1.0,0,212.22921752929688,57.74506759643555,64.4660873413086,58,10,0,0,0.0,108.52373290426388,248.6
DhydKxv7RV8,vlogs,0.87109375,1,135.30055236816406,87.56536102294922,65.17427062988281,35,9,0,0,0.0,185.50819672131146,91.5
DlHyGraT9xA,vlogs,0.1984375,1,158.48797607421875,141.93482971191406,56.76671600341797,18,3,5,0,0.7567567567567568,,2.9
DnM38sAlD_s,vlogs,0.94921875,0,164.9149169921875,84.32442474365234,69.39511108398438,55,11,0,0,0.0,169.15721231766614,61.7
DzhPKTlZZKM,vlogs,0.2796875,1,142.7478790283203,53.97380828857422,79.85823059082031,23,6,5,0,0.6515151515151515,222.63157894736844,1.9
E9b4uwzsyQo,vlogs,0.315625,1,95.8752670288086,119.92987060546875,66.41598510742188,27,5,8,0,0.7272727272727273,224.48275862068965,2.9
EBOAE7BkOTg,vlogs,0.875,1,114.52239227294922,77.80502319335938,72.1021499633789,99,21,0,0,0.0,130.87862993298586,134.3
EHd634KMsdw,vlogs,0.92890625,0,160.32879638671875,52.11830520629883,61.118106842041016,59,10,0,0,0.0,204.7014925373134,40.2
EKQHUjbYxEE,vlogs,0.26328125,1,151.70587158203125,99.7211685180664,60.690399169921875,29,6,7,0,0.6666666666666667,251.0,3.0
EQIFJe9E_YA,vlogs,0.98203125,0,138.19337463378906,80.43675231933594,76.47021484375,72,12,0,0,0.0,200.93023255813952,129.0
EXZ4z_q8A_g,vlogs,0.23671875,1,144.1752166748047,95.48986053466797,64.80030822753906,28,6,5,0,0.6056338028169015,183.8095238095238,3.15
EcT2_RbCpKY,vlogs,0.315625,1,184.54246520996094,61.14171600341797,46.50736999511719,42,6,5,0,0.5578947368421052,,2.2
EiARj29Daz8,vlogs,0.315625,1,134.93502807617188,38.40769577026367,76.6277084350586,18,4,3,0,0.5813953488372092,,0.45
EoCv278kudQ,vlogs,1.0,0,140.4323272705078,123.59019470214844,76.83475494384766,75,16,0,0,0.0,116.33333333333333,135.0
EpXoTdT53xA,vlogs,0.315625,1,139.7749786376953,69.81549835205078,62.44581604003906,13,3,3,0,0.6829268292682926,292.5,1.6
Ezg8_QTB8Zs,vlogs,0.315625,1,199.2770538330078,45.3248405456543,56.437217712402344,23,6,7,1,0.7325581395348837,200.57142857142856,1.75
F-eSShgjRpw,vlogs,1.0,0,146.25558471679688,127.5306167602539,84.34899139404297,13,3,8,0,0.865979381443299,172.94589178356713,74.85
FA8Ue-5LhxU,vlogs,0.315625,1,59.707584381103516,47.65876388549805,81.15853881835938,30,6,4,0,0.589041095890411,242.39999999999998,1.25
Fgs0_Lvqsjs,vlogs,0.953125,0,152.20721435546875,140.24267578125,74.44425964355469,29,4,0,0,0.0,113.65576102418208,105.45
FkNi9oOlXIc,vlogs,0.2546875,1,167.9378204345703,38.68285369873047,68.12586975097656,36,9,3,0,0.4545454545454546,306.52173913043475,2.3
FozEFd-ATNk,vlogs,0.19921875,1,188.70712280273438,39.57624816894531,39.5170783996582,45,8,4,0,0.5054945054945055,,1.25
FwMxbN0VpWc,vlogs,0.99609375,0,154.0947265625,125.83595275878906,92.35865020751953,36,8,0,0,0.0,160.73846153846154,48.75
G6ZqxxX8Yds,vlogs,0.315625,1,181.51486206054688,105.61851501464844,57.53947448730469,33,8,8,1,0.65625,186.66666666666666,2.25
GN0VIHVg-yc,vlogs,0.9984375,0,129.73049926757812,107.48336029052734,64.01457214355469,91,19,0,0,0.0,155.40331491712706,45.25
GQSCwZJp4bE,vlogs,0.315625,1,147.46067810058594,83.81937408447266,70.69596099853516,59,11,3,0,0.3058823529411765,207.16981132075472,2.65
GWMM8C3SOA0,vlogs,0.28828125,1,54.44123458862305,57.9533576965332,64.05592346191406,14,3,7,0,0.8108108108108107,,1.6
GXy5gc2OSc0,vlogs,0.26171875,1,134.31663513183594,79.11649322509766,53.347164154052734,28,4,6,0,0.6164383561643836,244.28571428571428,3.5
Gfmsnx10dZc,vlogs,0.9953125,0,158.1569366455078,101.56141662597656,70.10318756103516,40,7,0,0,0.0,166.47668393782385,96.5
H5zMj_ToABo,vlogs,1.0,0,90.06063842773438,58.99049377441406,82.38911437988281,48,9,0,0,0.0,122.53909843606256,54.35
H7NlHluxFPs,vlogs,0.88984375,1,150.49752807617188,74.8027572631836,79.35411834716797,99,17,0,0,0.0,90.26404874746108,147.7
HM5tMPzvwx0,vlogs,0.315625,1,156.00051879882812,59.0474853515625,61.878353118896484,24,4,4,0,0.6363636363636364,241.55844155844153,3.85
H_2wj2bkNMw,vlogs,0.315625,1,149.1301727294922,41.20048141479492,61.38222885131836,9,2,9,0,0.9090909090909091,267.1232876712329,3.65
HcleKeby4BI,vlogs,0.315625,1,140.73013305664062,111.99105834960938,70.58641052246094,19,5,5,0,0.7361111111111112,76.0,3.0
HhM0BYCHL00,vlogs,1.0,0,125.50578308105469,28.99888038635254,93.20357513427734,31,7,0,0,0.0,83.51836037574724,58.55
HkKf2IY8KDw,vlogs,0.29765625,1,147.554931640625,35.13771057128906,52.516136169433594,36,7,4,0,0.6086956521739131,77.14285714285714,2.8
HskAGu0XL3c,vlogs,0.99140625,0,145.59259033203125,64.99544525146484,77.10245513916016,71,13,0,0,0.0,157.0070778564206,49.45
I4KAk3K_GWg,vlogs,0.90625,1,151.72854614257812,155.57395935058594,76.55438232421875,45,4,0,0,0.0,42.85714285714286,54.25
IAuCb1gwEfU,vlogs,0.93828125,0,139.1366424560547,57.72600555419922,80.80341339111328,42,9,0,0,0.0,109.02684563758389,89.4
IIScvAPrlAg,vlogs,0.884375,1,116.88414001464844,89.24430084228516,63.741310119628906,97,17,0,0,0.0,237.4360146252285,218.8
IJXpt_VMO0w,vlogs,0.215625,1,147.12173461914062,72.315185546875,72.77485656738281,16,3,4,1,0.7333333333333334,201.9047619047619,3.15
IJ_aBmbjSIw,vlogs,0.90390625,1,147.86068725585938,81.51602172851562,84.34645080566406,38,6,0,0,0.0,124.96572995202193,291.8
IJqmDj1C_qA,vlogs,1.0,0,162.18235778808594,96.63117980957031,71.11669921875,69,9,0,0,0.0,193.4377880184332,54.25
IgJNbG5ToKk,vlogs,1.0,0,168.68836975097656,127.8521957397461,72.82640838623047,75,15,0,0,0.0,157.15328467153284,41.1
Iji-8HTqHj4,vlogs,0.315625,1,140.49742126464844,86.82350158691406,65.15926361083984,10,2,9,1,0.8958333333333334,193.04347826086956,1.15
ImYUmPJpw-g,vlogs,0.315625,1,199.17440795898438,33.501285552978516,81.02111053466797,56,13,2,0,0.26315789473684215,,0.8
IuY-1JwPSB0,vlogs,0.2953125,1,150.33627319335938,83.02266693115234,64.17018127441406,44,6,5,0,0.5463917525773196,96.73469387755102,2.45
JTiDpnH5CxA,vlogs,0.940625,0,122.78861999511719,46.387088775634766,76.36370086669922,48,9,0,0,0.0,110.73359073359075,51.8
JVj5uYFd00w,vlogs,0.265625,1,185.75546264648438,69.93305206298828,63.58308410644531,23,6,5,0,0.6515151515151515,196.74418604651163,2.15
JWhF6yOx8dI,vlogs,0.315625,1,117.92102813720703,65.05177307128906,57.19331359863281,37,7,0,0,0.0,126.2937062937063,7.15
JY9c884crk4,vlogs,0.225,1,137.78196716308594,52.11286163330078,69.47821807861328,31,6,6,1,0.651685393258427,331.0344827586207,1.45
J_llh3_h8dQ,vlogs,0.89765625,1,157.23101806640625,128.21055603027344,69.9837875366211,32,5,0,0,0.0,139.75596020274077,266.35
Jb7j7h6orQM,vlogs,0.9921875,0,138.06704711914062,139.40977478027344,93.22319030761719,25,5,0,0,0.0,267.7040816326531,39.2
JjsOnjSHNWA,vlogs,0.996875,0,118.41539001464844,108.18605041503906,80.86792755126953,34,7,0,0,0.0,148.56836461126005,93.25
Jk3j1Mh3SZE,vlogs,0.9109375,1,125.34868621826172,100.17320251464844,77.65419006347656,66,12,0,0,0.0,,57.95
K7nePqpH5U8,vlogs,0.29453125,1,146.84158325195312,91.70304870605469,78.7010726928711,46,6,4,1,0.3783783783783784,237.27272727272725,3.3
KE6cWMTTE8U,vlogs,0.3015625,1,150.26229858398438,69.43708801269531,57.145782470703125,72,13,2,0,0.18181818181818177,,0.75
KOhECj6ig-o,vlogs,0.9984375,0,149.9311981201172,119.79891204833984,81.16766357421875,67,13,0,0,0.0,192.23166023166024,64.75
KQ_ojKUpfYQ,vlogs,0.75625,1,108.80553436279297,74.21507263183594,64.12580871582031,36,7,0,0,0.0,67.22689075630252,17.85
KSFDMA4e8OY,vlogs,1.0,0,148.9672088623047,63.676109313964844,59.15129470825195,71,11,0,0,0.0,111.59192825112108,89.2
KdAAx9-7z3s,vlogs,1.0,0,124.8355484008789,44.0546760559082,90.486083984375,63,14,0,0,0.0,178.10800157666537,126.85
KdSKo6E1NhU,vlogs,0.315625,1,180.02207946777344,77.29940032958984,60.81141662597656,60,15,4,1,0.36170212765957444,225.71428571428572,1.05
KvVZWelsIl8,vlogs,0.315625,1,137.6444549560547,91.0313720703125,68.52294158935547,26,5,4,0,0.6285714285714286,203.4782608695652,4.6
LOPtYB8Nvfk,vlogs,0.28515625,1,140.13673400878906,99.15251159667969,58.4674186706543,9,2,7,0,0.8977272727272727,,0.75
LObP7fr0nh4,vlogs,0.284375,1,144.63717651367188,80.0899887084961,53.7570686340332,17,4,0,0,0.0,195.11111111111111,6.75
LVqsAFvrGgE,vlogs,0.95078125,0,155.51898193359375,83.90005493164062,72.85572052001953,59,10,0,0,0.0,130.94159713945174,41.95
Lb-ugeY0m2I,vlogs,0.315625,1,182.33677673339844,93.28160858154297,45.453365325927734,9,2,7,0,0.898876404494382,186.0,3.0
Lw7YLThHrVQ,vlogs,0.27109375,1,139.301025390625,154.94735717773438,46.493473052978516,25,5,8,0,0.75,,0.75
M21ixJ8bCWo,vlogs,0.2375,1,153.50872802734375,76.6169204711914,59.48511505126953,20,4,1,1,0.2857142857142857,275.51020408163265,2.45
MEEoRPdxAPY,vlogs,0.315625,1,115.66705322265625,79.59874725341797,79.24883270263672,25,6,7,1,0.6951219512195121,70.66666666666667,2.25
MMM6DhEBY2I,vlogs,0.58671875,1,139.68853759765625,56.49233627319336,74.1359634399414,59,9,0,0,0.0,229.81132075471697,18.55
MVUdKH8DxjI,vlogs,0.315625,1,151.779541015625,80.86590576171875,51.30328369140625,9,2,1,0,0.3076923076923077,283.25581395348837,2.15
M_bSEF-yCME,vlogs,0.99921875,0,152.64791870117188,93.23492431640625,78.70793914794922,43,8,0,0,0.0,91.23678646934461,94.6
MinXO53Ib_A,vlogs,0.971875,0,109.69141387939453,97.46087646484375,74.60440826416016,57,9,0,0,0.0,97.55395683453237,55.6
MnOGiLeOypE,vlogs,0.70234375,1,180.8745574951172,24.672779083251953,44.48835372924805,71,14,0,0,0.0,,63.6
MnUjFKFR3eI,vlogs,0.89140625,1,177.06942749023438,133.35023498535156,74.70340728759766,73,15,0,0,0.0,165.43095458758108,53.95
MuBcNrIRi_U,vlogs,1.0,0,120.70500183105469,94.41920471191406,79.87234497070312,73,12,0,0,0.0,114.08510638297872,70.5
N7wdRhuzWrE,vlogs,0.2046875,1,127.60089111328125,106.23124694824219,63.5488166809082,41,10,7,1,0.5816326530612245,143.57142857142856,1.4
NIDcYJ9HiKM,vlogs,0.315625,1,117.16215515136719,85.82047271728516,85.50452423095703,22,4,2,0,0.44999999999999996,148.33333333333334,1.8
NTL2Zozszgs,vlogs,0.315625,1,134.29994201660156,96.68791198730469,69.7342300415039,47,7,3,1,0.3088235294117647,108.38709677419354,1.55
NXMMUdWiKFo,vlogs,0.315625,1,156.91864013671875,55.735164642333984,60.74946212768555,14,3,6,0,0.8082191780821918,234.0845070422535,3.55
Nc9DKzkSyuc,vlogs,0.315625,1,131.3992919921875,78.60778045654297,61.24798583984375,32,6,5,1,0.5616438356164384,288.0,1.75
Ng5KDoviAco,vlogs,0.2734375,1,154.64866638183594,89.09004211425781,60.79149627685547,50,10,5,1,0.4382022471910112,181.875,1.6
NjhGpTzYNe0,vlogs,0.22734375,1,124.86126708984375,79.88681030273438,66.13737487792969,17,1,4,0,0.5641025641025641,,1.1
NqZ-3PhdpFc,vlogs,0.3,1,160.23959350585938,56.78899002075195,46.91007614135742,13,2,5,0,0.75,169.45054945054946,4.55
Nr7QkvKShlc,vlogs,0.31484375,1,107.50920867919922,112.04959869384766,61.637821197509766,36,6,7,1,0.6326530612244898,166.25698324022346,8.95
NrmT0o4gKRc,vlogs,0.2984375,1,146.18406677246094,61.69844436645508,66.5416030883789,31,4,7,0,0.6804123711340206,249.8507462686567,3.35
NymtEatsPI4,vlogs,0.9609375,0,137.13609313964844,87.61531066894531,81.4864730834961,34,5,0,0,0.0,122.00151630022744,65.95
O2EoxahnZq0,vlogs,0.23046875,1,151.1924285888672,52.98125076293945,63.475948333740234,9,1,6,0,0.8695652173913043,265.1351351351351,3.7
O2ZnaHSQxVI,vlogs,0.25859375,1,148.70706176757812,51.890838623046875,84.89582061767578,17,3,9,1,0.8282828282828283,272.1428571428571,2.8
OHolK0VDjSM,vlogs,1.0,0,165.1782989501953,93.14768981933594,72.08149719238281,29,5,0,0,0.0,205.21126760563382,42.6
OPTk031PrOA,vlogs,1.0,0,151.70668029785156,72.53165435791016,68.42250061035156,99,18,0,0,0.0,169.74874371859295,79.6
OQc0If1okhU,vlogs,0.92734375,0,179.95587158203125,126.5549545288086,69.56480407714844,63,11,4,0,0.33684210526315794,157.2336448598131,53.5
OXe85UVUSfQ,vlogs,0.2875,1,173.80064392089844,52.67304611206055,48.82712936401367,30,8,3,0,0.4915254237288136,243.6,2.5
Oajj38LBBNo,vlogs,0.315625,1,124.14447021484375,37.85028076171875,64.26487731933594,17,3,4,0,0.7424242424242424,,1.65
Oh8KSzucd5I,vlogs,1.0,0,140.5543212890625,70.55841064453125,68.85187530517578,41,7,0,0,0.0,126.92307692307692,40.3
OoeZjY_dXBM,vlogs,0.315625,1,135.97378540039062,88.06258392333984,54.90243148803711,20,4,6,0,0.7142857142857143,178.30985915492957,3.55
OpMvO5jsDzg,vlogs,0.2171875,1,135.55967712402344,91.80685424804688,62.45798110961914,18,4,6,0,0.7352941176470589,122.38636363636364,8.8
OsC0R5gSKUI,vlogs,0.8328125,1,127.532958984375,48.96199035644531,75.39946746826172,74,16,0,0,0.013333333333333308,120.34816247582205,51.7
OvF9kRTXBWA,vlogs,0.93515625,0,153.33377075195312,66.92817687988281,71.62702178955078,41,10,0,0,0.0,212.62638717632552,40.55
PJJbPioyVhc,vlogs,0.20078125,1,118.1794662475586,60.5850830078125,50.13261032104492,25,4,5,1,0.6212121212121212,241.6216216216216,1.85
PT3jReHF3Eo,vlogs,0.315625,1,135.1730194091797,50.8596076965332,67.3919906616211,26,4,3,1,0.5,275.1351351351351,5.55
PTXFb1Wklj8,vlogs,0.96796875,0,145.26455688476562,44.55842590332031,54.5933837890625,94,15,0,0,0.0,162.43827160493828,97.2
PZhd2upaNEo,vlogs,0.81953125,1,111.607421875,40.723854064941406,58.47344970703125,23,5,0,0,0.0,171.5112540192926,62.2
Pmh5q5P9Fa0,vlogs,0.99765625,0,127.49393463134766,95.14557647705078,62.477603912353516,100,16,0,0,0.0,105.90669371196753,123.25
Q-cLuusNfmQ,vlogs,0.28203125,1,127.33863067626953,69.3394546508789,67.17923736572266,34,4,4,1,0.46031746031746035,210.66666666666666,2.25
Q3Dr2h_gPdo,vlogs,0.96640625,0,139.29330444335938,63.47454071044922,70.38136291503906,100,18,0,0,0.0,189.5986714641572,180.65
QJkVf1NUOk4,vlogs,0.16328125,1,209.3231201171875,57.224788665771484,54.68193817138672,52,8,4,1,0.44680851063829785,141.1764705882353,2.55
QQDZnxErqdo,vlogs,0.24296875,1,171.0137176513672,72.59309387207031,65.12318420410156,28,5,4,1,0.5087719298245614,172.6530612244898,2.45
QR6e1osAG5Q,vlogs,1.0,0,161.53500366210938,62.73982238769531,65.6093521118164,100,19,0,0,0.0,81.16959064327484,51.3
QSQa4KszJvc,vlogs,0.31328125,1,139.00575256347656,96.22721099853516,74.13191986083984,9,2,8,1,0.9081632653061225,271.42857142857144,3.15
QkhvOy5jfD0,vlogs,0.95078125,0,146.9730224609375,111.42616271972656,85.73989868164062,41,9,0,0,0.023809523809523836,152.98056155507558,92.6
Qnr03oSkc1Q,vlogs,0.315625,1,150.8358154296875,58.18845748901367,68.17686462402344,44,8,3,0,0.29032258064516125,,3.7
R-6gnoD1Ork,vlogs,1.0,0,147.3072509765625,69.8304443359375,73.74262237548828,93,14,0,0,0.0,,112.0
R1WCu1JTEbg,vlogs,1.0,0,132.1728057861328,36.46437454223633,51.27676773071289,93,21,0,0,0.0,97.22066479775731,124.85
R6lVOmLoJ24,vlogs,0.315625,1,172.96620178222656,72.75745391845703,56.68164825439453,3,1,4,0,0.9166666666666666,,0.55
RKoBYwBnUrU,vlogs,1.0,0,209.63975524902344,137.6757049560547,58.80629348754883,76,15,0,0,0.0,92.89237668161435,44.6
ROGgkGfiUb4,vlogs,0.2765625,1,155.8343963623047,74.88359069824219,61.300296783447266,29,7,4,0,0.5972222222222222,,1.2
RQ25uZktqb4,vlogs,0.30703125,1,123.27630615234375,129.24990844726562,52.9737663269043,22,5,3,0,0.5416666666666667,136.79999999999998,5.0
RQHfa9sCPaQ,vlogs,0.315625,1,134.69935607910156,57.67400360107422,58.822608947753906,42,7,6,0,0.4683544303797469,194.07407407407405,4.05
RXOhh8MbMsY,vlogs,0.28125,1,122.43663787841797,106.56794738769531,63.51545333862305,0,0,10,1,1.0,257.1428571428571,0.7
RdyYVmr_Nw0,vlogs,0.27578125,1,172.8329620361328,46.64531326293945,66.9542465209961,41,8,7,0,0.5816326530612245,,9.0
RgsOUkhpnjY,vlogs,1.0,0,82.53665161132812,26.047195434570312,54.14765167236328,18,5,4,1,0.6666666666666667,261.90476190476187,3.15
RibgwOOYR54,vlogs,0.9734375,0,153.41763305664062,95.29168701171875,70.7297134399414,66,11,0,0,0.0,112.81512605042016,95.2
S-8oDl-h4WE,vlogs,0.315625,1,158.98553466796875,49.85572814941406,54.07388687133789,5,3,11,1,0.9494949494949495,,0.5
S-UuLVkMqdg,vlogs,0.99375,0,166.4464874267578,150.4714813232422,77.31896209716797,38,7,0,0,0.0,164.62585034013605,44.1
S4PUjj_b7tY,vlogs,0.24921875,1,126.85499572753906,104.24341583251953,65.5990982055664,14,3,0,0,0.0,184.25531914893617,7.05
S6Oj5DYrFP0,vlogs,0.9828125,0,134.5316162109375,69.85123443603516,69.32923126220703,86,14,0,0,0.0,126.72882258923813,187.7
S9tmAT2qgcc,vlogs,1.0,0,163.15884399414062,132.0123291015625,80.7147216796875,39,8,0,0,0.0,162.64112903225805,49.6
SIyGLcpBEzw,vlogs,0.29140625,1,163.1868133544922,48.98088455200195,48.550148010253906,40,9,3,0,0.4285714285714286,301.5,2.0
SKfm5Mxd-NY,vlogs,0.315625,1,138.0005645751953,54.854209899902344,64.58248138427734,20,4,8,1,0.7727272727272727,249.0,9.0
SNO6x-FOpp8,vlogs,0.2484375,1,155.38580322265625,46.52708053588867,35.830833435058594,28,6,4,1,0.5625,336.0,0.75
SOG4eWLptNw,vlogs,1.0,0,113.50160217285156,78.21916198730469,83.32815551757812,20,3,7,0,0.7802197802197802,155.60934891485812,59.9
SdKMDwv6GZA,vlogs,0.24296875,1,147.82032775878906,166.9015655517578,92.6343994140625,56,11,7,0,0.43999999999999995,,0.95
Si95ZgS_7hE,vlogs,0.315625,1,142.44189453125,77.4979248046875,63.19719314575195,16,3,3,0,0.627906976744186,230.66666666666666,2.25
T3aMP-s7mEA,vlogs,0.32578125,1,163.6621856689453,97.18566131591797,70.7212142944336,80,15,0,0,0.0,135.81899775617052,133.7
T7k6fFQu66Q,vlogs,0.240625,1,138.98695373535156,79.34312438964844,67.93325805664062,0,0,5,0,1.0,243.47826086956525,3.45
T8-kcrF2NLk,vlogs,0.15390625,1,85.23253631591797,52.632598876953125,41.9277229309082,24,3,7,0,0.7575757575757576,219.06976744186045,2.15
TDrUxLCxAY8,vlogs,0.9234375,0,172.61453247070312,146.245849609375,74.93846893310547,15,4,0,0,0.0,183.9373601789709,67.05
TH8lLgW3W40,vlogs,0.315625,1,126.33085632324219,80.2894287109375,59.77590560913086,34,6,4,0,0.43333333333333335,206.12903225806448,3.1
TMtIr0LAds8,vlogs,0.9953125,0,148.73422241210938,86.5084457397461,75.05095672607422,76,14,0,0,0.0,103.17948717948718,87.75
TUe13tOHvGw,vlogs,0.3609375,1,119.00313568115234,178.43994140625,61.45415496826172,0,0,11,0,1.0,,1.4
TYctIqaOyXA,vlogs,0.95390625,0,108.49687194824219,81.37110900878906,73.88994598388672,33,7,0,0,0.0,47.57437070938215,87.4
T_RM8gdvjOo,vlogs,1.0,0,178.46746826171875,70.32406616210938,62.936790466308594,79,15,0,0,0.0,,84.3
Tc5LpIAC4vc,vlogs,0.315625,1,159.41554260253906,59.4772834777832,64.49955749511719,26,6,5,1,0.6285714285714286,292.5,3.2
TotM8V8UETM,vlogs,0.79296875,1,154.42495727539062,72.86308288574219,46.578956604003906,89,14,0,0,0.0,,63.85
UB43WYdjfVQ,vlogs,0.315625,1,172.99342346191406,40.95987319946289,64.09431457519531,30,6,4,1,0.5081967213114754,218.2608695652174,3.45
UBIFrQKOsHM,vlogs,0.315625,1,138.46449279785156,101.41796112060547,65.03157043457031,6,2,9,1,0.9381443298969072,300.6818181818182,4.4
UCQHzrCN-BI,vlogs,0.28125,1,148.06472778320312,52.92819595336914,47.2485466003418,27,5,5,0,0.6351351351351351,224.39999999999998,2.5
UGRy_NEKlgg,vlogs,0.315625,1,77.84002685546875,55.2159423828125,82.89169311523438,56,9,3,1,0.31707317073170727,,1.5
UQ1SOmnaOG8,vlogs,0.315625,1,141.49847412109375,53.626651763916016,73.43299865722656,16,4,3,0,0.6595744680851063,256.03960396039605,5.05
USQq32xDBLs,vlogs,0.86484375,1,115.968505859375,103.94668579101562,82.98502349853516,39,9,0,0,0.0,204.76719944405838,71.95
USp8IWeIXjg,vlogs,1.0,0,148.21151733398438,76.06950378417969,80.12258911132812,69,12,0,0,0.0,281.40421263791376,49.85
UV5MmScWe0A,vlogs,0.296875,1,144.42303466796875,88.29483795166016,60.815425872802734,25,5,7,1,0.736842105263158,222.41379310344828,2.9
Us2rb1cgYQ0,vlogs,0.9921875,0,157.4486083984375,90.73580932617188,73.63126373291016,53,10,0,0,0.0,174.17244796828544,50.45
Uvf2hyxhKXY,vlogs,0.990625,0,140.98948669433594,115.09770202636719,84.37803649902344,87,20,0,0,0.0,,49.9
UvvRCDbjUgs,vlogs,0.95859375,0,127.3902587890625,80.01697540283203,63.37035369873047,34,7,0,0,0.0,67.34693877551021,41.65
V6eTTHcch4A,vlogs,0.296875,1,104.11422729492188,132.40145874023438,57.438255310058594,44,5,3,1,0.34328358208955223,216.0,3.5
VARJThr_8Ws,vlogs,1.0,0,151.50433349609375,90.52001953125,72.82121276855469,76,14,0,0,0.0,170.21476510067114,74.5
VV8WIdm2zx4,vlogs,0.7875,1,165.4352264404297,71.5052261352539,81.18859100341797,56,13,0,0,0.0,165.66258648217138,93.95
Vq_YMRYnZzE,vlogs,0.93671875,0,171.97483825683594,94.51487731933594,62.32099533081055,37,8,0,0,0.0,179.84952978056427,79.75
VwTZDak1iPk,vlogs,0.315625,1,160.47833251953125,118.40013885498047,64.33584594726562,17,3,6,0,0.7901234567901234,237.39130434782606,2.3
W6P5SBrv8lE,vlogs,0.315625,1,162.0542449951172,77.28035736083984,45.383426666259766,20,3,7,0,0.797979797979798,251.07142857142858,8.4
W6q5vFEedcA,vlogs,0.97890625,0,136.85960388183594,96.32555389404297,80.81771087646484,71,16,0,0,0.0,,41.8
WFaTbs7ua1U,vlogs,0.90859375,1,135.52395629882812,59.440311431884766,58.75855255126953,54,12,0,0,0.0,144.95575221238937,45.2
WHIx95TaaZ0,vlogs,0.95703125,0,139.1599578857422,86.52997589111328,74.24356079101562,69,13,0,0,0.0,182.69340974212034,52.35
We_vg9iRdjw,vlogs,0.27578125,1,144.2470245361328,93.28192901611328,55.86039733886719,15,3,7,0,0.84375,204.16666666666669,3.6
Wo2yToeCvNY,vlogs,0.91796875,1,142.6448974609375,58.30052947998047,72.42750549316406,69,15,0,0,0.0,109.95535714285715,67.2
WtpxIkNqiwI,vlogs,0.4671875,1,89.48065185546875,114.37760925292969,59.40534973144531,16,3,10,1,0.8383838383838383,159.27272727272728,2.75
XCPoGzqw1rI,vlogs,0.278125,1,172.18954467773438,66.5018081665039,41.6354866027832,48,7,5,0,0.5051546391752577,,1.15
XHe_-chR12g,vlogs,0.30546875,1,144.34344482421875,81.32366180419922,69.59334564208984,43,5,3,1,0.3484848484848485,235.66265060240966,4.15
XjQ20Vp_tXk,vlogs,0.86015625,1,162.25900268554688,90.03230285644531,64.34601593017578,63,13,4,0,0.37,,21.95
Y9--gaZvK-k,vlogs,0.28984375,1,159.3253631591797,57.354312896728516,64.78255462646484,43,4,5,0,0.5376344086021505,210.90909090909088,3.3
YDIGdfNIDW4,vlogs,0.315625,1,130.8493194580078,92.88505554199219,54.55162811279297,29,6,6,0,0.6881720430107527,240.0,0.85
YE1qvo9ZXUs,vlogs,0.98203125,0,176.76426696777344,71.48430633544922,63.578617095947266,55,9,0,0,0.017857142857142905,188.9860465116279,107.5
Yd9RxRRmzfk,vlogs,0.315625,1,136.3215789794922,79.60867309570312,63.189918518066406,19,4,2,0,0.4571428571428572,282.6666666666667,4.5
YfyC7PQZByQ,vlogs,0.9703125,0,188.7863006591797,64.41773223876953,70.50445556640625,50,9,0,0,0.0,191.80566801619435,61.75
Yjw1IwCPnYw,vlogs,0.8109375,1,137.41998291015625,135.9571075439453,70.97976684570312,59,11,0,0,0.0,71.5909090909091,74.8
YkH_HNqizLU,vlogs,0.78359375,1,135.0608673095703,56.61790084838867,70.82889556884766,40,7,0,0,0.0,161.7078651685393,66.75
Yt47D2e3OgE,vlogs,0.28125,1,145.85951232910156,102.87651062011719,57.20329666137695,12,2,4,0,0.7692307692307692,234.91525423728814,2.95
Yy2TJ6aI2Do,vlogs,0.315625,1,141.08212280273438,78.27728271484375,51.81974411010742,0,0,10,1,1.0,,0.5
Z92VfZDrDOE,vlogs,0.31484375,1,150.82020568847656,89.56735229492188,75.08312225341797,29,7,3,1,0.4528301886792453,222.5806451612903,3.1
ZV70mT8kgI0,vlogs,0.9578125,0,115.17556762695312,113.334228515625,71.74589538574219,15,2,0,0,0.0,132.88401253918497,63.8
ZVr5mULU99E,vlogs,0.315625,1,122.29645538330078,100.607177734375,74.02442932128906,39,3,4,1,0.417910447761194,226.51685393258427,4.45
ZdtvArlMDsg,vlogs,0.8671875,1,150.06640625,86.24638366699219,77.22232055664062,34,7,0,0,0.0,159.36473165388827,45.65
Zllwbjy_OCk,vlogs,0.9890625,0,128.75750732421875,139.64637756347656,84.66106414794922,67,14,0,0,0.0,112.47002398081534,62.55
ZuU-Dr4K_DA,vlogs,0.315625,1,164.14315795898438,51.52296447753906,56.202911376953125,10,2,7,1,0.8795180722891567,,3.7
_4Tg5n6t0is,vlogs,0.240625,1,139.341796875,71.7890625,63.128990173339844,15,3,2,0,0.5454545454545454,142.5,2.4
_DwjdfbTVIo,vlogs,0.975,0,134.26861572265625,76.86947631835938,81.11425018310547,49,9,1,0,0.10909090909090913,,45.8
_E9YqfMeO7M,vlogs,0.2796875,1,172.16326904296875,46.33867645263672,51.49890899658203,10,2,7,1,0.8795180722891567,225.1685393258427,4.45
_GfhgcQ0BPY,vlogs,0.21328125,1,198.04722595214844,89.85704803466797,70.6452865600586,21,3,8,1,0.7765957446808511,264.8780487804878,4.1
_GpMQhfS0s8,vlogs,0.315625,1,135.0212860107422,53.948307037353516,66.44160461425781,80,14,2,1,0.17525773195876293,132.97297297297297,1.85
_hdyLC2UQ7E,vlogs,0.3015625,1,129.25271606445312,78.65666198730469,64.27249145507812,25,4,3,0,0.47916666666666663,252.63157894736844,2.85
_p5wHP2_ero,vlogs,0.2765625,1,163.09046936035156,61.30436706542969,37.02687072753906,29,6,5,0,0.6813186813186813,,1.25
_rx2O-43lHY,vlogs,0.7515625,1,148.4442596435547,118.0403060913086,66.0317611694336,83,16,0,0,0.0,117.49220212102308,160.3
aDsOOjsAjJg,vlogs,0.92890625,0,108.30628204345703,52.44511795043945,76.2762680053711,18,3,0,0,0.0,146.4796523113394,126.55
aHs_BvCDfiE,vlogs,0.996875,0,164.09353637695312,154.5518035888672,71.58932495117188,99,20,0,0,0.0,,68.45
aPeRJXXb9r8,vlogs,0.315625,1,171.7716522216797,39.12811279296875,50.41682052612305,25,5,3,1,0.4897959183673469,166.74418604651163,4.3
aPjm-wBwtLQ,vlogs,0.315625,1,142.19801330566406,37.17641830444336,86.71483612060547,0,0,8,0,1.0,,1.1
aRErzya4ehI,vlogs,0.96875,0,172.47718811035156,54.53972244262695,57.37808609008789,39,7,0,0,0.0,198.31195138419986,74.05
aXmPUVTlHqI,vlogs,0.315625,1,141.3895263671875,70.27664947509766,62.74562454223633,18,3,9,1,0.8200000000000001,239.6,7.5
adb2Su_QOQA,vlogs,0.29296875,1,177.8875732421875,73.52110290527344,59.77645492553711,26,3,8,1,0.7263157894736842,289.0243902439024,4.1
amHVGaHPQmw,vlogs,0.9984375,0,169.1940155029297,65.28619384765625,53.55849075317383,73,14,0,0,0.0,,38.05
b2kQqnRIkks,vlogs,0.31484375,1,172.79037475585938,70.9211196899414,56.82684326171875,14,3,9,1,0.8526315789473684,178.0327868852459,3.05
b6KNYVXo1CE,vlogs,0.31328125,1,180.06207275390625,77.61676025390625,39.11750793457031,14,3,2,1,0.5333333333333333,91.07142857142857,2.8
bZmM7RTN55I,vlogs,0.315625,1,158.55747985839844,47.26656723022461,55.86035919189453,15,1,4,0,0.5588235294117647,,1.35
bbHx4M7CAGw,vlogs,1.0,0,143.9956817626953,97.50289916992188,69.13726806640625,88,21,0,0,0.0,,40.85
bihSYt6pa-A,vlogs,0.97109375,0,138.2364044189453,123.42499542236328,96.12677001953125,67,15,2,0,0.23863636363636365,186.87058823529412,63.75
bpnOQLzg_k4,vlogs,1.0,0,111.20486450195312,96.24283599853516,65.62122344970703,47,11,0,0,0.0,216.94581280788177,50.75
bxUVG02ac3Y,vlogs,0.996875,0,129.71453857421875,56.77979278564453,71.51421356201172,87,15,0,0,0.0,114.1112322791712,45.85
c6u6hoOYjfA,vlogs,0.996875,0,168.60166931152344,103.5559310913086,78.28509521484375,23,5,2,0,0.41025641025641024,171.55963302752292,16.35
cBVL8OvOjd4,vlogs,0.975,0,152.88194274902344,139.0796356201172,80.71997833251953,27,4,0,0,0.0,166.7978533094812,27.95
cJCUztbXHYQ,vlogs,0.97734375,0,164.241455078125,152.666259765625,72.08470153808594,24,2,0,0,0.0,121.81693048864419,72.65
cTcIgmc48Yc,vlogs,0.8796875,1,163.56471252441406,85.48220825195312,81.22982025146484,68,15,0,0,0.01449275362318836,,45.0
cYFgSWBttKg,vlogs,0.315625,1,139.95001220703125,113.84711456298828,59.51116180419922,35,7,1,0,0.14634146341463417,293.57142857142856,2.8
cZ20j1DURhc,vlogs,0.27734375,1,133.52557373046875,123.85595703125,57.61384963989258,26,4,7,0,0.7373737373737373,263.0769230769231,3.25
chuYzzygbig,vlogs,0.315625,1,121.39836120605469,103.62564849853516,64.60585021972656,19,4,0,0,0.0,280.7547169811321,5.3
clTbcnIHHlY,vlogs,1.0,0,133.81741333007812,164.27784729003906,83.67505645751953,42,8,0,0,0.0,181.12436115843272,29.35
coabr-V35u0,vlogs,0.315625,1,161.35604858398438,94.81574249267578,65.27387237548828,45,7,4,1,0.3835616438356164,242.64705882352942,3.4
cz6EnE7_otM,vlogs,0.21796875,1,150.72474670410156,87.49882507324219,86.48567962646484,27,8,8,1,0.7127659574468085,180.0,0.85
d-Z1Tz8dPZI,vlogs,0.27265625,1,155.3339080810547,89.151611328125,45.49263000488281,9,2,8,0,0.8714285714285714,193.84615384615384,1.95
dPFlrI1LBKM,vlogs,0.315625,1,171.3642120361328,45.80092239379883,70.88398742675781,23,6,6,0,0.6973684210526316,,2.05
dZD-GnzYZeU,vlogs,0.315625,1,167.05642700195312,104.22871398925781,66.59341430664062,45,8,3,0,0.32835820895522383,264.19354838709677,3.1
d_gZmZAUyj0,vlogs,0.30703125,1,131.0117645263672,60.48125457763672,76.9190673828125,36,6,5,0,0.6288659793814433,270.46153846153845,3.25
dlT0TWAhu6o,vlogs,0.64765625,1,159.32156372070312,87.31659698486328,56.802391052246094,91,15,0,0,0.0,69.5483193277311,95.2
dyufWGuxANM,vlogs,1.0,0,143.13604736328125,99.08013153076172,74.48309326171875,52,10,0,0,0.0,160.93401015228426,49.25
e0GJ1ROdSRM,vlogs,0.2828125,1,154.71218872070312,92.7425308227539,77.61092376708984,34,4,5,1,0.6,285.51724137931035,1.45
e0bWrw8kJfw,vlogs,0.88828125,1,133.41677856445312,90.77301025390625,78.10211944580078,94,16,0,0,0.0,121.92068800764453,104.65
e4TVi7fFfKg,vlogs,0.21328125,1,118.85297393798828,66.2398910522461,85.6390380859375,27,4,3,0,0.564516129032258,,1.1
eI4fLi-VfHM,vlogs,0.9515625,0,100.93559265136719,73.48518371582031,79.50824737548828,72,14,0,0,0.027027027027026973,36.45390070921986,21.15
eREXWXoVB1Q,vlogs,0.315625,1,158.7928009033203,60.963462829589844,60.41547775268555,32,9,7,1,0.6483516483516483,128.8235294117647,1.7
eWoyI3R3VZM,vlogs,0.99609375,0,166.94309997558594,141.08900451660156,84.20711517333984,77,16,2,0,0.2222222222222222,93.16725978647686,42.15
errYHwrihLk,vlogs,0.28984375,1,135.3844757080078,79.02348327636719,63.702571868896484,51,9,2,1,0.26086956521739135,204.78260869565216,4.6
fIAMvKNVI1Y,vlogs,0.315625,1,127.67920684814453,146.40016174316406,70.12806701660156,21,1,7,1,0.7692307692307692,,0.75
fW9J88dSNfc,vlogs,0.2921875,1,165.39474487304688,19.690582275390625,62.38473892211914,34,6,7,0,0.653061224489796,214.15384615384616,3.25
f_dZfS-mNrY,vlogs,0.99921875,0,154.4921417236328,100.5507583618164,75.78199005126953,74,14,0,0,0.0,194.32314410480348,103.05
ftiSXc3ET_k,vlogs,0.315625,1,119.60393524169922,61.90218734741211,64.82819366455078,0,0,5,0,1.0,215.21739130434784,6.9
fx0hSbsc7b8,vlogs,0.3,1,108.62813568115234,104.96611785888672,67.58883666992188,46,6,5,1,0.5306122448979591,283.6363636363637,0.55
fzNmBTYKo44,vlogs,0.315625,1,145.8431854248047,52.62071228027344,81.06477355957031,26,5,7,1,0.7011494252873562,,1.5
g-XMtLI57-U,vlogs,0.19140625,1,187.3577117919922,61.060997009277344,45.49481201171875,44,8,3,1,0.3529411764705882,178.33333333333334,1.8
g6Q1_ewS2Ns,vlogs,0.9421875,0,215.5125732421875,45.059932708740234,32.203067779541016,53,9,0,0,0.0,313.65384615384613,31.2
g9H14QjVtR8,vlogs,0.82734375,1,135.75343322753906,100.30445098876953,75.7337646484375,36,8,0,0,0.027027027027026973,159.5468589083419,48.55
gJ6j73gTwqI,vlogs,0.209375,1,162.19190979003906,72.12794494628906,70.12602233886719,50,9,5,0,0.4736842105263158,160.37383177570092,5.35
gJaXPqTGXYA,vlogs,0.2578125,1,157.45376586914062,122.31900787353516,55.69081115722656,37,7,5,0,0.5066666666666666,220.85106382978722,2.35
gRo18Se7JII,vlogs,0.315625,1,177.00914001464844,83.09241485595703,57.211517333984375,25,6,8,1,0.736842105263158,104.0,1.5
gYvruH10r8E,vlogs,0.28046875,1,128.87030029296875,64.2406234741211,72.41554260253906,40,7,4,1,0.4444444444444444,252.0,3.0
gc85zHi0Hgo,vlogs,0.315625,1,149.31597900390625,103.08719635009766,56.03001403808594,35,8,4,0,0.4696969696969697,240.0,3.0
gcyxEORcYZI,vlogs,0.96484375,0,134.9794464111328,110.8431396484375,92.20286560058594,38,9,0,0,0.0,167.7037037037037,20.25
gmrUzTZnKik,vlogs,0.28671875,1,138.0342559814453,64.27010345458984,58.49053955078125,15,3,8,1,0.8387096774193549,212.25,4.0
gwHGuBgcQGQ,vlogs,0.9984375,0,177.34066772460938,90.41947174072266,77.06075286865234,38,6,0,0,0.0,53.4020618556701,43.65
gztOE7GP_Ug,vlogs,0.315625,1,172.67152404785156,93.85965728759766,57.5655403137207,25,7,7,1,0.7395833333333333,93.52941176470588,1.7
hDM-FkQB0UU,vlogs,0.315625,1,146.04202270507812,101.828125,56.17008972167969,1,1,4,0,0.9696969696969697,295.47169811320754,2.65
hERVjUq0fOU,vlogs,0.96171875,0,124.93675994873047,77.00373840332031,60.14139175415039,100,18,0,0,0.0,146.66409266409266,129.5
hIe0zsHOVeI,vlogs,0.29609375,1,173.095458984375,64.0611801147461,53.623985290527344,23,4,8,1,0.7676767676767677,225.0,1.8
hRLbHzp99Dg,vlogs,0.315625,1,134.0443878173828,83.44573974609375,60.35889434814453,33,7,8,1,0.6699999999999999,97.05882352941177,1.7
hg-3aJTmsuA,vlogs,0.315625,1,155.92813110351562,70.95577239990234,70.76473236083984,31,7,7,1,0.6630434782608696,,1.55
hlgj0sLCqLQ,vlogs,0.70859375,1,204.381103515625,56.030517578125,41.6739616394043,88,14,0,0,0.0,124.65422612513721,136.65
hndvmi_Y1cw,vlogs,0.771875,1,158.555908203125,85.29277801513672,63.32646560668945,45,7,0,0,0.0,85.53327256153145,329.1
hqMafo-sccA,vlogs,0.315625,1,131.468017578125,142.60855102539062,63.12021255493164,31,4,8,1,0.6836734693877551,125.80645161290322,1.55
htojfW08jt8,vlogs,0.315625,1,151.13833618164062,83.23880767822266,66.60479736328125,36,7,7,0,0.625,284.51612903225805,1.55
hu6S8UecnRs,vlogs,0.99921875,0,175.0564727783203,85.18006134033203,81.3538589477539,74,11,0,0,0.0,157.19330855018586,53.8
hxJ-l95m-no,vlogs,0.31484375,1,169.6749725341797,51.32781219482422,47.71247863769531,8,1,4,1,0.7948717948717949,177.69230769230768,2.6
i9h1Cr5ZCxI,vlogs,1.0,0,185.85536193847656,83.8600082397461,63.74290084838867,37,7,0,0,0.0,206.61654135338347,59.85
iJnxyjl9m6o,vlogs,0.8921875,1,104.90495300292969,140.72792053222656,66.39598846435547,27,6,1,0,0.09999999999999998,217.35824603088886,462.95
iNlSuk1hwrc,vlogs,0.9984375,0,158.41336059570312,93.5552749633789,69.11380767822266,44,5,1,0,0.12,165.6872037914692,31.65
iWNKWXoIWrM,vlogs,0.99609375,0,147.84600830078125,101.23914337158203,69.09363555908203,56,11,0,0,0.0,115.07042253521128,170.4
iYDwrHRyH6c,vlogs,1.0,0,164.54087829589844,86.32266998291016,76.44181823730469,84,18,0,0,0.0,89.54862385321101,136.25
iYVDLyIKibc,vlogs,0.76640625,1,152.24893188476562,93.849853515625,71.02072143554688,41,7,0,0,0.0,155.01592356687897,62.8
icZ61iP7qPc,vlogs,0.315625,1,181.91448974609375,36.420162200927734,49.150917053222656,47,1,0,0,0.0,,2.75
j4buo3l9MIc,vlogs,0.6046875,1,160.40847778320312,46.39846420288086,56.06487274169922,47,9,0,0,0.0,170.70422535211267,3.55
j7mpcXahFkw,vlogs,0.73046875,1,141.2009735107422,77.65470886230469,81.12908935546875,14,3,0,0,0.0,130.686175580222,99.1
jFOMBRA9V00,vlogs,0.99140625,0,160.64918518066406,92.76892852783203,76.11770629882812,68,15,0,0,0.0,,37.4
jcdzv0VufgE,vlogs,0.93359375,0,150.97601318359375,73.90652465820312,76.4698486328125,62,12,0,0,0.0,,65.7
jiEDV9ww1GU,vlogs,0.2546875,1,235.55487060546875,106.70323181152344,29.926986694335938,33,5,8,1,0.6632653061224489,126.1764705882353,3.4
jlMl76DqO6A,vlogs,0.30703125,1,160.27200317382812,69.990966796875,72.9709243774414,96,12,0,0,0.0,,0.65
jsEWjABwHaY,vlogs,1.0,0,163.3567657470703,53.78079605102539,64.48356628417969,74,11,0,0,0.0,118.30188679245283,47.7
jsbu7FeC970,vlogs,0.31171875,1,182.13294982910156,151.355712890625,54.58934783935547,38,9,7,1,0.6,143.57142857142856,1.4
k84Q4hjbzdA,vlogs,0.940625,0,148.69314575195312,106.90411376953125,73.15052032470703,79,12,0,0,0.0,97.28893058161351,106.6
k9FxJ-lBkPs,vlogs,0.315625,1,123.34353637695312,73.3137435913086,70.79219055175781,36,8,5,0,0.6326530612244898,,0.55
k9teU0bf6mo,vlogs,0.86484375,1,161.13174438476562,67.47254180908203,62.991661071777344,83,12,0,0,0.0,145.74038827559954,131.35
kClOWvGZi5k,vlogs,0.315625,1,122.3380355834961,67.59801483154297,77.51995086669922,43,7,5,1,0.5473684210526315,260.0,0.6
kHbrEHrFPWk,vlogs,0.3109375,1,127.30728912353516,78.5086669921875,53.89583969116211,31,3,4,1,0.47457627118644063,244.0,3.75
kdxfISZkUNc,vlogs,0.315625,1,137.12442016601562,86.52269744873047,72.16625213623047,16,3,3,0,0.6444444444444444,,0.7
kkxvpLSLXAo,vlogs,0.29375,1,154.59219360351562,61.09221267700195,55.88037109375,33,6,4,0,0.56,256.42857142857144,4.2
klRAACZNKEo,vlogs,0.975,0,169.88308715820312,55.7744255065918,89.65281677246094,81,15,0,0,0.0,162.47987117552336,93.15
l-Lhj7Vr4fU,vlogs,0.315625,1,152.95240783691406,54.49197006225586,49.52550506591797,23,1,10,1,0.7472527472527473,,1.1
l23lYSy3TE0,vlogs,0.315625,1,167.01992797851562,85.41974639892578,55.601539611816406,30,4,4,1,0.6103896103896104,220.0,2.1
lQTdZOKJeV0,vlogs,0.3125,1,160.75787353515625,120.7193603515625,56.69001388549805,35,6,5,1,0.5977011494252873,277.5,2.8
lgos2g6rV8c,vlogs,0.91015625,1,228.03941345214844,13.379413604736328,43.103485107421875,29,5,0,0,0.0,152.18929677134014,226.1
lhfv8q6cDJA,vlogs,0.25546875,1,157.65460205078125,69.30924987792969,68.91136169433594,22,1,5,0,0.6451612903225806,,2.65
ljWUhGZOGjs,vlogs,0.996875,0,145.74317932128906,60.484130859375,62.00813293457031,89,13,0,0,0.0,124.61356466876971,126.8
m-ku9RKRSIA,vlogs,0.315625,1,150.03976440429688,67.5768814086914,54.929134368896484,32,7,2,0,0.33333333333333337,224.51612903225805,3.1
mFWr4wNL8Ks,vlogs,0.978125,0,102.60661315917969,79.19971466064453,79.26139831542969,75,12,0,0,0.0,101.61925601750548,45.7
mX6qjNKvV7M,vlogs,0.9046875,1,166.71348571777344,72.90995788574219,45.689144134521484,31,8,0,0,0.0,171.31313131313132,44.55
mYPin0oiSy4,vlogs,0.2203125,1,168.74276733398438,24.817045211791992,31.56906509399414,13,3,3,0,0.6666666666666667,195.78947368421055,1.9
mtvVWNBs-zY,vlogs,0.80625,1,150.94882202148438,71.70478057861328,69.94320678710938,96,16,0,0,0.0,165.72511848341233,52.75
n0JLigY2MIM,vlogs,0.809375,1,190.3479461669922,119.75785064697266,52.030181884765625,85,14,0,0,0.0,3.925233644859813,96.3
nBULoKRjsOg,vlogs,0.26875,1,170.08119201660156,97.14358520507812,67.34561920166016,27,6,6,1,0.6785714285714286,273.15789473684214,1.9
nNXo-JD0h9s,vlogs,0.315625,1,150.47642517089844,64.83623504638672,59.82899856567383,19,5,3,0,0.6607142857142857,278.0487804878049,2.05
nYuExDtWS1U,vlogs,0.79921875,1,134.1471710205078,114.3550796508789,85.00785064697266,44,8,0,0,0.0,66.73469387755102,73.5
nZzsKTFxqvs,vlogs,0.93828125,0,139.9970245361328,69.93985748291016,49.75527572631836,96,18,0,0,0.010309278350515427,176.49208282582217,41.05
nlOT60RuNf4,vlogs,0.315625,1,150.19125366210938,101.69688415527344,79.59539031982422,15,3,10,0,0.85,,0.65
noAkdMsJfGQ,vlogs,0.9984375,0,178.4427947998047,113.66085815429688,66.1882553100586,46,9,5,0,0.4831460674157303,148.60058309037902,34.3
nqmrFegVTEA,vlogs,0.7203125,1,169.19313049316406,135.4579620361328,72.03056335449219,98,16,0,0,0.0,147.65657987332864,142.1
nuELvro9WBQ,vlogs,0.9078125,1,167.68997192382812,48.671783447265625,54.32989501953125,45,9,0,0,0.0,173.18039624608969,47.95
nvavqW7pRw4,vlogs,0.83046875,1,152.20108032226562,36.5,68.91490173339844,64,10,0,0,0.0,196.61266568483063,33.95
oIQJvIiUnCM,vlogs,0.2375,1,151.3422088623047,61.07440948486328,63.540924072265625,36,5,6,0,0.6210526315789473,269.2307692307692,1.95
oJam96xOED0,vlogs,0.315625,1,138.79246520996094,70.61494445800781,76.38188171386719,27,8,3,1,0.47058823529411764,218.0,3.0
oM69wmG521Y,vlogs,0.315625,1,148.71156311035156,83.71951293945312,64.2625732421875,35,8,4,1,0.4852941176470589,243.39622641509436,2.65
oQbKmCH_YIw,vlogs,0.2984375,1,169.77890014648438,74.8761215209961,69.72404479980469,29,8,8,1,0.6847826086956521,221.25,2.4
oR1FnxSjBYU,vlogs,0.90390625,1,104.40682220458984,96.01112365722656,81.16481018066406,43,10,0,0,0.0,183.80382775119617,41.8
og2BYnhsf4Q,vlogs,0.265625,1,197.45603942871094,116.87923431396484,42.01759719848633,41,10,7,1,0.5816326530612245,167.14285714285714,1.4
ogSIiOMRC40,vlogs,0.26171875,1,113.21568298339844,96.76759338378906,77.9376220703125,45,7,0,0,0.0,,2.0
omBWSU_uxlw,vlogs,0.315625,1,161.39466857910156,149.7394256591797,56.1259880065918,33,6,4,1,0.47619047619047616,272.8301886792453,2.65
opY90nNtJOY,vlogs,0.28203125,1,150.41612243652344,70.98799896240234,54.2754020690918,36,8,5,0,0.5609756097560976,140.0,1.35
ovG-4C4k_CA,vlogs,0.9953125,0,141.3155517578125,55.264678955078125,61.166378021240234,50,12,0,0,0.0,167.76470588235293,51.0
ozEOf31-d5Y,vlogs,0.97734375,0,171.5004425048828,96.41695404052734,57.07303237915039,42,8,0,0,0.023255813953488413,177.7948717948718,58.5
p-nd7uueog8,vlogs,0.31484375,1,165.6341552734375,70.47840881347656,55.771461486816406,36,7,7,1,0.6288659793814433,221.6949152542373,2.95
p4nmsBsiSAg,vlogs,0.6640625,1,114.47872161865234,79.50603485107422,67.26001739501953,22,4,0,0,0.0,145.8052434456929,80.1
pCTi6BYGj2k,vlogs,1.0,0,157.26133728027344,70.89432525634766,77.13179016113281,96,19,0,0,0.0,226.55497382198953,95.5
pfmKBxIKVgw,vlogs,0.3140625,1,140.21401977539062,96.46829223632812,58.92446517944336,53,10,1,0,0.171875,232.42105263157896,4.75
przSYPzQ-OU,vlogs,0.22890625,1,98.9651870727539,84.76094055175781,63.19213104248047,34,6,5,1,0.5342465753424658,,1.6
pwYrwhpdY4A,vlogs,0.221875,1,146.6920623779297,65.41302490234375,58.71485137939453,14,2,6,0,0.8313253012048193,195.0,2.6
q1SPT9SrpGY,vlogs,0.925,0,137.39987182617188,57.6350212097168,82.36933135986328,49,9,0,0,0.0,93.45132743362831,67.8
q9Svsb5eT_8,vlogs,0.30078125,1,162.4485321044922,67.4914779663086,59.928260803222656,41,9,3,0,0.3492063492063492,312.41379310344826,2.9
qLk_nW3K-Fs,vlogs,0.315625,1,151.39207458496094,77.4059829711914,55.84822082519531,28,6,4,1,0.5692307692307692,212.38095238095238,3.15
qRs6m8NZkbc,vlogs,0.2171875,1,154.2056121826172,54.2421760559082,66.48748779296875,16,4,0,0,0.0,154.64788732394365,3.55
qVGhMB7CQMQ,vlogs,0.31328125,1,141.69166564941406,62.91766357421875,65.52533721923828,19,4,6,0,0.7323943661971831,224.39999999999998,2.5
qixDTptkwvg,vlogs,0.8890625,1,146.72621154785156,80.72624969482422,61.5811767578125,76,14,0,0,0.0,42.58317025440313,76.65
qqP46ErdbH4,vlogs,0.971875,0,170.02737426757812,77.38253021240234,66.5619125366211,98,18,0,0,0.0,165.1685393258427,48.95
r1uJgOyGxuU,vlogs,0.315625,1,137.03065490722656,37.94573211669922,59.79888153076172,30,7,2,0,0.4444444444444444,171.0,2.0
rUqPHjp8DmM,vlogs,0.315625,1,151.04159545898438,107.08868408203125,72.53004455566406,27,5,5,1,0.5970149253731343,253.54838709677418,3.1
rj9EidZ-8Ng,vlogs,0.69609375,1,133.0575408935547,139.8340606689453,80.706298828125,11,2,0,0,0.0,144.6538024971623,88.1
rjStpAsYO0w,vlogs,0.315625,1,135.97085571289062,103.24710845947266,64.59193420410156,29,6,6,0,0.7010309278350515,,2.95
rlK3sQtFIF8,vlogs,0.290625,1,133.658203125,89.3410415649414,57.27363967895508,24,5,5,1,0.6307692307692307,263.6363636363636,1.65
rnr-3giSYZ0,vlogs,0.22265625,1,148.37030029296875,66.31278991699219,61.45137023925781,23,4,4,1,0.6349206349206349,172.10526315789474,1.9
ruW1ybmf5Y0,vlogs,0.315625,1,120.87684631347656,99.93212890625,58.47037124633789,20,4,7,0,0.7530864197530864,,0.8
s1Uc6prtY_A,vlogs,0.36875,1,178.59506225585938,53.07684326171875,64.33692169189453,13,2,4,0,0.7346938775510203,,3.1
sGvKQl7TKF4,vlogs,0.2921875,1,168.60719299316406,74.05579376220703,47.08403778076172,26,6,8,1,0.7373737373737373,,5.4
sNgrF5WEWwI,vlogs,0.315625,1,139.62106323242188,55.72211837768555,60.649906158447266,0,0,6,0,1.0,,0.6
sUeI-MIKi-E,vlogs,0.315625,1,151.88502502441406,87.8654556274414,66.8442153930664,23,4,9,1,0.7676767676767677,150.0,1.4
sXlia6MGXDQ,vlogs,0.94296875,0,169.3413848876953,88.31605529785156,52.922542572021484,39,6,0,0,0.0,173.68831168831167,38.5
scQQhkvwFVU,vlogs,0.3125,1,157.61032104492188,87.72421264648438,64.1802978515625,23,6,1,0,0.2068965517241379,152.83783783783784,7.4
smDNqTLsozk,vlogs,0.8359375,1,143.20896911621094,84.28907012939453,65.06590270996094,31,7,0,0,0.0,147.4190564292322,54.05
tD0O7BPeH5k,vlogs,0.9984375,0,144.42849731445312,86.64708709716797,65.81629180908203,74,16,0,0,0.0,204.05797101449275,41.4
tGOxevJ99qY,vlogs,0.9015625,1,161.2042694091797,106.1622085571289,62.630306243896484,32,7,0,0,0.030303030303030276,165.995085995086,40.7
tWBnjnN1gkU,vlogs,0.153125,1,146.17845153808594,79.4774169921875,61.358642578125,23,4,5,1,0.6349206349206349,270.7692307692308,1.95
tYt9L2jVNbw,vlogs,0.296875,1,160.89561462402344,90.37097930908203,70.9761734008789,29,6,3,1,0.4629629629629629,,2.05
tZD_pq3iNuA,vlogs,0.97421875,0,145.59169006347656,100.2598648071289,80.22923278808594,48,9,0,0,0.0,92.6706231454006,33.7
tfdct-wgeBI,vlogs,0.97265625,0,116.33934020996094,59.23000717163086,76.33006286621094,35,7,0,0,0.0,170.36363636363637,49.5
toZCpKnsKxw,vlogs,0.28515625,1,164.498291015625,92.35778045654297,60.34056091308594,18,4,6,0,0.7391304347826086,284.70588235294116,2.55
tqALj8TtaK4,vlogs,0.29375,1,103.08548736572266,84.28507232666016,79.821533203125,31,3,4,1,0.47457627118644063,,3.1
tuSe3Ll_-Hc,vlogs,1.0,0,151.33523559570312,89.79437255859375,66.8427734375,67,12,0,0,0.0,150.52386495925495,42.95
tz1SsUWmuUA,vlogs,0.28984375,1,48.7137336730957,77.4359130859375,31.214065551757812,29,5,3,1,0.40816326530612246,288.0,3.5
uCAiHhxQ_c0,vlogs,0.93828125,0,153.69436645507812,61.06053924560547,70.54998779296875,59,12,0,0,0.0,128.1863560732113,90.15
uFIfzUG6O6o,vlogs,0.2703125,1,143.57290649414062,84.31877136230469,85.21814727783203,41,4,4,1,0.4057971014492754,239.27710843373495,4.15
uGZlWxT96UQ,vlogs,0.9984375,0,155.4010467529297,140.3893280029297,84.21808624267578,83,16,0,0,0.0,160.4868913857678,80.1
ueKkURCQAGQ,vlogs,0.30703125,1,134.69412231445312,81.29478454589844,53.69654846191406,0,0,6,0,1.0,,3.0
umor6nrsxBA,vlogs,0.2828125,1,166.86264038085938,88.56143188476562,56.76677703857422,33,7,5,0,0.611764705882353,223.92857142857142,2.8
v7mPOyjo7bQ,vlogs,0.315625,1,141.3525848388672,73.96342468261719,66.81514739990234,13,3,6,0,0.8115942028985508,,2.9
vMBIUfSEvFk,vlogs,0.86171875,1,103.64364624023438,116.31026458740234,84.70539093017578,84,17,0,0,0.0,108.64783047426842,99.1
vOwwfcQ6P4M,vlogs,0.2453125,1,184.83531188964844,53.22526168823242,44.729793548583984,41,10,7,1,0.5816326530612245,,1.55
vdaaeEBuF9E,vlogs,0.315625,1,133.18727111816406,66.2401351928711,52.180572509765625,0,0,7,0,1.0,,6.1
vmKlgszlLxw,vlogs,0.315625,1,161.88430786132812,60.67074966430664,30.240703582763672,15,3,0,0,0.0,,0.8
vooXvPq8I4s,vlogs,0.67265625,1,140.1190643310547,56.07638931274414,69.67125701904297,35,7,0,0,0.0,164.2987804878049,98.4
vt_trYMPe98,vlogs,0.28359375,1,167.96435546875,67.62848663330078,64.46790313720703,22,4,9,1,0.7777777777777778,,1.25
vyuhUmPx3Q4,vlogs,0.18515625,1,184.77667236328125,33.32017517089844,21.79328727722168,29,5,8,0,0.6947368421052631,,2.1
vz0hfyu04fs,vlogs,0.8984375,1,174.30018615722656,146.5315704345703,76.19097137451172,64,10,0,0,0.0,159.1011235955056,31.15
vzIuF1bE9M4,vlogs,0.22578125,1,151.43663024902344,149.74620056152344,71.6834945678711,38,4,4,1,0.4242424242424242,218.33333333333334,3.6
wEllttU-_KQ,vlogs,0.315625,1,170.0762939453125,73.4374008178711,71.28045654296875,35,6,3,1,0.36363636363636365,,1.2
wL9coPncshg,vlogs,1.0,0,171.8776397705078,86.02222442626953,65.54459381103516,87,17,0,0,0.011363636363636354,199.2937640871525,66.55
wSsh6KZ2rPw,vlogs,0.95,0,134.91275024414062,63.27377700805664,63.32200241088867,40,7,0,0,0.0,189.4214876033058,36.3
x8dtbDUPEac,vlogs,0.265625,1,167.86724853515625,69.67158508300781,70.99014282226562,39,7,3,1,0.3709677419354839,154.36363636363637,5.5
xXsRWCcVmbY,vlogs,0.315625,1,157.40594482421875,57.96168899536133,53.13610076904297,0,0,8,0,1.0,62.30769230769231,2.6
xcqLis5gwBA,vlogs,0.9765625,0,124.9400634765625,76.71556091308594,78.19868469238281,60,11,0,0,0.0,193.06748466257667,32.6
xitmTnH_hYM,vlogs,0.22890625,1,142.3730926513672,71.6350326538086,77.56372833251953,21,5,2,1,0.43243243243243246,154.73684210526318,2.85
xmadIOQ47nE,vlogs,0.92109375,0,143.16952514648438,62.454734802246094,52.56894302368164,100,9,0,0,0.0,74.32348367029549,128.6
xpgraI4i1yg,vlogs,0.98125,0,219.5557861328125,113.4161605834961,49.334693908691406,49,9,5,0,0.449438202247191,187.91386271870795,37.15
xtBttbCRyXE,vlogs,0.97265625,0,110.52448272705078,101.52272033691406,76.98780822753906,44,8,0,0,0.0,129.99637023593468,137.75
xvE6ssuTzfM,vlogs,0.30390625,1,155.1943359375,76.56563568115234,62.25975036621094,37,7,3,0,0.3620689655172413,153.0,5.0
xze98OyMwiY,vlogs,0.315625,1,137.9927978515625,74.08710479736328,61.59238815307617,28,4,6,1,0.6818181818181819,211.69811320754718,2.65
y0ZlIs_DSgg,vlogs,0.315625,1,119.3431625366211,54.03133773803711,71.78131866455078,92,16,0,0,0.0,278.05970149253733,6.7
yJ0X8GQgIiA,vlogs,0.95703125,0,131.011474609375,68.3386459350586,61.62009811401367,59,11,0,0,0.0,178.48837209302326,51.6
yU0ejzuYGkM,vlogs,0.27734375,1,149.0265350341797,83.73394012451172,68.6854248046875,28,5,7,0,0.6888888888888889,136.76470588235296,6.8
ybwvs5h_iFo,vlogs,0.97890625,0,165.28977966308594,91.8483657836914,70.86835479736328,17,3,0,0,0.0,120.63897763578275,93.9
ycoFmUmRbfE,vlogs,0.99921875,0,154.86439514160156,83.25408935546875,59.96881103515625,100,22,0,0,0.0,159.59764474975466,101.9
yuYv9EqN_6E,vlogs,0.315625,1,57.11582565307617,23.357906341552734,71.23531341552734,28,6,7,0,0.6744186046511628,,0.8
z2UwRgdmDsw,vlogs,0.79921875,1,158.5262908935547,95.70659637451172,67.48855590820312,64,15,0,0,0.0,29.461300309597522,80.75
zBmhD4z8cfo,vlogs,0.953125,0,128.16136169433594,88.01043701171875,75.35327911376953,63,15,0,0,0.0,,41.45
zD1U6iPBMxM,vlogs,0.315625,1,116.439697265625,128.2404327392578,64.49755096435547,23,4,2,0,0.41025641025641024,196.88888888888889,6.75
zKQAp7828Ck,vlogs,0.7609375,1,120.46881103515625,67.46282196044922,89.06147766113281,30,6,0,0,0.0,170.87385740402192,136.75
zTW8nTMcQ7k,vlogs,0.315625,1,122.81999206542969,140.8363800048828,49.57685852050781,0,0,4,0,1.0,289.2857142857143,1.4
zWcQ-Pketoc,vlogs,0.29140625,1,155.59796142578125,40.03411102294922,60.02643966674805,23,2,5,0,0.5306122448979591,,2.3
zdr_Arnbn3Y,vlogs,0.315625,1,147.31549072265625,55.88188552856445,60.47477722167969,23,4,7,0,0.7444444444444445,309.59999999999997,1.25
zeqV2FTtYnU,vlogs,1.0,0,113.67122650146484,72.84603881835938,96.09777069091797,64,11,0,0,0.0,164.6669955599408,202.7
zgnniAfpU6M,vlogs,1.0,0,132.25509643554688,65.5941390991211,73.10890197753906,26,4,0,0,0.0,116.81227863046044,42.35
znIcnzv7kHM,vlogs,0.9875,0,149.49087524414062,113.35466003417969,74.60565948486328,68,13,0,0,0.0,203.27044025157232,71.55
