video_id,category,n_frames,mad_consecutive_mean,mad_consecutive_max,mad_allpairs_mean,mad_per_second_mean,mad_per_second_max,is_static
-ERhH_wltqU,comedy,20,40.05335115131579,53.82177734375,42.626272101151315,4.367981685294168,9.869677734375,False
-bgnv0CyEjw,comedy,20,52.8397795024671,91.791259765625,58.884589586759866,37.742699644619364,65.565185546875,False
05hLL9klsi0,comedy,20,39.64689555921053,60.97216796875,48.866509046052634,28.319211113721806,43.551548549107075,False
076rwe5EmsA,comedy,20,34.05250308388158,55.393798828125,48.690771484375,3.4789987481006115,11.078759765625,False
0SOJ9G6hn5g,comedy,20,32.85099712171053,51.689453125,43.251832339638156,46.92999588815789,73.84207589285717,False
0rr1RfSNFPI,comedy,20,18.65430972450658,51.9033203125,43.589418431332234,37.30861944901316,103.806640625,False
0vXVANfo6T0,comedy,20,46.44535104851974,65.577880859375,51.24908511513158,25.10559516136202,35.447503167229705,False
0vdzXfs6sbU,comedy,20,12.940776624177632,25.5771484375,18.644017269736842,36.97364749765038,73.0775669642858,False
11eMhMmL3pI,comedy,20,40.146240234375,53.965576171875,45.008640008223686,29.73795572916667,39.97450086805554,False
14A9jRxDJhk,comedy,20,42.40344880756579,69.9560546875,55.58910361842105,21.745358362854255,35.874899839743605,False
1DYW8R5YIWE,comedy,20,52.69840923108553,102.273193359375,64.68213661595395,5.62188219254913,14.447900390625,False
1PtCHJ1L_r4,comedy,20,37.78005499588816,65.947265625,42.45773797286184,18.42929511994544,32.16939786585359,False
1RzDqaFKo-s,comedy,20,52.41182668585526,72.0556640625,62.54367033305921,33.81408173280985,46.48752520161299,False
1Sjma_bPG9U,comedy,20,55.07218852796053,80.87060546875,58.28589895148026,36.714792351973685,53.913736979166664,False
1V9kHMdsp6k,comedy,20,12.241506476151315,41.175048828125,30.023031455592104,48.96602590460526,164.7001953125,False
1WDbkroEOq0,comedy,20,20.244590357730264,31.440673828125,20.53251953125,2.2952988841291635,5.0666015625,False
1WTO3Q8Id4Q,comedy,20,24.006154913651315,61.927490234375,31.058199270148027,1.8810204929563394,6.819091796875,False
1XCNE-hxZtE,comedy,20,19.494873046875,26.840087890625,19.67079050164474,2.4976569540787197,5.368017578125,False
1vUf3jTBw2Q,comedy,20,55.150724712171055,119.156005859375,59.52433696546053,21.211817196988868,45.829233022836576,False
22mZyakmixw,comedy,20,22.87588661595395,59.931640625,28.208556486430922,1.4135879568025995,5.808837890625,False
28Dh5jEqJlw,comedy,20,41.36510587993421,77.93994140625,41.0403474506579,5.098797588154778,15.58798828125,False
2PYIrJw6I6E,comedy,20,41.43705026726974,154.4873046875,70.32125822368421,6.233778988589245,30.8974609375,False
2ZFgD9fbnb8,comedy,20,52.40477230674342,86.58056640625,65.33490054481908,10.934977048226378,17.31611328125,False
2ZoUPtdlAcs,comedy,20,34.953214946546055,136.99609375,48.10423905222039,12.264285946156514,48.0688048245615,False
2e2JJEZBI-A,comedy,20,63.16213507401316,90.95654296875,66.02141498766447,7.831121437023871,18.19130859375,False
2m2520TuUdk,comedy,20,19.10922080592105,26.82470703125,20.00409642269737,1.901211356218799,5.36494140625,False
2sR4AL9Zxek,comedy,20,53.571199115953945,94.76904296875,78.03654528166119,18.159728513882694,32.12509931144073,False
2tbBHlrjOlk,comedy,20,47.00309673108553,76.378173828125,63.46308979235197,16.786820261101973,27.277919224330418,False
2yxMlBC4cqs,comedy,20,49.63697574013158,73.28564453125,52.79072137129934,34.23239706215971,50.541823814655075,False
34Spt_Yx6sQ,comedy,20,49.30085834703947,169.36572265625,56.42061317845395,7.593418040997331,33.87314453125,False
3XAwPxpeyeE,comedy,20,52.250783819901315,73.0654296875,47.56649748149671,36.03502332406987,50.38995150862071,False
3ZmrW9a3tjo,comedy,20,20.339573910361842,31.03125,18.904715768914475,2.5457929510213164,6.20625,False
3bvkoxZ6xcw,comedy,20,28.962723581414473,95.8564453125,29.44442716899671,4.215527827039846,19.1712890625,False
3fRxeJmwOjQ,comedy,20,47.53235505756579,89.4482421875,55.090797183388155,5.7074930786951645,16.51025390625,False
3uJwYeVdBl8,comedy,20,23.230160361842106,74.57763671875,47.341165964226974,33.18594337406014,106.53948102678562,False
3v9cUNDZOKw,comedy,20,41.10828279194079,63.337158203125,50.29137155633224,17.128451163308664,26.390482584635432,False
4EUtCtOLkAc,comedy,20,47.663972553453945,111.053466796875,51.28512541118421,5.128002737313508,22.210693359375,False
4FbGDT84p8I,comedy,20,17.34069181743421,25.613525390625,21.424010587993422,1.9502548095766443,5.122705078125,False
4cL-TZbokMg,comedy,20,46.0646330180921,69.095458984375,51.02749922902961,4.656389186869762,11.3166015625,False
4nszQoxUiUU,comedy,20,35.76697419819079,113.858154296875,40.69726305509868,4.1550943056361715,22.771630859375,False
4ovMZZXbevA,comedy,20,18.772525185032894,35.191650390625,26.52702765213816,7.90255705180921,18.233154296875,False
5E2yES7_3M0,comedy,20,73.95751953125,130.580810546875,74.85932745682565,8.391403300189202,25.806787109375,False
5GkNmgZ9PgU,comedy,20,61.54490902549342,78.840576171875,59.721462530838814,41.029939350328945,52.560384114583336,False
5R_QsClCX5s,comedy,20,42.61055715460526,61.5458984375,52.619364206414474,6.502546794168916,12.3091796875,False
5gvigxqHZW4,comedy,20,61.43428762335526,87.74462890625,63.829574424342105,6.8321439217842705,15.02177734375,False
6IDpBauWg7U,comedy,20,19.552695826480264,30.094970703125,22.25902677837171,6.046678038884061,15.21319110576923,False
6NnPdyIMOiU,comedy,20,32.12596371299342,46.80517578125,32.51875770970395,3.7042415502460755,8.973193359375,False
6QmGwKsY7Go,comedy,20,58.9568513569079,94.611083984375,66.27345163445723,5.7877153784978885,17.774072265625,False
6gj3G8fYxV0,comedy,20,16.065943667763158,39.717529296875,28.311793277138158,29.21080666866029,72.21368963068173,False
6jREQncUmZw,comedy,20,31.11925627055921,58.529296875,45.61531275699013,28.290232973235657,53.20845170454556,False
6sjeDdoL2Yg,comedy,20,26.12696597450658,56.4716796875,42.9060546875,52.25393194901316,112.943359375,False
6tDDqrjg2VU,comedy,20,46.114591899671055,81.203369140625,48.35944181743421,5.346894185476922,13.910009765625,False
7UroHdmYSt8,comedy,20,56.09646124588816,69.506591796875,59.320505242598685,38.687214652336664,47.93558054956887,False
7jhsJeMgoJM,comedy,20,44.266267475328945,72.712890625,55.187681178042766,23.927712148826462,39.30426520270271,False
8BO6rULMDY4,comedy,20,17.53744346217105,24.955810546875,17.771773488898027,2.298297240028497,4.762548828125,False
8FMnbXPYcGg,comedy,20,28.06167763157895,50.20654296875,31.9980224609375,2.90803742540067,10.04130859375,False
8UJAnii6a9Y,comedy,20,53.32045384457237,83.4013671875,54.70370451274671,5.69775411374387,11.92509765625,False
8XfAkPQloyo,comedy,20,44.56175472861842,64.472412109375,57.39185212787829,31.82982480615602,46.05172293526785,False
8rHf7NfxFQs,comedy,20,30.14877158717105,61.110595703125,35.50122712787829,4.2165950040929445,12.222119140625,False
96hSrjynmuI,comedy,20,23.11328125,37.752197265625,26.025093801398025,10.506036931818182,17.160089666193187,False
99b8pG_Ji4s,comedy,20,56.15378289473684,72.945556640625,57.53018477590461,12.901272069043603,19.983297413793103,False
9GNqwLDPOtI,comedy,20,48.93396638569079,70.717041015625,54.996644993832234,51.50943830072715,74.43899054276321,False
9cES2Fjwb0w,comedy,20,26.843814247532894,79.441162109375,53.024886924342105,59.65292055007308,176.5359157986107,False
9x2nWbMYSWs,comedy,20,21.83529502467105,37.743896484375,35.93135536595395,39.70053640849282,68.62526633522741,False
9xJz_v63IiU,comedy,20,51.700143914473685,75.7294921875,62.20713918585526,21.10209955692804,30.909996811224453,False
A17CKgXfYRg,comedy,20,17.688270970394736,58.2568359375,40.25643631784539,70.75308388157895,233.02734375,False
AJGB7twZEVA,comedy,20,59.122892680921055,127.767333984375,65.40352076480264,7.802434927185476,25.553466796875,False
ALQrP_D8SRI,comedy,20,58.732961554276315,77.17431640625,65.11838121916118,40.505490727087114,53.223666487068925,False
AUNlVzKf7QQ,comedy,20,23.66909950657895,39.586181640625,37.3044677734375,26.298999451754383,43.984646267361114,False
AWFFQR0z5Ao,comedy,20,17.268104954769736,34.335693359375,29.563953279194077,69.07241981907895,137.3427734375,False
AWVDzYiYpuk,comedy,20,31.45835474917763,70.648681640625,45.59192537006579,33.1140576307133,74.36703330592107,False
AWlKmj0DvaI,comedy,20,49.34165553042763,72.980224609375,52.86134225945724,34.02872795201906,50.33118938577586,False
A_aAXDF9tws,comedy,20,24.78604286595395,61.896484375,29.25632452713816,4.037637794911426,12.379296875,False
Aj1Ga9lhDTU,comedy,20,55.356393914473685,75.26611328125,56.28977564761513,7.241295417508339,15.05322265625,False
B-VluADkAfc,comedy,20,45.43406918174342,70.342529296875,54.649065840871714,28.39629323858964,43.96408081054688,False
B6NVvtIz9_Q,comedy,20,26.67665501644737,46.2333984375,29.326088353207236,2.6574230746741705,7.007275390625,False
B81I5d8m6RI,comedy,20,32.6995271381579,94.1357421875,39.27002210115132,3.0612555934542405,9.9662109375,False
BP-oYOVQqq8,comedy,20,40.55078125,100.098876953125,60.39293020148026,4.039333734055259,16.81259765625,False
BPD4GB82Hmk,comedy,20,60.827970805921055,94.901123046875,64.48114463404605,12.695405918167129,19.979183799342106,False
BWvK-xLLjjk,comedy,20,51.54320004111842,75.695068359375,57.223329564144734,35.54703451111616,52.20349542025852,False
CURZCf_EAWE,comedy,20,27.11997584292763,93.560302734375,57.46080386513158,4.127434297890395,18.712060546875,False
CYGsFOGmlps,comedy,20,33.09560032894737,61.56103515625,35.66841462787829,7.9895812642333,12.909609375,False
CcnvtSFxWXo,comedy,20,54.742033305921055,88.72216796875,59.88722373560855,52.13526981516291,84.49730282738075,False
Cf1BnC9FzkE,comedy,20,14.298404091282896,23.581298828125,16.649919048108554,1.8526166007488412,4.716259765625,False
ClJrxn-VPv4,comedy,20,37.15197111430921,77.61328125,45.228605571546055,3.7675373815426294,15.52265625,False
D-WZajmJpJg,comedy,20,53.58018092105263,86.400390625,62.47823550575658,22.325075383771935,36.000162760416686,False
D2kkFcJ5BvM,comedy,20,44.32761101973684,81.1796875,57.36328638980263,44.32761101973684,81.1796875,False
D3i7akwEzUI,comedy,20,59.32077508223684,95.23681640625,59.04960423519737,6.842749123413186,12.4203125,False
DC7BdydvXkY,comedy,20,38.74035002055921,115.46484375,73.43949167351974,77.48070004111842,230.9296875,False
DCrugl16s_8,comedy,20,48.81605931332237,92.271728515625,57.08094418174342,4.741369857603775,12.24765625,False
DIaPK3FrMJE,comedy,20,58.820068359375,80.322998046875,60.80567305715461,19.606689453125,26.774332682291668,False
DQePNw_WZQ4,comedy,20,26.01917146381579,98.501220703125,29.19126490542763,3.3557795387260785,19.700244140625,False
DiuTVIds8bA,comedy,20,55.44627621299342,68.837158203125,69.39524182771382,33.603803765450564,41.71948982007577,False
DppWFZOz99g,comedy,20,57.297170538651315,87.3662109375,62.97015830592105,44.07474656819332,67.20477764423073,False
DvU7uTaSn9k,comedy,20,25.365028782894736,43.2509765625,33.49910824424342,8.455009594298245,14.4169921875,False
E-k3Yc6h8UA,comedy,20,40.153076171875,63.531005859375,47.2210050884046,3.88046908749015,10.14619140625,False
E4OiI5Mt2dY,comedy,20,25.232010690789473,48.37353515625,41.11169176603618,63.080026726973685,120.93383789062516,False
EFu-fGCFs4A,comedy,20,57.38318513569079,83.854736328125,62.04276829769737,6.343562883252891,12.49970703125,False
EO3iWTlykOw,comedy,20,50.16182668585526,87.967529296875,63.93003700657895,26.400961413608037,46.29869962993425,False
ERyEkNQh7BE,comedy,20,42.13786235608553,98.88232421875,58.27381399054276,19.599005747016527,45.99177870639538,False
EgC6U8s2esY,comedy,20,62.707121196546055,146.678955078125,65.83279065583882,8.792353577235113,14.330517578125,False
Eh40Yn_U2jg,comedy,20,69.25390625,97.451171875,71.39133172286184,7.761293680362582,16.6693359375,False
Eoxu6DDgKts,comedy,20,31.479543585526315,52.6767578125,36.38707082648026,29.980517700501263,50.168340773809575,False
ExeSwtygmgQ,comedy,20,24.10314298930921,58.05322265625,36.15651598478618,28.35663881095201,68.29790900735283,False
F0I59rXxTk0,comedy,20,22.670127467105264,64.8203125,52.49690455386513,75.56709155701749,216.06770833333331,False
F4_vPL_99Os,comedy,20,61.85803865131579,106.95263671875,67.28305407072368,6.752219842778957,21.39052734375,False
F64jPIN7Uz4,comedy,20,23.326685855263158,46.581298828125,31.96610171669408,16.661918468045116,33.272356305803605,False
F80Wgn3knJM,comedy,20,58.755216899671055,103.102294921875,62.28412957442434,26.113429733187132,45.823242187500036,False
F8mX7rh3Kq0,comedy,20,29.131643194901315,45.453125,29.881530119243422,3.0793273522523363,9.090625,False
FG-r9qld4gU,comedy,20,51.1526521381579,70.529052734375,55.87065172697368,7.103131394085149,14.105810546875,False
FSbE9EAHiGU,comedy,20,27.850123355263158,49.638916015625,31.529318719161186,2.6709422100708498,7.2185546875,False
Fvw5LXsmxWU,comedy,20,13.099570826480264,32.291748046875,17.821760639391446,1.0962429823451512,6.458349609375,False
G2V_rrO2Gs4,comedy,20,49.54573139391447,80.671875,57.219483706825656,5.491500268337748,16.134375,False
GDXqg9v09ew,comedy,20,42.97971062911184,72.167724609375,54.253366570723685,4.641267219999915,14.433544921875,False
GHgVbyzdNj4,comedy,20,47.28137849506579,75.207275390625,58.612128649259866,21.49153567957536,34.185125177556884,False
Gdx4KxaXSbM,comedy,20,52.9198576274671,70.217529296875,54.69542814555921,36.49645353618422,48.425882273706804,False
GeDBFA3mYX0,comedy,20,16.134482935855264,46.053955078125,35.62303274054276,64.53793174342105,184.2158203125,False
Gq3DZ3DBsu4,comedy,20,25.9912109375,43.349365234375,26.439902857730264,2.570278461144122,7.893359375,False
GqqwbcgOHek,comedy,20,18.93667763157895,30.44970703125,20.4594970703125,1.9756615454726987,5.577734375,False
H0W4oihNYxo,comedy,20,53.67845394736842,73.177978515625,59.53720703125,7.079830193153251,14.635595703125,False
H35bMrQLI5o,comedy,20,43.336271587171055,70.028076171875,50.40448447779605,5.095663207375344,14.005615234375,False
HJnBBVKv_KY,comedy,20,45.21630859375,86.49365234375,60.784619140625,39.18379163240132,138.38984375,False
HL8TFFXltWE,comedy,20,50.0107421875,90.44384765625,60.88408203125,5.925199419006265,14.36142578125,False
HVlIzeFDe54,comedy,20,35.21219675164474,74.680419921875,49.83900596217105,28.169757401315792,59.7443359375,False
HYJ2KqLuu34,comedy,20,46.76071648848684,68.656005859375,54.76048519736842,23.38035824424342,34.3280029296875,False
I3Gq5oan_9E,comedy,20,38.27762643914474,77.143310546875,46.78813862047697,4.06914861356558,11.977783203125,False
I4qDOF3RbCw,comedy,20,18.274118523848685,39.2890625,19.895993523848684,2.4250340377536346,7.8578125,False
I9FAXVgkoEk,comedy,20,17.724853515625,48.981689453125,33.37213070518092,70.8994140625,195.9267578125,False
IFXeE0hCmx8,comedy,20,37.80310701069079,59.019287109375,47.76144120065789,108.00887717340227,168.62653459821436,False
IIgz0eScr-A,comedy,20,41.27542917351974,74.535400390625,54.227274362664474,30.574391980384995,55.211407696759274,False
IOTqmCsK8_g,comedy,20,64.60260331003289,115.923828125,71.59447471217105,25.33435423922859,45.46032475490201,False
IQiHnED6FW4,comedy,20,15.738962273848685,33.6923828125,29.349507863898026,44.96846363956766,96.263950892857,False
IXDA3HHcq5E,comedy,20,37.31093236019737,75.573486328125,52.759817023026315,4.551658186435787,15.114697265625,False
I_mAPPRkDOM,comedy,20,39.94303813733553,138.341064453125,52.363055098684214,4.674786580323212,27.668212890625,False
IaRjqW9a3_c,comedy,20,59.685302734375,84.92919921875,69.16090023643092,41.162277747844826,58.5718615301723,False
Ihzx8LLO8Vg,comedy,20,31.417197779605264,71.4931640625,42.830692331414475,26.180998149671055,59.57763671874995,False
Itr5UIweG0g,comedy,20,50.07229132401316,83.490966796875,57.89614000822368,17.56922502596953,29.295076069078934,False
J3_5ZIM-CV0,comedy,20,26.547671669407894,86.686767578125,33.92010947779605,1.7194141911210945,17.337353515625,False
J5ol8R09DPg,comedy,20,52.22029194078947,105.239013671875,61.48417454769737,29.0112733004386,58.466118706597314,False
Jm1PFXufYeA,comedy,20,39.03064607319079,76.5927734375,45.003725071957234,35.48240552108253,69.62979403409093,False
JozIn7uXKt4,comedy,20,62.33231393914474,96.53466796875,64.60428916529605,16.7654969680208,30.123252467105264,False
K9wXNb71G1A,comedy,20,19.229081003289473,30.13623046875,20.388247841282894,2.4812145960576384,6.02724609375,False
KTFfNgk6irI,comedy,20,54.09102590460526,94.8603515625,65.38921155427632,29.238392380867708,51.27586570945942,False
KVjfYDLSLrA,comedy,20,30.49671052631579,63.1796875,46.344663599917766,35.87848297213623,74.32904411764709,False
Kq8jIyl9vPU,comedy,20,67.97706363075658,94.14501953125,68.98772743626645,52.29004894673583,72.41924579326924,False
L3n6Sz4Dxt8,comedy,20,42.62106805098684,79.647705078125,53.746114309210526,3.486024125409449,15.929541015625,False
L6SAws7QXbI,comedy,20,47.71756784539474,61.30126953125,47.708499948601975,5.502736348695198,12.26025390625,False
LDhLbFzC33s,comedy,20,41.02873149671053,94.3896484375,64.72180946751645,5.472192494827186,18.8779296875,False
LZcMizvBWX4,comedy,20,43.02925832648026,71.902587890625,55.374086400082234,15.647003027811007,26.14639559659091,False
LixmCHpjUe0,comedy,20,52.092477898848685,79.725830078125,54.60752724095395,5.75044900443024,12.695166015625,False
LkAAiRrMMf8,comedy,20,39.092824835526315,61.499267578125,46.64218364514802,3.8577254820404896,9.49638671875,False
LrFYe9EicMI,comedy,20,57.77121453536184,116.851318359375,65.25711605674343,27.510102159696117,55.64348493303568,False
MIZGrsT5f1M,comedy,20,33.75769685444079,54.398681640625,40.73341514185855,48.2252812206297,77.71240234375,False
MOo9uImLxHc,comedy,20,57.63963558799342,96.61572265625,73.13768760279605,5.157729886481131,14.71376953125,False
MVlpo6R02HE,comedy,20,37.173005756578945,72.0908203125,60.12812756990132,29.73840460526316,57.67265625,False
MW81cIJVgLE,comedy,20,32.79699064555921,61.184814453125,43.4581298828125,3.113014053542746,12.236962890625,False
MiXe7ABi6co,comedy,20,22.661903782894736,43.280029296875,24.179916221217105,2.912705954488527,8.656005859375,False
Mo0FzofvU0Y,comedy,20,57.06058542351974,67.568359375,56.893881064967104,7.3097506186738865,13.513671875,False
MqUx69rm7YI,comedy,20,50.27817896792763,80.4697265625,57.07384739925987,16.75939298930921,26.8232421875,False
MwQj5MzjJ4E,comedy,20,39.4618498149671,65.2275390625,46.899068410773026,18.354348751147494,30.33839026162793,False
Myhpkxh_hAY,comedy,20,54.1384919819079,71.471923828125,55.71047877261513,6.9881864209276445,12.26328125,False
N5nUBDCM3dk,comedy,20,40.838623046875,59.697509765625,44.74408023231908,8.97552126165022,14.267822265625,False
N81oVij7ecI,comedy,20,66.49917763157895,99.6826171875,72.72073396381579,16.35446304877277,31.8984375,False
NE9QydnPTWw,comedy,20,51.2197908100329,67.603759765625,55.491794305098686,29.26845189144737,38.63071986607143,False
NEiZaXKJT9U,comedy,20,35.81055972450658,55.1728515625,37.324358809621714,4.148219005769711,11.0345703125,False
NOOHg7vegv4,comedy,20,10.706247430098685,26.83447265625,22.190378289473685,14.274996573464911,35.779296875,False
NPI5-d55lYM,comedy,20,38.684763055098685,127.663818359375,57.68748843544408,7.947403054027719,26.87659333881579,False
NXqr156-9fg,comedy,20,53.51680715460526,160.013916015625,59.63882221422698,7.961549751235365,15.423028049698795,False
NwhRnzF8hjk,comedy,20,23.945132606907894,36.425048828125,28.356662469161183,2.6563854741113615,7.235205078125,False
O0PRgYHI0XQ,comedy,20,55.26310649671053,133.559814453125,57.57661389802632,7.583579480478707,26.711962890625,False
OJdarSpQ0_I,comedy,20,37.37162057976974,63.530029296875,44.70284488075658,31.1430171498081,52.94169108072912,False
OK_1aHz6K2c,comedy,20,42.9470857319079,74.852294921875,62.51060598273026,5.034535175509608,14.970458984375,False
OQatG1KQ5bs,comedy,20,21.491146689967106,41.718994140625,34.44271047491776,18.687953643449653,36.27738620923912,False
OSQ1Fjr1Sv0,comedy,20,60.60483912417763,149.5380859375,73.49094109786184,20.544013262433097,50.69087658898312,False
OU1nnx2my1M,comedy,20,59.324411492598685,109.890625,62.24241236636513,19.774803830866226,36.630208333333336,False
OdIROFD0alU,comedy,20,39.76965974506579,65.14013671875,51.50899079975329,44.18851082785087,72.37792968749999,False
OvdN2byqnw8,comedy,20,50.97342722039474,94.382080078125,63.53426063939145,20.8054804981203,38.523297991071495,False
Oy2QyPQ5L5M,comedy,20,22.17831260279605,51.03369140625,25.437646484375,2.9114353998123006,10.20673828125,False
P9b0mW5OPi8,comedy,20,46.78177682976974,77.52734375,57.6885498046875,18.712710731907894,31.0109375,False
P9kEttHIgSw,comedy,20,52.80054995888158,74.91552734375,57.21323756167763,6.5309909029924045,11.709716796875,False
PDl_fNs9m6s,comedy,20,33.5325349506579,61.589599609375,40.81193076685855,19.72502055921053,36.22917624080891,False
PEYKbzCah8w,comedy,20,63.68409488075658,155.89404296875,71.19764597039473,6.123115899430276,13.02900390625,False
PUEgD3xqIew,comedy,20,53.69871761924342,84.2666015625,60.63271612870066,5.125362379898627,13.692333984375,False
PiwwgzvAPd0,comedy,20,56.90837016858553,79.236328125,58.6478849712171,39.24715184040381,54.64574353448278,False
PlSmUXQ9eKg,comedy,20,30.524465460526315,66.899169921875,54.68498149671053,18.49967603668261,40.54495146780307,False
Py1sIdLEumM,comedy,20,51.656648334703945,129.91552734375,69.24849660773026,43.047206945586616,108.26293945312474,False
Pz_4Icuwo8U,comedy,20,49.0995451274671,65.907958984375,51.476547080592105,19.639818050986843,26.363183593749962,False
Q8XsNcI8aGw,comedy,20,6.708264802631579,9.63720703125,7.954670795641447,0.8728461911731484,1.92744140625,False
QFq14fy25eg,comedy,20,7.952045641447368,13.0380859375,8.856415758634869,0.6894523497256868,1.7078125,False
QQtrbi4h7wk,comedy,20,56.54786441200658,79.533935546875,60.11747404399671,6.5886336547598106,12.688232421875,False
Qs2h_CpnlnU,comedy,20,58.79041169819079,87.791748046875,61.72394248560855,20.99657560649671,31.354195731026817,False
Qz6Y4lo3cJQ,comedy,20,44.24879214638158,66.34765625,49.4197021484375,6.641497823142415,13.26953125,False
R8ZI1yFYf3k,comedy,20,35.98689350328947,86.886474609375,60.67942665501645,24.05594021007775,70.6064453125,False
R9Oh3X-r6o8,comedy,20,41.54520456414474,68.423583984375,38.937726151315786,5.260478788130076,13.684716796875,False
REGFc0CgcgA,comedy,20,46.446828741776315,57.136474609375,50.25794741981908,5.836393094068847,11.26552734375,False
RFyJWFC-XlE,comedy,20,26.78650544819079,40.2353515625,38.95392423930921,48.70273717852871,73.15518465909093,False
RNw8FIf2tjI,comedy,20,48.25745271381579,72.66796875,56.21272615131579,24.74741164811066,37.265625000000014,False
RO7CovzOCok,comedy,20,58.36094263980263,88.947998046875,59.6790771484375,40.24892595848457,61.3434469288793,False
RPE2gWua5WY,comedy,20,48.9395173725329,83.2705078125,49.392429070723686,5.189073697877238,13.859912109375,False
RUrA1tgz8go,comedy,20,48.454679790296055,73.135009765625,50.97819567228618,51.00492609504848,76.98422080592111,False
RVXMni9Zb9I,comedy,20,66.22980057565789,91.264892578125,69.0892668071546,41.393625359786185,57.040557861328075,False
RdQy9BYpJ4g,comedy,20,38.79821134868421,60.464111328125,50.166708213404604,48.49776418585527,75.58013916015635,False
RmBJEM05WOw,comedy,20,66.24437191611842,169.674072265625,73.94294562088815,7.79726848056471,33.934814453125,False
RodLLFJGqzU,comedy,20,65.49424342105263,90.80615234375,63.69591385690789,12.561945858730006,18.16123046875,False
S1opb9LNstk,comedy,20,24.73422080592105,46.662841796875,40.83503931949013,49.4684416118421,93.32568359375,False
SC3zACofHiY,comedy,20,17.849043996710527,50.1943359375,31.0297119140625,35.698087993421055,100.388671875,False
SC57G0okAtQ,comedy,20,74.77500513980263,165.85107421875,81.71968929893092,8.7025687487253,33.17021484375,False
SUpBMf1vHxU,comedy,20,17.59166837993421,57.775146484375,19.10518863075658,3.943850585660134,14.006096117424242,False
SiCeLFdIMpI,comedy,20,54.12126079358553,110.553466796875,65.84678248355263,5.031104535584511,10.730615234375,False
Sr4Xg7TXhXM,comedy,20,43.87326531661184,58.4677734375,46.574674907483555,30.257424356284027,40.32260237068967,False
SuyHA8n-gkk,comedy,20,43.041259765625,67.18798828125,47.90195569490132,4.728343635326935,13.293212890625,False
T6Dcc1GhGWI,comedy,20,43.71589740953947,79.974609375,49.6172517475329,13.490310187088815,27.9637451171875,False
T6iS3P6_rbo,comedy,20,11.613512541118421,23.357421875,15.712990851151316,1.2146246498508102,4.671484375,False
T8LY25dJWYs,comedy,20,24.481226870888158,58.747314453125,40.040997635690786,34.973181244125946,83.9247349330358,False
TptjpYYCvT8,comedy,20,48.4133943256579,105.182373046875,61.65739103618421,32.27559621710526,70.12158203125,False
U-H_oCes6FQ,comedy,20,54.7496916118421,87.244384765625,58.747923519736844,8.512249453727163,15.6173828125,False
UFVo_z-b_g4,comedy,20,31.71082185444079,61.703125,48.783962530838814,33.37981247835874,64.95065789473689,False
UZjhEB9G1Tg,comedy,20,55.290771484375,119.77197265625,55.54100406044408,6.689400163740185,23.95439453125,False
UkgoHAHCMo4,comedy,20,53.90843441611842,81.518310546875,56.76825400904605,5.8805901055767285,14.439599609375,False
UvRYow1lvX0,comedy,20,31.05410927220395,66.423583984375,43.1456787109375,51.75684878700658,110.70597330729169,False
V5KT6rVRumE,comedy,20,37.02131733141447,65.985107421875,57.03230751439145,13.711599011634991,24.438928674768494,False
VEnDqbuXPqg,comedy,20,15.472270764802632,71.11083984375,36.986513157894734,23.803493484311755,109.40129206730793,False
VF1XOdqjB3o,comedy,20,66.72801449424342,102.62646484375,72.58076171875,31.03628581127601,47.73323946220933,False
VHUQTYWTIJo,comedy,20,60.07297234786184,86.656982421875,63.95893426192434,7.273647754532647,17.331396484375,False
VNat_TQAvew,comedy,20,59.04136256167763,82.005859375,63.945610608552634,9.904750646986248,14.257568359375,False
VQ_Kh1GTVeU,comedy,20,23.262669613486842,50.708740234375,28.939352898848686,2.7737739073658645,9.12548828125,False
VaS1lOYZaBs,comedy,20,53.35179379111842,72.64599609375,57.36939890008224,5.539398122776388,12.847265625,False
VbOALuHrK_M,comedy,20,47.8873869243421,109.027099609375,49.692445775082234,5.0670932746193635,21.309326171875,False
Vf2biFRxGF4,comedy,20,22.86524722450658,60.46826171875,42.52296849300987,13.85772559061005,36.647431344697004,False
VvfGtyVo2_U,comedy,20,42.662790398848685,92.770751953125,67.84373329564144,30.473421713463345,66.26482282366061,False
W757azZ3VAQ,comedy,20,50.27550627055921,100.28271484375,63.80408742804276,5.726349472651836,14.88359375,False
WH2TZGkQmxI,comedy,20,9.25133634868421,22.556884765625,10.824321546052632,1.3385198988150777,4.511376953125,False
WXHd2BW6Wek,comedy,20,23.86269017269737,63.819580078125,41.906399054276314,53.028200383771924,141.82128906250023,False
Whwrc8kPNgo,comedy,20,65.07198293585526,83.746826171875,68.78173956620066,44.87722961093467,57.7564318426723,False
WlkklNN4nRw,comedy,20,51.75124640213816,78.98828125,59.20992752878289,20.29460643221104,30.9757965686274,False
WnO2-ZiXpwo,comedy,20,55.93379934210526,88.113525390625,56.219844777960525,12.941449420022943,17.83544921875,False
WnqITyy3_6o,comedy,20,66.31095805921052,115.317626953125,76.373291015625,7.9631820983349035,23.063525390625,False
WpVU2qexLpA,comedy,20,47.64146021792763,76.962158203125,58.14669510690789,14.855914049990426,31.9619140625,False
WtQ1VMksrco,comedy,20,52.890817742598685,66.942138671875,56.27929430509868,22.506730954297314,28.486016456117003,False
X159heOETjk,comedy,20,17.916067023026315,37.19189453125,27.515093030427632,7.386831825657896,27.196044921875,False
XHzSkeMX7vg,comedy,20,40.58530787417763,93.867919921875,59.72970548930921,50.731634842722045,117.33489990234378,False
XS9HrHh-0ss,comedy,20,63.90750925164474,77.045166015625,64.03897126850329,38.7318237888756,46.69404000946971,False
XWKdTY9oe00,comedy,20,26.964548211348685,52.09716796875,30.435951634457236,3.1676205993525683,10.1216796875,False
XXlg7dmaRaM,comedy,20,18.44874331825658,39.18310546875,33.727365594161185,16.042385494136155,34.072265625000014,False
XandCEsFWoc,comedy,20,23.521895559210527,64.7744140625,38.61306280838816,39.203159265350884,107.95735677083324,False
XbiObxjyAkE,comedy,20,28.71200400904605,95.969482421875,54.06676218133224,3.2564328881499867,19.193896484375,False
XiSewRUOVyg,comedy,20,31.953047902960527,49.518310546875,35.147201377467105,3.705592903338753,9.903662109375,False
XjK4L7P4p5M,comedy,20,22.90098170230263,53.6474609375,34.263553659539475,38.16830283717107,89.41243489583366,False
Xn20COng9F8,comedy,20,39.93030427631579,56.797119140625,47.05231548108553,4.627580179288783,11.359423828125,False
Xx7EU2HndmQ,comedy,20,58.5569490131579,69.601318359375,60.36328381990132,27.884261434837097,33.143484933035694,False
Y4CieN73zYg,comedy,20,57.37259714226974,99.86572265625,63.98342028166118,19.124199047423247,33.28857421875,False
YAf7E4A3GhY,comedy,20,40.4229158100329,67.481689453125,51.299262438322366,13.938936486218237,23.269548087284438,False
YFDtS08LwU8,comedy,20,21.00977847450658,43.330078125,41.895046515213814,84.03911389802632,173.3203125,False
YN782GM7KSs,comedy,20,42.19275544819079,150.876220703125,51.05408357319079,6.512676087661311,18.859527587890625,False
YgZoBfFGzuk,comedy,20,34.003263774671055,58.767822265625,49.41908151726974,32.38406073778196,55.96935453869063,False
YnulGHEDBfc,comedy,20,46.04771021792763,84.63916015625,54.87605751439145,24.89065417185278,45.7508973817569,False
Z18fKCpZCKc,comedy,20,52.76858038651316,80.316162109375,61.99111842105263,9.532180665265798,15.60146484375,False
Z2SKpKcvZsg,comedy,20,55.15461811266447,73.860595703125,58.03023103412829,33.42704128040271,44.76399739583328,False
Z8I9eJ62itc,comedy,20,30.553196957236842,40.61181640625,31.863450863486843,3.364713676636485,7.484228515625,False
Z9l4Ic5vuwA,comedy,20,41.978181537828945,82.111328125,56.75919896175987,38.161983216208135,74.64666193181809,False
ZELkEQ4ejdg,comedy,20,58.67664216694079,78.55859375,62.26921515213816,6.867608419572681,14.013720703125,False
ZF_tDPRNV5U,comedy,20,27.71814607319079,59.104248046875,37.40793971011513,2.0155721686825223,10.760107421875,False
ZStD-d5YPmA,comedy,20,10.029348273026315,14.35205078125,25.097822008634868,18.235178678229666,26.094637784090917,False
ZU4acatS8sU,comedy,20,26.865696957236842,41.5908203125,33.35026983963816,23.361475614988553,36.16593070652167,False
ZfJcaPkqHa4,comedy,20,49.170988384046055,78.06103515625,57.802505653782895,4.938715547224601,14.9751953125,False
Zr6ojFVDOao,comedy,20,31.55747584292763,55.418701171875,40.84425113075658,3.7344054992382834,10.305712890625,False
ZsFiwxJa1Qs,comedy,20,26.86768863075658,53.318115234375,35.527100894325656,11.433058991811313,22.68855967420215,False
Zu53F1zX3a0,comedy,20,8.81396484375,18.1416015625,16.44368318256579,7.664317255434781,15.775305706521735,False
_5BJ6XACjgk,comedy,20,27.213340357730264,58.844482421875,39.1439851459704,23.663774224113272,51.16911514945651,False
_Dg_3olJzgU,comedy,20,43.23718904194079,79.434326171875,48.61658485814145,4.524730568877031,12.669091796875,False
_Xz26gHh2V4,comedy,20,12.546206825657896,36.341796875,28.692001182154605,35.84630521616542,103.83370535714296,False
_elzbU-AIdY,comedy,20,61.9895662006579,97.262939453125,72.06486944901316,15.78778590152138,29.8173828125,False
_hjSfVsUq0A,comedy,20,59.797800164473685,86.0126953125,60.22361353824013,11.508189240857826,17.2025390625,False
_pFPd2Gdzz8,comedy,20,40.734426398026315,85.0029296875,58.90553171258224,47.92285458591331,100.00344669117672,False
a3YlpD6yA2A,comedy,20,52.516447368421055,97.71728515625,57.685564864309214,55.280470914127434,102.86030016447376,False
aEACJV9n3QI,comedy,20,50.600778680098685,94.4912109375,52.92251362047698,4.831506699404294,18.661669921875,False
aOrH8uwDlaA,comedy,20,48.319772820723685,72.49951171875,56.538204152960525,16.106590940241226,24.16650390625,False
aSC9MozK-So,comedy,20,35.74406352796053,71.264404296875,45.60185418379934,12.997841282894736,25.914328835227273,False
aYJJ5L0RKUQ,comedy,20,53.53772615131579,118.52001953125,56.87057591488487,23.277272239702516,51.53044327445659,False
aa8n7MZM-tE,comedy,20,65.4637515419408,93.007568359375,71.76408948396382,7.482634284258981,15.68271484375,False
ajIAd_hSQe8,comedy,20,53.86637798108553,95.034423828125,59.077663702713814,5.256206365120497,13.596533203125,False
bWIaa0I2a_0,comedy,20,44.863088507401315,62.9248046875,46.99121736225329,14.954362835800438,20.974934895833332,False
bWS7rB8NeoY,comedy,20,53.144197162828945,82.53173828125,61.4912353515625,5.420781588310014,16.50634765625,False
bXEJzKpAlCs,comedy,20,35.8514982524671,139.461181640625,36.30701197574013,5.303290599704371,27.892236328125,False
biaODEUq2xc,comedy,20,48.07547800164474,73.349609375,54.3638916015625,24.03773900082237,36.6748046875,False
bkTfj66Frro,comedy,20,54.84953227796053,91.4599609375,56.52944078947368,5.630826561509404,18.2919921875,False
bn62x3svoqI,comedy,20,35.281095805921055,62.0830078125,51.90816457648026,29.40091317160087,51.73583984374988,False
brUy4L0or9s,comedy,20,22.189517372532894,55.091796875,28.84755859375,44.37903474506579,110.18359375,False
bt_I3nJmQ3I,comedy,20,30.408884148848685,44.989990234375,33.532957699424344,3.4566932577506995,8.847900390625,False
bwBpTN_xO4E,comedy,20,39.127492804276315,101.451904296875,73.49931255139802,37.26427886121555,96.62086123511915,False
c1X4G4ZCvZA,comedy,20,46.62171052631579,63.879150390625,48.95960500616776,27.424535603715174,37.575970818014646,False
caZs9faGMH0,comedy,20,36.05198910361842,205.260498046875,46.29369603207237,3.0566963118815984,8.53359375,False
cj4SXjeWQ58,comedy,20,32.25134919819079,52.6533203125,39.65671643708882,35.83483244243421,58.50368923611121,False
dIRq98NU6RE,comedy,20,28.29896946957237,82.45263671875,36.36321186266447,11.791237278988485,34.35526529947929,False
dgIORIQG7sA,comedy,20,66.6348812705592,113.40478515625,66.56493883634869,8.814146940396752,22.68095703125,False
dihYlHt6raE,comedy,20,47.78214946546053,60.55810546875,49.28972039473684,32.95320652790381,41.764210668103466,False
dxncLq0f7bQ,comedy,20,48.79226202713816,65.857177734375,52.118390213815786,30.495163766961348,41.16073608398436,False
e7H0bTYogdI,comedy,20,56.82240696957237,166.5400390625,89.97387438322369,36.65961739972411,107.44518649193543,False
ePWUr-rj71U,comedy,20,58.44812654194079,101.927490234375,59.81109040912829,5.887021427495343,14.306201171875,False
eVMhRS9LhcM,comedy,20,21.954345703125,61.189208984375,33.111843390213814,1.2940121508496492,3.89931640625,False
eo_LU21YV_I,comedy,20,49.131681743421055,82.001708984375,61.57941766036184,44.665165221291865,74.54700816761365,False
eqry88YcRPY,comedy,20,57.00156763980263,120.475341796875,69.1158203125,6.845193016721492,24.095068359375,False
fPGu2jD1-bo,comedy,20,31.74766138980263,44.538818359375,28.93793302837171,4.003862113109101,8.907763671875,False
fZpFbZ5mOuA,comedy,20,29.895199424342106,71.333984375,36.94388106496711,2.2829453590725013,5.93671875,False
fn3DYg4w-0o,comedy,20,54.567087273848685,71.757080078125,57.24922902960526,18.497317719948708,24.32443392478817,False
fq08FS2lf18,comedy,20,31.349172491776315,76.705322265625,42.17154476768092,1.805556501801123,6.677197265625,False
g10DzV7hXPk,comedy,20,47.82313939144737,89.28662109375,57.07199964021382,73.57406060222672,137.364032451923,False
gHc3pMV5-Kg,comedy,20,30.652073910361842,51.32470703125,32.81543482730263,3.4027779512780647,7.04677734375,False
gcGgSXgF44E,comedy,20,54.596525493421055,83.21728515625,57.03381861636513,5.884871959620656,16.64345703125,False
gcURMXE1h9Y,comedy,20,32.01476408305921,81.065185546875,35.32735916940789,2.3958673221574514,6.26220703125,False
ghaxttecJmM,comedy,20,40.90625,124.255126953125,80.17465563322368,28.474349297002497,331.3470052083333,False
gpLET-NBHng,comedy,20,64.79923930921052,114.505615234375,72.69984323601973,23.142585467575188,40.89486258370532,False
grJJjg82aG8,comedy,20,44.72484066611842,116.28955078125,70.36617367393092,49.69426740679824,129.21061197916663,False
gsyM3K7fNOg,comedy,20,49.81400339226974,77.254638671875,59.00298622532895,7.36752979683836,15.450927734375,False
gtiK_AJ3phs,comedy,20,27.910336143092106,80.49365234375,45.885623972039475,93.03445381030704,268.31217447916663,False
gzVtq3WIL9o,comedy,20,50.93220600328947,86.75927734375,65.19742881373355,21.221752501370617,36.14969889322908,False
gzhUIKkRtEM,comedy,20,31.72989052220395,68.173095703125,48.586729029605266,42.306520696271924,90.8974609375,False
hHa9MdmtRP8,comedy,20,26.356381064967106,63.943115234375,37.72806846217105,23.96034642269736,58.130104758522734,False
hPBbDWYx_xU,comedy,20,74.64017526726974,169.444091796875,77.59007504111842,7.830186454819566,18.772998046875,False
hQIA7TGSAes,comedy,20,33.164460834703945,101.988037109375,42.737425472861844,3.0981629323044335,8.00029296875,False
hUrcOS4LjLE,comedy,20,23.058555201480264,42.95947265625,25.4239990234375,3.0833784951604506,8.59189453125,False
hWzbYOHQgcA,comedy,20,53.95339483963816,77.830078125,60.62755705180921,77.07627834234022,111.18582589285725,False
hZ9Hu7DM-v8,comedy,20,29.23096988075658,70.17724609375,37.49440403988487,4.8652280413460645,14.03544921875,False
haTK9SfHmjc,comedy,20,51.198537726151315,130.75,70.62227333470395,44.52046758795766,113.69565217391309,False
hehvvDzuA-4,comedy,20,49.16780170641447,67.7041015625,55.398048159950655,7.411277583607455,13.5408203125,False
hqtkWqFITtM,comedy,20,42.57434724506579,81.76318359375,43.998344983552634,4.066203353653278,13.46904296875,False
hsypMyEUSco,comedy,20,61.776033100328945,78.44384765625,64.33938116776316,39.85550522601868,50.608933971774185,False
hyiF_M7jtnQ,comedy,20,16.012656763980264,36.73779296875,32.5746492084704,12.81012541118421,29.390234375,False
hzDZsuKG6R8,comedy,20,35.71630859375,46.713134765625,36.78722887541118,4.35435797906151,9.342626953125,False
i130GMI_7Zg,comedy,20,61.6654630962171,95.04345703125,71.06150030838816,6.0800451535655835,14.671728515625,False
iL8GlJ9nrvE,comedy,20,52.15129009046053,84.4267578125,63.28898154810855,49.66789532424812,80.4064360119047,False
iLivnrQ2sEo,comedy,20,22.41564298930921,37.28955078125,25.14158742804276,2.9202177558044826,7.45791015625,False
iQJrukKwsuE,comedy,20,31.823434930098685,50.78369140625,35.397074167351974,3.729250757968348,10.15673828125,False
ibVwBUNjgOE,comedy,20,34.72892680921053,71.9443359375,41.663719418174345,2.788430881864378,9.900390625,False
j1AxfwQr-GA,comedy,20,22.25449732730263,34.541259765625,23.491945929276316,2.4342536286020757,6.908251953125,False
j2LtAYtBRQU,comedy,20,21.334421258223685,33.460205078125,23.011649362664475,2.3833952672208327,5.8236328125,False
j42tnd_AJz4,comedy,20,49.85379831414474,61.571044921875,49.86974583675987,5.462518875265237,11.74462890625,False
janj66qRALg,comedy,20,48.141357421875,72.299072265625,46.66638826069079,5.135635307936564,14.126904296875,False
jiVmZzYXx3o,comedy,20,54.16768606085526,88.74609375,55.239517372532895,6.641778537078089,17.74921875,False
jozYdBhmlEU,comedy,20,51.23396381578947,70.597412109375,54.19022923519737,6.695929535465183,14.119482421875,False
k5nDbxd0XW4,comedy,20,47.5244140625,83.85791015625,65.64067511307566,7.352680980444994,16.77158203125,False
l-ESjnz6cdY,comedy,20,26.91236636513158,73.283935546875,41.24976228412829,25.630825109649123,69.7942243303571,False
l5amjQNsKgw,comedy,20,54.222810444078945,72.86865234375,56.594916735197366,18.074270148026315,24.28955078125,False
lM4WTWIBcvo,comedy,20,50.085295024671055,117.6865234375,64.48470523231907,17.160526860920058,62.76614583333333,False
lrSo77HBIik,comedy,20,59.07555509868421,167.035400390625,67.75945980674342,6.22816728165686,33.407080078125,False
m4IMYQF1TnE,comedy,20,40.83479389391447,65.0234375,56.94856599506579,163.3391755756579,260.09375,False
m52AUk2kOJ4,comedy,20,57.25007709703947,77.2119140625,60.26280838815789,24.36173493491042,32.85613364361703,False
mMYdidMxa5U,comedy,20,63.55417351973684,118.320556640625,66.05719572368422,11.479789496527777,18.9312890625,False
mT8DLv3FOdE,comedy,20,54.85217927631579,75.596923828125,58.18325837787829,5.938198264567106,15.119384765625,False
mVIKeJYo2Ug,comedy,20,54.25984272203947,65.477783203125,59.88714021381579,6.55529845120614,12.59091796875,False
maiSGnTjzpk,comedy,20,59.310983758223685,75.93359375,63.60267012746711,30.41588910678138,38.9403044871795,False
mc82_Gc8Ujk,comedy,20,38.51071648848684,70.810302734375,53.74605134662829,59.24725613613359,108.93892728365348,False
mhGNOYFmh6Q,comedy,20,33.31599506578947,52.607666015625,40.18997224506579,60.57453648325358,95.65030184659093,False
mlG8s8QrME4,comedy,20,57.124113384046055,72.2685546875,60.81356522409539,8.43691126472566,12.951318359375,False
mq1DF_lJ-4s,comedy,20,53.68522563733553,75.8251953125,60.59361636513158,6.883254415560727,15.1650390625,False
mtpFtHR7XSk,comedy,20,28.684763055098685,53.455078125,39.04491288034539,23.903969212582236,44.54589843749999,False
mulRP5goa5k,comedy,20,47.601652446546055,74.59619140625,52.13127826891447,7.5875796669407904,11.257177734375,False
nC01upqoEWc,comedy,20,32.83241673519737,94.9501953125,60.18291786595395,29.847651577452158,86.31835937500003,False
nGcB1B82TzE,comedy,20,33.62278988486842,62.75927734375,34.786802271792766,4.026937626796585,12.55185546875,False
nJPankIBoU0,comedy,20,34.30757863898026,66.72705078125,37.7390779194079,4.880339609081213,13.34541015625,False
nQu5XOgC8Zo,comedy,20,17.86874229029605,29.700927734375,28.65037649054276,18.80920241083795,31.264134457236842,False
nRomHYmKEg0,comedy,20,49.43327251233553,65.516845703125,51.35714047080592,34.09191207747278,45.18403151939646,False
n_rY7PUF610,comedy,20,57.04813425164474,81.83984375,66.20641832853619,6.236604165007532,14.88154296875,False
nrD6PZo6uQo,comedy,20,64.18300267269737,96.178466796875,63.606638055098685,10.08268744557856,19.235693359375,False
nrgfRKiCGB8,comedy,20,52.47597142269737,72.411376953125,56.31130756578948,18.74141836524906,25.86120605468756,False
o1pk001Zi6k,comedy,20,41.407907586348685,77.03125,57.49058773643092,4.05460965287783,15.40625,False
oCTOPs_l1IU,comedy,20,52.774568256578945,78.942138671875,57.59595497532895,19.546136391325536,29.237829137731488,False
oNZptAfNnW4,comedy,20,54.17552425986842,81.324462890625,58.32636076274671,6.040736004655271,16.264892578125,False
oNhRlJcncSM,comedy,20,60.57058233963816,91.588134765625,60.7157624897204,10.311179144855453,18.317626953125,False
o_ZwOe_jS94,comedy,20,61.66736482319079,75.14453125,60.65187731291118,11.068001752943212,15.02890625,False
oawMfCMLkHU,comedy,20,36.66203227796053,97.864501953125,39.82629137541118,4.844463448052565,19.572900390625,False
oghkg2Gywdw,comedy,20,17.58177425986842,30.883056640625,26.863247841282895,7.991715572667466,14.037753018465937,False
ooBkvv7-bwE,comedy,20,46.75478001644737,88.09423828125,47.46312577097039,5.094494069482377,17.61884765625,False
oqnWBUAY6ak,comedy,20,31.13998252467105,89.36865234375,55.92195852179276,29.657126213972447,85.11300223214288,False
ox33jnEDVCI,comedy,20,55.05617804276316,78.6767578125,58.36035670230263,10.443897172973431,15.7353515625,False
p2O-QuK8nI8,comedy,20,59.75627055921053,84.0556640625,61.378677528782895,6.2667797458664305,13.706640625,False
pBmCU4JayZA,comedy,20,51.79390676398026,101.865966796875,66.18772101151316,5.053214026344581,10.99501953125,False
pBvgAMuQR7c,comedy,20,55.4951814350329,72.8369140625,58.58595163445724,8.572111122032398,13.1333984375,False
pIcnCgkns9s,comedy,20,60.11062140213816,93.4921875,63.80343338815789,7.45178834172601,18.6984375,False
pRf596gUjoA,comedy,20,47.31016138980263,66.409423828125,58.202427271792764,15.770053796600878,22.136474609375,False
pYtOX-o688c,comedy,20,60.98581414473684,113.17626953125,61.99572111430921,19.340539121801335,53.259420955882355,False
pfbiVDT2yRg,comedy,20,71.15206106085526,106.519287109375,71.72790655838816,8.524789427447546,21.303857421875,False
pvwaKrzsZPg,comedy,20,33.93653628700658,71.963134765625,46.934660259046055,28.280446905838815,59.96927897135402,False
q-QvT1_JG0o,comedy,20,56.15077611019737,69.8310546875,58.169576223273026,38.72467317944647,48.15934806034497,False
q2dKjioWFa4,comedy,20,51.880563836348685,66.1640625,54.641916375411185,17.889849598740927,22.815193965517196,False
q3hEZ-KZ7TE,comedy,20,50.379728618421055,66.91357421875,54.560406815378286,6.063756413538528,13.38271484375,False
q5O_oq9FicU,comedy,20,31.664525082236842,48.635498046875,33.15730108963816,3.7767553305464547,9.2416015625,False
q8B5E32lnYk,comedy,20,51.49293277138158,68.390869140625,56.90572317023026,35.51236742853903,47.16611664870689,False
qC5NNRB5c6Q,comedy,20,28.64242393092105,42.88623046875,30.84557591488487,2.9287039377816853,8.52041015625,False
qPFu7Ecrks0,comedy,20,49.67687345805921,76.46142578125,57.36689324629934,26.852364031383363,41.33050042229726,False
qRdFOYaTZC0,comedy,20,19.53257349917763,42.618896484375,24.047333727384867,2.08523878077445,8.523779296875,False
qb4kqF4jQFo,comedy,20,49.86680201480263,107.9619140625,56.79789268092105,28.495315437030076,61.69252232142857,False
qdaAyCKH940,comedy,20,69.5872738486842,114.3076171875,70.43271612870066,8.721627510715711,22.8615234375,False
qnGEOXA3Ae4,comedy,20,11.002479954769736,79.2734375,36.66065352590461,8.463446119053637,60.97956730769227,False
qpNB3UHjcm8,comedy,20,73.94082802220395,104.393310546875,82.27069156044408,35.209918105811404,49.71110026041668,False
qzVR-qF9GR4,comedy,20,43.98445209703947,65.949951171875,54.41026161595395,30.334104894509988,45.482724946120825,False
r-mDwAn6Ng8,comedy,20,7.788073087993421,24.39306640625,18.922202662417764,8.653414542214913,27.10340711805557,False
r4cg-6qy70Q,comedy,20,34.300203022203945,65.88330078125,47.09023822985198,3.5522026024936166,13.17666015625,False
rIRvGxbiH_M,comedy,20,51.25109220805921,69.652587890625,56.920370322779604,11.747606565241227,18.5740234375,False
rSWkWps0oPk,comedy,20,58.67698910361842,104.47705078125,64.41270559210527,7.071187257695018,20.89541015625,False
rfRiP0xoLr4,comedy,20,55.66831568667763,80.291748046875,62.018275853207236,21.830712033991226,31.486960018382344,False
rj4K6ivQ29E,comedy,20,42.36403937088816,81.234130859375,60.02640445106908,40.346704162750626,77.3658389136905,False
s1qfesLZcfU,comedy,20,27.99622224506579,37.49755859375,27.82469418174342,3.586455727328678,7.49951171875,False
s2VymO6OgX8,comedy,20,52.12534693667763,94.903564453125,69.57009405838816,6.520012169802722,18.980712890625,False
sKEG4L-IaWg,comedy,20,47.90770199424342,60.88623046875,50.437618215460525,5.408926057097187,11.831298828125,False
sLR-1sZqROo,comedy,20,18.50985557154605,27.432861328125,27.434945518092107,20.566506190606724,30.48095703125005,False
sil_8puJamc,comedy,20,30.316097861842106,49.3818359375,30.79136384662829,3.832678824548531,9.8763671875,False
t1m83tNXiSg,comedy,20,10.523694490131579,17.5576171875,16.005363384046053,7.51692463580827,12.541155133928584,False
t2Onaxk2RHM,comedy,20,32.27901418585526,57.114013671875,35.24591514185855,3.4525970537250235,11.422802734375,False
t8HrZTLRCeU,comedy,20,34.7705720600329,96.138916015625,37.543771844161185,4.046337774106951,19.227783203125,False
tAjHg3kx_Ww,comedy,20,62.2058747944079,104.075927734375,66.79000051398026,7.898645907073947,20.815185546875,False
tEU84LMvHak,comedy,20,51.032522101151315,73.701416015625,56.352396432976974,30.928801273425044,44.66752485795458,False
tKvLUiUseLc,comedy,20,38.65510639391447,68.141357421875,44.5532470703125,17.570502906324766,30.973344282670514,False
tTINrVQ5MSo,comedy,20,53.98909076891447,81.43310546875,63.330864514802634,30.85090901080827,46.533203125,False
tqVV3Ch8vrg,comedy,20,42.46898129111842,98.606201171875,51.206199886924345,5.641014147166973,19.721240234375,False
txfYLVflQk8,comedy,20,55.00574372944079,94.671630859375,59.943032997532896,18.335247909813596,31.557210286458332,False
uDMlwi1iGwg,comedy,20,60.93310546875,90.2197265625,64.1488923725329,7.66916546734221,18.0439453125,False
uUnucIzDxyQ,comedy,20,35.130859375,63.76953125,38.77951146175987,3.5677698211159736,12.75390625,False
uYqWsDhWkkA,comedy,20,41.24570826480263,57.277587890625,40.596584601151314,4.952298792627775,11.455517578125,False
ubzGP5Ml8Vo,comedy,20,55.545705694901315,93.267333984375,60.83710809004934,20.19843843450957,33.91539417613637,False
vAMAxS7u6Jo,comedy,20,46.007658305921055,61.62841796875,49.825601356907896,5.143483824700627,11.6755859375,False
vHxIrEDeTdo,comedy,20,20.542441920230264,43.785400390625,36.87521458675987,18.674947200209324,39.804909446022705,False
vXSqw17QqP0,comedy,20,21.93027857730263,33.201171875,44.94897203947368,54.82569644325658,83.00292968750001,False
v_cI2FIJwIQ,comedy,20,53.283113178453945,72.41845703125,58.81723118832237,29.60172954358552,40.23247612847213,False
viRrIXenf_Y,comedy,20,28.21053916529605,85.6474609375,56.31812936883224,14.105269582648026,42.82373046875,False
vo45a7qEY2c,comedy,20,37.37879060444079,66.447021484375,43.77403628700658,13.592287492523921,24.162553267045453,False
voeTqKBpiLg,comedy,20,51.3053556743421,79.6142578125,58.00496247944079,15.128185759809682,39.80712890625,False
vuEggWiX3zM,comedy,20,42.97585577713816,81.46435546875,62.181423468338814,16.529175298899293,31.332444411057676,False
vvGKmHBc_tI,comedy,20,40.84504780016447,67.03271484375,53.46488615337171,21.497393579033936,35.280376233552595,False
vwjXo3RiT7A,comedy,20,7.835436369243421,22.81005859375,18.355358244243423,22.386961054981203,65.17159598214292,False
vzbSxsEofPw,comedy,20,40.23130396792763,75.201416015625,44.64571468955592,5.869666947516098,11.4412109375,False
w-7eXwZvYv0,comedy,20,15.190493935032896,32.50830078125,19.05201994243421,1.8205826315993334,6.50166015625,False
w-ruaZVvNhQ,comedy,20,51.00206877055921,90.99365234375,57.33749486019737,5.257163994147193,13.78125,False
w4NvkjUXJEg,comedy,20,39.28505345394737,58.24267578125,47.05739489103618,78.57010690789474,116.4853515625,False
w6hEkyOqOIQ,comedy,20,25.757285670230264,62.649658203125,37.315673828125,27.112932284452917,65.94700863486847,False
wB8h_ML41MU,comedy,20,28.20010536595395,48.83056640625,29.158534642269736,3.5844448657404437,9.76611328125,False
wTXcSnWJKtI,comedy,20,55.486662212171055,96.9833984375,72.1312255859375,5.649336109854453,19.3966796875,False
wb9bAyxtfos,comedy,20,35.92566560444079,53.963134765625,43.53053942228618,19.958703113578213,29.97951931423604,False
wl913zByl2E,comedy,20,54.25398334703947,76.41455078125,57.98121402138158,6.5938106848862885,14.272265625,False
xOilCSORlHA,comedy,20,35.46488229851974,48.1982421875,34.32900519120066,4.193219276400955,9.6396484375,False
xTR-SYwThlY,comedy,20,5.6524208470394735,67.588623046875,14.581355365953947,28.26210423519739,337.94311523437545,False
xTwBmnTi5cc,comedy,20,65.47462222450658,129.75634765625,73.91177528782895,23.383793651609494,46.34155273437505,False
x_m-C5n0S9c,comedy,20,36.46705386513158,65.054443359375,55.54862895764803,19.193186244806096,34.239180715460485,False
xj3uSsZWmog,comedy,20,52.64870733963816,94.009521484375,52.97754420230263,5.915198710802443,12.21298828125,False
xmD7Ei2VjLY,comedy,20,44.683349609375,59.52099609375,50.22411466899671,5.18455742951697,11.90419921875,False
xn7el6bLjtY,comedy,20,60.0943025287829,81.491943359375,60.222657534950656,7.541847706535878,16.298388671875,False
xnNnlvB2vRA,comedy,20,27.919613486842106,59.74951171875,47.25731779399671,27.919613486842106,59.74951171875,False
xr8wW-HNHy0,comedy,20,51.42170795641447,63.953125,52.95042660361842,7.976689808957491,12.790625,False
xxxsPnU131A,comedy,20,38.83625873766447,98.47265625,48.85001413445724,3.17137088090138,7.130224609375,False
y8Djz2ewkg8,comedy,20,49.45542506167763,71.557373046875,50.99533562911184,5.249199109919008,11.569775390625,False
y9BPA5TXFaA,comedy,20,50.90139288651316,132.048095703125,77.60580283717105,17.353986575889845,88.03206380208333,False
y9S5_EabcoE,comedy,20,12.03333162006579,18.353271484375,14.015058336759868,1.4667747553486121,3.08447265625,False
yB-RQhecMAc,comedy,20,44.140046772203945,63.971435546875,51.08289473684211,14.713348924067983,21.323811848958332,False
yL8yYQ4vl5s,comedy,20,52.831453022203945,79.00732421875,62.343284847861845,17.610484340734647,26.335774739583332,False
yM_Kx5kB3ps,comedy,20,43.1549650493421,57.701416015625,50.82637875205592,7.082327035846904,11.540283203125,False
yPeZ_aJvtiI,comedy,20,43.60400390625,66.974365234375,51.69255242598684,32.29926215277778,49.61064091435193,False
ysz7T_UryV0,comedy,20,51.2659333881579,65.482421875,57.4349609375,31.070262659489632,39.68631628787878,False
z5FBBXR7SvQ,comedy,20,49.17331414473684,119.1337890625,52.92542274876645,5.17280959567305,23.8267578125,False
zCtiRJyZHp8,comedy,20,30.03479646381579,54.39599609375,38.14859040912829,2.525519107792229,10.156884765625,False
zJMWoWuHPV4,comedy,20,40.05186060855263,67.79541015625,40.70265342310855,4.80116601879821,11.267626953125,False
zYTVLEcBjnQ,comedy,20,43.94777960526316,80.469482421875,48.920428145559214,5.454391046928646,13.985302734375,False
zmhTPxwkjX8,comedy,20,39.01838764391447,59.736328125,40.820849609375,20.53599349679709,31.440172697368386,False
zsyGZAtghdQ,comedy,20,30.815956517269736,64.042236328125,32.06523309004934,3.42474054042983,12.808447265625,False
zxYuHXB0tt8,comedy,20,18.01234837582237,31.039306640625,19.502634148848685,3.05308544791578,6.207861328125,False
-AslLWhuWsQ,howto,20,28.79141395970395,64.739013671875,46.07945106907895,12.796183982090644,28.77289496527778,False
-TyihOEvJ8E,howto,20,38.93505859375,105.334228515625,48.71914961965461,2.0391916391756704,7.15009765625,False
-WS7ptWFB_k,howto,20,20.47739771792763,61.175048828125,35.430818256578945,0.9418016935800728,1.729150390625,False
-fHPHxm6GlA,howto,20,46.32423159950658,152.144287109375,63.13890445106908,7.860000503445607,29.69140625,False
-fdPfUh7wuE,howto,20,83.03024773848684,183.079833984375,81.07325889185856,8.889701423489655,36.615966796875,False
-pKzXYfA5Xs,howto,20,55.82362767269737,104.16064453125,61.58289602179276,33.83250161981659,63.12766335227278,False
-xbK1_HILi0,howto,20,33.7722810444079,58.30322265625,42.023383532072366,29.367200908180777,50.698454483695635,False
00nnuddI4Ow,howto,20,35.725881476151315,74.133056640625,52.53691277754934,47.63450863486842,98.84407552083333,False
04DarPVWkpI,howto,20,20.90761204769737,42.87060546875,31.092336554276315,1.6629388600708501,3.903515625,False
04vt8YfT7XM,howto,20,54.51048519736842,104.56884765625,61.303731496710526,6.418418722830715,19.6943359375,False
0AvwUwA8r-M,howto,20,43.71398283305921,82.313232421875,54.85968081825658,36.42831902754935,68.59436035156251,False
0FMpXg5t9II,howto,20,33.32802220394737,93.713623046875,53.78543893914474,35.08212863573409,98.6459189967106,False
0XI_6ZQX_DE,howto,20,39.2051423725329,82.61083984375,57.92269351356908,71.2820770409689,150.2015269886363,False
0dB7JjpBMtI,howto,20,10.548442639802632,37.28857421875,16.135829564144736,1.2943666765754827,7.45771484375,False
0gGQgkMYYpk,howto,20,75.30967310855263,157.92529296875,96.65541478207237,10.193600115549643,31.58505859375,False
0ki_KKWfhz8,howto,20,15.434223375822368,32.288330078125,25.653883120888157,20.57896450109649,43.051106770833336,False
0vXHNlyx_YA,howto,20,41.954499897203945,82.65087890625,46.88412186472039,4.46348094947497,13.075634765625,False
1G_6IaCC-yo,howto,20,30.888594777960527,49.210205078125,37.14386821546053,41.184793037280706,65.61360677083333,False
1Ht986DK9Mk,howto,20,16.70618318256579,33.618896484375,27.5088134765625,20.882728978207247,42.02362060546876,False
1JaZbTfgCpM,howto,20,11.905710320723685,15.430908203125,14.332008120888158,12.532326653393353,16.24306126644735,False
1V7nJJz9EyA,howto,20,23.11693050986842,174.84228515625,62.27808131167763,20.101678704233397,152.03676970108668,False
1c_gHonRtYI,howto,20,10.747545744243421,24.312744140625,15.364730674342105,1.8573043604216508,4.862548828125,False
1zNfh_g8jXM,howto,20,15.084614000822368,120.571533203125,23.70108578330592,5.028204666940789,40.190511067708336,False
29IKvPetR34,howto,20,52.00267269736842,129.376220703125,68.29874845805921,5.8376958711806095,25.875244140625,False
2EgVjMvKsao,howto,20,26.957969263980264,54.378173828125,43.82005679481908,22.464974386650216,45.31514485677073,False
2Nvm9p_kPoo,howto,20,23.454371402138158,45.680419921875,34.313150185032896,14.214770546750398,27.68510298295451,False
2vAp_a7WyBg,howto,20,14.811986019736842,27.911865234375,23.206442742598686,5.021012210080285,9.461649231991538,False
2xCcSfw4rHQ,howto,20,35.17811986019737,60.35791015625,47.18599275287829,4.961185287356814,11.640283203125,False
3U0JTCLOSBA,howto,20,30.679237767269736,47.321044921875,35.514869449013155,3.767528857963675,9.464208984375,False
3dbmsdprJoA,howto,20,31.406468441611842,107.27099609375,53.56865362870066,4.017986908465278,21.45419921875,False
3pIW8QYCV0I,howto,20,33.59191252055921,49.97216796875,48.53095060649671,21.672201626167233,32.24010836693549,False
3wa5MAS8sj8,howto,20,36.13822214226974,66.88525390625,54.22282329358553,13.141171688098085,24.321910511363637,False
3zCdiGz2oTY,howto,20,34.72377415707237,49.6845703125,39.39087942023026,22.402434940046692,32.05456149193549,False
4-K8xwb_yD8,howto,20,19.663895456414473,38.58935546875,26.982979543585525,28.091279223449245,55.127650669642776,False
4G1yjPG8WdU,howto,20,22.490439967105264,61.698974609375,44.60644274259868,17.992351973684215,49.3591796875,False
4H5J8la6rNk,howto,20,87.70676141036184,134.26513671875,84.40465794613486,11.761126977827512,26.85302734375,False
4XTCQsSLBFw,howto,20,51.791349712171055,95.170654296875,57.30000385485197,7.054431081932366,19.034130859375,False
4gm5k8tjWUc,howto,20,32.222257915296055,71.788330078125,45.21757684004934,15.343932340617172,34.18491908482144,False
5Qz520tzebw,howto,20,9.557077508223685,13.166259765625,10.002855160361841,17.376504560406698,23.93865411931817,False
5amBt3huPlc,howto,20,34.03074886924342,57.45703125,44.92615517064145,29.59195553847254,49.96263586956528,False
5wJPtYDWEeU,howto,20,29.32008120888158,72.79150390625,35.76749203330592,15.035939081477736,37.32897636217949,False
6Qu7sNgMnRs,howto,20,36.85166529605263,59.476806640625,39.112508994654604,27.297529848927876,44.05689380787044,False
6YMNd2S7Dyo,howto,20,37.08616879111842,59.512939453125,50.18232421875,3.964175716022432,11.314990234375,False
6plPaUuYcdc,howto,20,46.394826788651315,89.84716796875,60.14336579975329,61.85976905153509,119.79622395833333,False
6zvqhRKDEgo,howto,20,34.48171515213816,87.846435546875,60.55122455797697,13.792686060855264,35.13857421875,False
7Op3gCArRFQ,howto,20,19.799868935032894,31.929443359375,26.320541221217105,23.29396345297987,37.56405101102942,False
7WdfJYPFJdo,howto,20,34.00938013980263,94.857177734375,38.05872353001645,4.6520710127656155,18.971435546875,False
7YjO5jr34nY,howto,20,10.462145353618421,41.668212890625,27.10810546875,19.022082461124413,75.76038707386378,False
7Zv0AV0Vsu0,howto,20,38.34127004523026,47.070556640625,41.35362484580592,12.997040693298395,15.956120895127103,False
7nO8iV1e2vg,howto,20,39.9718595805921,98.6318359375,44.95830849095395,49.96482447574013,123.28979492187503,False
7sb9fl6UVlg,howto,20,35.951017680921055,58.011474609375,44.68919870476974,13.073097338516746,21.095081676136363,False
81mbU1fM8pQ,howto,20,20.54235197368421,54.626220703125,32.17507067228618,2.777414846022141,10.925244140625,False
893Qn4TR9i4,howto,20,14.938155324835526,26.775390625,21.74449398643092,11.490888711411944,20.59645432692308,False
89LCuhngfos,howto,20,50.71887849506579,72.529296875,56.78925010279605,7.387318418115602,12.282568359375,False
8AbGc1cF76U,howto,20,29.22081877055921,53.431640625,44.74307797080592,30.758756600588647,56.243832236842145,False
8CEPGfzxefY,howto,20,43.149606805098685,100.908447265625,57.677242238898025,4.237148799247741,17.21435546875,False
8IJN-SLY_UY,howto,20,36.43953022203947,55.870361328125,50.88308619449013,48.58604029605263,74.49381510416667,False
8L0qsZE5gys,howto,20,20.42701480263158,59.482666015625,37.20801038240132,40.85402960526316,118.96533203125,False
8PLjXDvTta8,howto,20,34.701223273026315,58.802490234375,42.996355879934214,3.2450324380157354,8.3337890625,False
8Q_5T7-hKhY,howto,20,7.600431743421052,25.647216796875,12.65238615337171,6.080345394736842,20.5177734375,False
8fH4ZSEcizg,howto,20,17.47119140625,38.4736328125,29.010208932976973,24.958844866071427,54.9623325892857,False
8wj_gkYdCp8,howto,20,14.845176295230264,31.113037109375,21.815104594983552,14.845176295230264,31.113037109375,False
95iKaeKxt7c,howto,20,32.23061009457237,42.47021484375,35.633438270970395,11.114003480887025,14.644901670258623,False
9MlBl-Qj9bE,howto,20,35.29398386101974,59.713623046875,48.51052888569079,14.117593544407896,23.88544921875,False
9NPRuPqLhsk,howto,20,37.3533357319079,74.325927734375,45.29379497327302,12.880460597209618,25.62963025323271,False
9S9HT1AqaJQ,howto,20,4.4873046875,6.25634765625,6.097666529605263,12.820870535714286,17.87527901785716,False
9WQLeZc2GO8,howto,20,61.73571134868421,94.83056640625,66.05580283717106,7.842194431310199,18.96611328125,False
9c-w3487-lw,howto,20,48.83803196957237,82.385009765625,54.04670667146382,17.442154274847276,29.423217773437504,False
9lIS1m6BbNQ,howto,20,35.68553402549342,60.635498046875,42.32897049753289,32.44139456863038,55.12318004261356,False
9p7jRIn8VbI,howto,20,51.4817537006579,79.867431640625,55.0197175678454,11.000099110756945,15.973486328125,False
9vviSJdToUg,howto,20,35.266794305098685,58.41259765625,49.052733090049344,64.12144419108853,106.2047230113635,False
A4GvfCyEqv0,howto,20,37.15596731085526,67.60546875,51.925804379111845,15.481653046189702,28.168945312500057,False
AAY5J5bwRDU,howto,20,35.94508120888158,67.2197265625,52.3630949321546,3.6371752602123646,11.8076171875,False
AL_fHb7vRoo,howto,20,32.79639956825658,66.135986328125,39.619194592927634,3.175875920276271,13.227197265625,False
AOpi-p0cJkc,howto,20,37.2468904194079,156.41259765625,46.07113743832237,5.63781890139055,16.250659496753247,False
AX84Qc0dwo4,howto,20,74.00277549342105,144.34716796875,80.73494937294407,8.703409965280505,28.86943359375,False
Adnhq2KLDwA,howto,20,17.536788137335527,36.099853515625,25.69968904194079,25.052554481907894,51.571219308035765,False
B-nvQZZrKMQ,howto,20,26.03232935855263,41.5703125,33.41754600123355,11.077586961086226,17.689494680851052,False
B4Nb-kwYM3c,howto,20,40.84012643914474,77.402099609375,52.94332982113487,81.68025287828948,154.80419921875,False
B8Sa1vU7W4s,howto,20,50.714997944078945,68.23388671875,53.391336862664474,18.441817434210527,24.812322443181802,False
BTI4wm5wRGg,howto,20,40.491056743421055,73.380859375,51.82032406455592,3.7018082957593665,10.628857421875,False
BUCAFaU7TPs,howto,20,21.04799290707237,47.299560546875,29.013716848273027,16.19076377467105,36.38427734375008,False
BUQGJYO0VOE,howto,20,22.66494911595395,64.6162109375,47.58317100123355,56.66237278988487,161.54052734375003,False
BxPY47Pz6u8,howto,20,21.94774105674342,35.136474609375,31.58245142886513,43.89548211348684,70.27294921875,False
CYBTm7Z3l-E,howto,20,32.37244294819079,101.237060546875,39.16393400493421,2.9727688954305855,7.87783203125,False
Ca-0Yd6uAKc,howto,20,39.36306280838816,74.238525390625,57.33840717516448,3.062746291870713,14.847705078125,False
DKbe-098ZOw,howto,20,29.291092722039473,82.750244140625,31.018747430098685,11.486703028250774,32.45107613357847,False
DTpYEODeE8E,howto,20,22.367470189144736,35.144287109375,30.151126901726975,26.31467081075851,41.346220128676485,False
Dgha6qBtAwQ,howto,20,89.09053762335526,199.402587890625,105.94666812294408,8.659300601444352,35.06689453125,False
DqftfjFq7t0,howto,20,14.188232421875,36.466796875,20.26591154399671,14.188232421875,36.466796875,False
E9v8HFMGMzQ,howto,20,47.57811215049342,75.340576171875,55.739972245065786,5.402047397546601,15.068115234375,False
EH-0DzxxCzw,howto,20,27.86717465049342,49.2412109375,36.13772486636513,18.57811643366228,32.827473958333336,False
EV0rBxu4UKk,howto,20,11.787700452302632,58.408447265625,15.262214740953947,2.1025734991776317,9.3453515625,False
EW2RUAhkSJ0,howto,20,59.46812037417763,88.015625,64.16198987458881,6.709616200179774,17.603125,False
EZngDWBk0xE,howto,20,42.1027189555921,70.176025390625,53.42465691817434,4.824944539272583,12.13125,False
EqLEWV63Zng,howto,20,8.704744037828947,24.9833984375,14.638484272203947,6.963795230263158,19.98671875,False
F401lhmfh6Q,howto,20,19.37830232319079,30.37255859375,22.706898900082237,9.937590934969636,15.575671073717926,False
F_e2VcpPmdc,howto,20,23.24086400082237,61.525390625,37.54821520353618,23.24086400082237,61.525390625,False
FacdsR8bCCc,howto,20,44.51286235608553,141.498779296875,64.62727436266448,5.88249097159157,13.0912109375,False
Fdbx1uLjKZU,howto,20,36.60176809210526,55.860595703125,41.996317331414474,24.401178728070175,37.240397135416664,False
FsAFT0UQsMo,howto,20,36.87947162828947,65.974609375,44.45318153782895,15.693392182250841,28.074301861702132,False
FvtkgKdcu6I,howto,20,23.156327097039473,62.172607421875,26.8684814453125,51.45850466008772,138.16134982638857,False
G8aU-8S0WpA,howto,20,8.803903680098685,152.9677734375,78.13613666735198,11.738538240131579,203.95703125,False
GExOET54h1Y,howto,20,38.84464946546053,61.427001953125,47.63777497944079,24.27790591591283,38.391876220703125,False
GMilyQoedjc,howto,20,18.580887643914473,39.2841796875,29.701070363898026,53.08825041118422,112.24051339285725,False
GOv85SJbTU0,howto,20,37.42873663651316,102.21826171875,45.86431049547697,4.84829904007137,20.44365234375,False
GQTUYAhJzY8,howto,20,42.178415398848685,59.98876953125,54.286744449013156,60.2548791412124,85.69824218750003,False
GSjm29FESiQ,howto,20,16.025930304276315,65.25146484375,27.579179944490132,16.86940032029086,68.68575246710529,False
GrrfjAV3rDA,howto,20,64.04538445723684,108.85205078125,66.54204230057566,6.987049847899331,21.77041015625,False
H2V_YP03oC8,howto,20,36.74599095394737,69.36376953125,54.109619140625,4.292094112299641,11.742138671875,False
HXdqBcwyiYo,howto,20,14.772409539473685,57.081298828125,22.600646330180922,19.69654605263158,76.1083984375,False
HvI2Pgc2EBE,howto,20,22.993228310032894,57.09228515625,27.51939119037829,20.902934827302634,51.902077414772826,False
IAtDdOhvovQ,howto,20,48.68615080180921,78.73583984375,50.945705694901314,6.843605228892545,12.705029296875,False
IP_wfMeCIIY,howto,20,28.87489720394737,115.223388671875,41.23455360814145,0.6785522089745496,3.39248046875,False
Ifdag7m2CoE,howto,20,47.02428556743421,73.610595703125,55.30914756373355,33.58877540531015,52.57899693080358,False
J-QHYBj07fU,howto,20,13.164961965460526,129.232666015625,31.935277035361842,4.787258896531101,46.99369673295455,False
J3b9UnDK1fQ,howto,20,34.92064144736842,58.66015625,41.38804738898026,4.684752822392332,11.73203125,False
J4-GRH2nDvw,howto,20,66.04341848273026,130.1435546875,68.77575298108553,9.446248032337571,26.0287109375,False
J4wqsXG9wRw,howto,20,20.62906044407895,61.48828125,53.15457442434211,8.420024671052632,25.09725765306123,False
JnPoIzwK4JI,howto,20,21.47155119243421,36.000732421875,27.148604543585527,25.260648461687303,42.3538028492647,False
JrrSBVWFMmk,howto,20,20.907663445723685,126.6865234375,42.53522820723684,9.724494625917995,58.92396438953492,False
K0X17fTJ6dU,howto,20,33.63249126233553,127.300537109375,43.19784770764802,2.0915775700464376,5.665966796875,False
KChUsEJPHqk,howto,20,30.691470497532894,71.944091796875,37.65446648848684,1.7389000825533647,12.466943359375,False
KDvvKWi0ijs,howto,20,30.13074372944079,84.808349609375,44.94383480674342,3.12667902858339,12.05576171875,False
KKu_h2Gg6x0,howto,20,15.03284333881579,43.87158203125,23.13768888774671,8.351579632675438,24.37310112847226,False
KMK5IiyVDis,howto,20,22.96961091694079,69.478271484375,43.03319027549342,15.313073944627194,46.31884765625,False
KOmiITD-gCk,howto,20,62.113037109375,119.4345703125,84.52202919407895,10.283438605320672,23.8869140625,False
KTLfVHinI2g,howto,20,13.880936472039474,64.825927734375,37.34829230057566,19.82990924577068,92.60846819196438,False
KXbiy4afrog,howto,20,45.858693976151315,76.86865234375,54.95029296875,4.986224048493855,15.37373046875,False
KeK6XUDz5rc,howto,20,20.24178916529605,69.867919921875,35.157577354029605,19.277894443139104,66.54087611607162,False
LGiJe7IAixc,howto,20,41.86338404605263,54.85693359375,48.36586400082237,12.30962624970067,24.380859375,False
LK5dhpDPjy8,howto,20,50.562936883223685,79.947265625,63.12697496916118,36.116383488016915,57.10518973214299,False
LSfZkx2G_6o,howto,20,33.63923725328947,49.729248046875,46.77763671875,12.69405179369414,18.765753979952827,False
LXjSduaOXEk,howto,20,65.05855520148026,186.001953125,70.65960372121711,8.847829337468836,29.74716796875,False
LqPiUGSMnns,howto,20,37.45524516858553,77.134033203125,53.707470703125,31.212704307154592,64.27836100260402,False
MFDo-dtr9mk,howto,20,46.6686369243421,114.404052734375,62.440339740953945,5.176326996678476,22.880810546875,False
MKPJLPy6N4o,howto,20,29.844752261513158,137.759521484375,37.69080360814145,3.7447833637571866,27.551904296875,False
MLMCgtufyFE,howto,20,19.499190481085527,60.853515625,30.531710012335527,2.0962707436764236,12.170703125,False
MWa-WNG3KAM,howto,20,30.58218544407895,65.05615234375,48.81827456825658,21.09116237522685,44.86631196120681,False
MYDydK9r0Wk,howto,20,29.918778268914473,62.259521484375,46.19408023231908,12.21174623220999,25.41204958545919,False
MyDpp-fY0yo,howto,20,37.9472013774671,49.716064453125,40.23396381578947,5.895006594529998,9.23681640625,False
MywbYrTPz6E,howto,20,16.240992495888158,53.12255859375,30.582308799342105,12.493071150683198,40.8635066105769,False
N032aA98gq8,howto,20,33.187834087171055,67.571044921875,40.82541375411184,22.888161439428313,46.60072063577587,False
N_62ngX3FhI,howto,20,21.888980263157894,58.789794921875,43.41502878289474,1.487358168212849,11.757958984375,False
Nf0mdo6lHv8,howto,20,41.24280427631579,72.05126953125,49.94855571546053,11.281857596090637,22.839564732142858,False
NhrOS2gXNlU,howto,20,56.66520610608553,113.312744140625,60.26180741159539,7.260422900273257,22.662548828125,False
Nj0FVxyhUhA,howto,20,25.61508018092105,68.88525390625,37.24707288240132,3.5447244028256986,13.77705078125,False
Nln6qcFEKuw,howto,20,37.1035798725329,81.954345703125,48.573243472450656,41.226199858369874,91.06038411458339,False
NngDbZqdJHY,howto,20,55.608000102796055,106.926513671875,63.60357601768092,18.536000034265353,35.642171223958336,False
O8Tc_eRbuu8,howto,20,37.86899928042763,63.953369140625,46.30755550986842,4.354219320879991,9.45107421875,False
OD3l-dYMxkA,howto,20,24.44107216282895,40.409423828125,33.81460603412829,37.60164948127531,62.16834435096153,False
Oa_IAvV86Cg,howto,20,49.852487664473685,65.75244140625,55.44969032689145,36.92776864035088,48.70551215277779,False
OjRVfS8irB4,howto,20,41.94422029194079,80.98486328125,55.35326505962171,22.075905416810944,42.62361225328942,False
Oq3KsRXB0IE,howto,20,49.30958316200658,93.23193359375,53.61104800575658,44.82689378364235,84.75630326704534,False
OqoMQ57hJeU,howto,20,53.473388671875,89.58154296875,60.52062345805921,19.097638811383927,31.99340820312495,False
Ov1oFfDA-9Q,howto,20,11.788330078125,25.29248046875,18.644168893914475,11.788330078125,25.29248046875,False
Oz2oG9F5EQ4,howto,20,7.850290398848684,10.44580078125,10.870817485608553,6.280232319078947,8.356640625,False
P-xZoDj3Evo,howto,20,9.950362356085526,14.699462890625,9.866099146792763,13.267149808114036,19.599283854166668,False
PGPQNsIYUZk,howto,20,21.749948601973685,43.109619140625,30.04844263980263,43.49989720394737,86.21923828125,False
PP3GCMLIDhE,howto,20,31.22324732730263,56.763427734375,47.315732935855266,21.533274018829406,39.14719154094839,False
PiksvI3epxc,howto,20,42.10163959703947,66.0439453125,49.827668842516445,21.050819798519736,33.02197265625,False
PnkVLApVejc,howto,20,31.70106907894737,58.67578125,42.335775596217104,3.6670993537183976,11.73515625,False
Q9kbxClEzAE,howto,20,60.83366313733553,153.44287109375,62.93253752055921,40.55577542489035,102.29524739583333,False
QGm6v9-1ZBU,howto,20,23.12902189555921,57.587890625,33.00003597861842,2.790686424719201,10.951953125,False
QXO1fG4QnMY,howto,20,23.995052939967106,53.2998046875,37.80509097450658,26.661169933296783,59.22200520833343,False
Qu_en98RaJk,howto,20,37.52702251233553,66.553955078125,51.80355160361842,28.866940394104255,51.19535006009616,False
R6TGEnhcxw4,howto,20,34.23291015625,103.60400390625,68.84573396381579,23.60890355603448,71.45103717672413,False
REwwqm_g1kk,howto,20,34.951505962171055,50.753173828125,47.9387849506579,11.84796812276985,17.204465704449156,False
RQG3L-Mu8tc,howto,20,29.38314658717105,55.164306640625,40.619970703125,2.748416309106097,9.50966796875,False
Rk6nQCZfARo,howto,20,26.54005191200658,84.987060546875,36.68191046463816,2.7456533790531013,10.784033203125,False
Rp58sR3WbW4,howto,20,22.760292454769736,40.18994140625,28.096565326891447,13.794116639254389,24.357540246212128,False
RuxU7g7hx7I,howto,20,44.362844366776315,76.68408203125,45.130267012746714,20.164929257625598,34.85640092329547,False
S-nHYzK-BVg,howto,20,30.936960320723685,130.5849609375,97.22947162828947,4.114298158552226,26.1169921875,False
S4riD5a_vKg,howto,20,29.186227898848685,82.65478515625,49.61712068256579,1.902230406815346,13.353955078125,False
SSOn0XsmQRc,howto,20,34.8538240131579,66.835205078125,45.77481753700658,2.920925671753805,13.367041015625,False
SXw24eZTjVI,howto,20,36.09016498766447,105.133056640625,46.962240439967104,4.403727650720281,11.343359375,False
SboKtsBY1G0,howto,20,38.80940326891447,66.540283203125,51.00485711348684,10.661414871477364,29.57345920138889,False
SiefJJv-Qho,howto,20,66.25407329358552,184.967041015625,67.05342567845395,10.11391644753967,36.993408203125,False
SjnlkK3tSig,howto,20,33.90920538651316,115.511962890625,49.05742958470395,2.6568377333779285,23.102392578125,False
TIz1hG_NT_w,howto,20,32.58475534539474,66.132568359375,50.80689119037829,28.33456986556064,57.50658118206525,False
TJ02eD8Kcks,howto,20,48.22566303453947,98.814453125,65.50530813116777,4.086898873458301,16.54384765625,False
TPKqIScLKmk,howto,20,29.19434878700658,65.04443359375,35.69715768914474,3.771391965904662,13.00888671875,False
T_EHSvcWblQ,howto,20,41.7334626850329,69.10498046875,52.27944721422698,4.174799549283826,13.82099609375,False
UDBA6DVuSFc,howto,20,38.69844777960526,77.945068359375,48.04245091488487,7.039979040778235,12.725725446428571,False
Ufuyn5qA6GU,howto,20,11.785117701480264,30.974609375,27.32600740131579,23.570235402960527,61.94921875,False
V3UJZqXTN_U,howto,20,23.32509251644737,68.971923828125,38.529994603207236,2.1648476804373065,13.794384765625,False
V6u-SMh4y0w,howto,20,50.64872018914474,157.661376953125,78.75253777754934,4.942635054065266,31.532275390625,False
VKG_M__Ysb0,howto,20,52.37314967105263,144.859619140625,75.49118395353618,5.671606902032817,28.971923828125,False
VPTWv8YKpTw,howto,20,35.82791940789474,59.7177734375,51.728397409539475,39.80879934210527,66.3530815972222,False
VRR1ts95Cuw,howto,20,18.717811986019736,37.6708984375,26.71897486636513,26.73973140859962,53.815569196428555,False
VUnkenMZDcQ,howto,20,76.2733090049342,201.387451171875,77.08373766447369,11.09258178673317,40.277490234375,False
WQKRQ37eqD8,howto,20,23.102243523848685,48.133056640625,38.55971165707237,46.20448704769737,96.26611328125,False
WTnX4G0waFc,howto,20,23.133609169407894,44.671142578125,27.188563939144736,7.841901413358609,15.142760195974578,False
WU5lH5o3JLI,howto,20,9.660259046052632,21.67138671875,11.732802220394737,12.880345394736842,28.895182291666668,False
WZpCNEo9zQU,howto,20,6.7488563939144735,12.867919921875,10.652844880756579,5.624046994928729,10.723266601562475,False
WbE5hXt27uU,howto,20,64.0049984580592,109.010009765625,83.80001798930921,10.599572128118592,20.03671875,False
Ws1GY-mTYk4,howto,20,41.516845703125,68.36572265625,54.97792197779605,21.29069010416667,35.05934495192302,False
WwyMMLxmjeA,howto,20,44.25034693667763,54.5712890625,44.794662314967105,15.526437521641276,19.147820723684212,False
WxrKIPbeQP8,howto,20,11.303749486019736,22.51416015625,21.676664011101973,15.071665981359649,30.018880208333332,False
X9r07yc6KRI,howto,20,39.007761101973685,68.95263671875,56.34116981907895,20.003980052294203,35.36032652243588,False
XFdYDpTVSVk,howto,20,41.84336451480263,131.9755859375,54.043555972450655,13.947788171600878,43.991861979166664,False
XYTqEXI0N4Y,howto,20,38.70899722450658,80.82666015625,45.97747224506579,35.18999747682416,73.47878196022718,False
XtlXPwvaWjs,howto,20,44.9677091899671,75.279296875,46.850439453125,21.935467897544925,36.72160823170732,False
Y2-25TTbxPQ,howto,20,47.60884817023026,169.9130859375,57.49114155016447,6.63052412643935,33.9826171875,False
Y51_dwCIKL0,howto,20,38.83875154194079,61.8974609375,51.88248740748355,40.882896359937675,65.15522203947373,False
YlMBfnzR1eY,howto,20,16.92127107319079,52.35546875,32.249984580592105,24.173244390272554,74.79352678571418,False
Yru_dp0-_4M,howto,20,31.42831260279605,74.69580078125,52.77138414884868,3.509064573470477,13.190478515625,False
ZqcQF7_82n0,howto,20,9.533164576480264,42.67529296875,24.091610557154606,12.710886101973685,56.900390625,False
ZzULnmuWlS4,howto,20,15.783434416118421,39.360595703125,29.10609837582237,35.074298702485386,87.46799045138886,False
ZzYg5O-Hv5o,howto,20,40.4339021381579,97.14990234375,55.40947137129934,4.43996752749563,19.42998046875,False
_MMsqHsWYGE,howto,20,66.11982164884868,101.029541015625,72.53531301398026,9.406580592405783,20.205908203125,False
_N0fp4MnrQg,howto,20,45.8978849712171,164.973876953125,70.83149542557565,76.49647495202858,274.95646158854265,False
_S4E8g52U0w,howto,20,28.66942074424342,49.23583984375,31.329161955180922,3.0650454091217596,6.417919921875,False
_cPqnVahtPk,howto,20,49.49705746299342,63.28857421875,53.20265599300987,16.77866354677743,21.45375397245766,False
_toOymeX9jE,howto,20,24.39305355674342,59.921630859375,31.6402587890625,22.17550323340311,54.47420987215902,False
a1IxVKQeZx8,howto,20,17.150442023026315,29.402587890625,21.642412366365132,5.0684179894365124,13.836511948529411,False
a1whu6Gub1M,howto,20,26.298031455592106,52.54931640625,36.961668636924344,9.558527135658295,18.864676339285715,False
a8gart_8ndY,howto,20,28.704769736842106,114.3408203125,41.79117881373355,3.934387940462019,22.8681640625,False
aGwVKdjMils,howto,20,27.18978721217105,40.875732421875,33.34700092516447,9.540276214796862,14.342362253289467,False
aM14SMEiv9s,howto,20,27.843955592105264,54.320068359375,40.43392398231908,46.40659265350877,90.53344726562506,False
aQ2JIAfs0hc,howto,20,34.26843904194079,64.4306640625,44.84564787212171,24.477456458529133,46.021902901785644,False
aQgQKL7AdnM,howto,20,37.48347553453947,108.962158203125,55.71029116981908,4.456238806460479,21.792431640625,False
aUi-wLZqXj0,howto,20,33.61988589638158,119.84130859375,65.38283048930921,4.558789561926649,23.96826171875,False
aqJiCfBOqrw,howto,20,7.840871710526316,14.168701171875,14.821921258223684,14.25613038277512,25.761274857954596,False
awuzPl_P1vI,howto,20,26.222360711348685,68.681884765625,46.071237664473685,2.6625984773142037,13.736376953125,False
ayGlsX7tHPw,howto,20,28.106471011513158,50.74560546875,38.10988512541118,18.133207104202036,32.73910030241934,False
bAH7eLgsEYE,howto,20,19.148373252467106,54.90869140625,32.530463610197366,23.93546656558388,68.63586425781247,False
bAQPuPrIwUc,howto,20,11.369307668585526,29.79541015625,15.855215614720395,17.49124256705466,45.8390925480769,False
bPWbSwee0A0,howto,20,40.81080386513158,78.799560546875,53.936211194490134,62.78585210020243,121.23009314903845,False
bcU7H3zA5jc,howto,20,30.56004574424342,70.747314453125,38.00389468544408,10.3593375404215,23.98214049258478,False
cMkqx2IEKkY,howto,20,41.70114617598684,117.901611328125,58.49196905838816,5.603634196446891,23.580322265625,False
cN_oC4s8p4o,howto,20,28.993228310032894,56.781982421875,38.498562140213814,57.98645662006579,113.56396484375,False
cRT8nUgImbg,howto,20,37.87625925164474,78.963134765625,52.10130679481908,17.616864768206852,36.727039425872086,False
cV73f4Ywa04,howto,20,43.925588507401315,71.53857421875,57.331688168174345,5.142423062268892,12.758935546875,False
cYo-Cq-FLL8,howto,20,17.803158408717106,66.272216796875,43.76151058799342,32.3693789249402,120.49493963068186,False
cqZQZ-YX9H4,howto,20,45.33864874588816,210.614501953125,55.856061112253286,6.409716347434684,42.122900390625,False
d8bct2_ix4U,howto,20,45.32853618421053,107.37841796875,57.25415810032895,5.708598728245624,20.40654296875,False
dCYDZDlcO6g,howto,20,23.529810855263158,69.205810546875,31.841422954358553,2.47256524511271,13.841162109375,False
dHwXV7IwEQs,howto,20,49.089933696546055,106.76611328125,69.82292094983552,18.181456924646692,39.543004918981545,False
dJzhJd_T2jM,howto,20,5.324103104440789,10.39892578125,7.606112510279606,3.9437800773635483,7.702907986111123,False
dP4SmUFCrEM,howto,20,52.11711040296053,68.426513671875,58.846702816611845,21.27228996039205,27.92918925382658,False
dPMLssNaQm8,howto,20,69.45865028782895,99.3974609375,75.01759996916118,8.121140337544738,19.788916015625,False
dUrPDsKZfnw,howto,20,14.825619346217104,39.6337890625,26.027978515625,17.441905113196594,46.627987132352864,False
dajIBYfgBPA,howto,20,29.75181178042763,54.609619140625,46.28551603618421,2.976489899909871,8.752734375,False
dhLCzSwUTvc,howto,20,25.097592002467106,77.54296875,34.21336220189145,2.7064514337423864,15.50859375,False
dmwrHmSTIjQ,howto,20,23.095022101151315,38.32275390625,24.565771484375,7.828821051237734,12.990764036016937,False
dnbYbMl3xZo,howto,20,13.18212890625,27.5458984375,14.574925472861842,9.764539930555555,20.404369212962965,False
dxJA2MF6F0M,howto,20,33.486276726973685,126.6201171875,69.10583624588816,23.918769090695484,90.44294084821415,False
dy8DLkKZyxc,howto,20,54.647216796875,102.05029296875,59.14162983141448,6.808195404695506,15.335986328125,False
eTYpQZFPbws,howto,20,34.12745425575658,73.964599609375,36.73855494449013,3.7493269733562262,9.19130859375,False
ey0Xj9Xe2xg,howto,20,56.59518914473684,142.30078125,64.60013363486843,7.61516878197048,28.46015625,False
fACEzzmXelY,howto,20,38.956298828125,107.758056640625,58.55229877672697,1.8284268060826125,14.06259765625,False
fDUhLOuGT4k,howto,20,23.93248869243421,50.51171875,36.27693899054276,2.375401443786433,8.454931640625,False
fLnKtPVpofM,howto,20,31.44542814555921,71.0869140625,38.61666581003289,3.4643316251312863,9.172314453125,False
fgXSA2-o0NM,howto,20,12.16516755756579,41.374267578125,28.43024388363487,18.715642396255067,63.65271935096159,False
fr9HxkVm10M,howto,20,54.7764314350329,92.04296875,59.14777960526316,18.88842463276996,31.73895474137925,False
gA8lTuMYHuk,howto,20,64.451416015625,102.4462890625,77.68752569901316,10.229026236625739,17.669580078125,False
gRVjAtPip0Y,howto,20,58.95329204358553,75.728759765625,61.08512669613487,8.57596109160734,13.5109375,False
h2KaP_XySlY,howto,20,9.622353001644736,27.009521484375,17.601223273026317,9.622353001644736,27.009521484375,False
h559qrc1MQU,howto,20,20.681563527960527,50.475830078125,39.25269454152961,31.817790043016203,77.6551231971154,False
h6gtj7mhsJ4,howto,20,45.62765984786184,69.485595703125,46.43760022615132,18.251063939144736,27.79423828124998,False
h9gFVzu5VNk,howto,20,47.04439504523026,101.173583984375,63.18496607730263,29.402746903268916,63.23348999023432,False
hB8OlziECUI,howto,20,30.52112458881579,81.767822265625,47.71623663651316,11.73889407262146,31.449162409855795,False
hFPdfg9fpmo,howto,20,36.30771998355263,83.85205078125,42.648524876644736,17.71108291880616,40.90343940548772,False
hPs5cj_tdAM,howto,20,6.940802323190789,11.806884765625,7.954776161595395,10.678157420293523,18.16443810096153,False
hUuTI5Cfq6Y,howto,20,63.009367290296055,98.5498046875,68.3436215049342,23.77711973218719,37.18860554245295,False
hVJWbBsU0d8,howto,20,36.77744654605263,71.981689453125,50.27418919613487,16.837870065789474,36.08447265625,False
h_0ZenIME_0,howto,20,27.83947111430921,59.653564453125,46.84966462787829,46.399118523848685,99.42260742187499,False
iK6uporE6Yo,howto,20,61.884919819078945,121.087158203125,79.44715511924342,20.628306606359647,40.362386067708336,False
iW3AULgs2uU,howto,20,21.024002878289473,65.98681640625,25.797714072779605,1.5851440334677238,3.471826171875,False
inZEmFLQ2eA,howto,20,31.517873663651315,61.7744140625,45.85466051603618,26.26489471970943,51.47867838541654,False
jAySTDXTwSc,howto,20,50.6515470805921,149.239990234375,68.22487535978618,6.962966694078948,26.7126953125,False
jDmB0VFZq_g,howto,20,48.22184673108553,162.205810546875,66.47154348273027,4.850855381307846,32.441162109375,False
jdpOhWcO_70,howto,20,9.398334703947368,22.865478515625,16.824753289473684,5.695960426634769,13.857865767045459,False
jem5nQqXOzg,howto,20,49.247609991776315,101.925537109375,60.91812165912829,5.431193843534303,20.385107421875,False
jk0oXRUSNb0,howto,20,29.07960269325658,57.304443359375,41.91466771175987,36.349503366570715,71.63055419921875,False
jtJK2zIIcCs,howto,20,47.15479800575658,79.405517578125,55.29398900082237,5.2253626758696265,11.229833984375,False
jtl_NtxiReI,howto,20,36.66173673930921,66.3759765625,41.132844623766445,4.922919533144323,13.2751953125,False
jvwM0pNxb2I,howto,20,7.975187602796052,18.30126953125,17.655179636101973,10.633583470394736,24.401692708333332,False
jwKBQbq-BwA,howto,20,22.76625462582237,49.890380859375,29.853196957236843,32.52322089403195,71.27197265624989,False
ka3KYiV_b6E,howto,20,35.37853361430921,69.59619140625,48.300663034539475,2.9572804308773732,13.91923828125,False
kcBBhKkyCaI,howto,20,51.322419819078945,93.79248046875,64.03486199629934,5.382383553749337,18.75849609375,False
khYZTmm7S5I,howto,20,70.14372173108552,109.71728515625,79.83123586554277,8.096542130459785,21.94345703125,False
kwXsI8JCA9c,howto,20,26.18688322368421,57.04443359375,34.05645816200658,16.89476337011885,36.80286038306454,False
l6rOAIyLyis,howto,20,27.21835166529605,38.686279296875,33.65221268503289,6.7183626565662955,11.254609375,False
lCiPzwY-Yw8,howto,20,22.982486122532894,33.847412109375,35.65450760690789,30.643314830043863,45.1298828125,False
likJ0W8S_Cw,howto,20,17.827662417763158,47.634765625,27.0997314453125,6.043275395851918,16.1473781779661,False
lxq_46nY43g,howto,20,13.924496299342104,91.46826171875,24.423264031661184,2.1008252216686953,18.29365234375,False
m8hto-uUAhI,howto,20,23.10901521381579,43.125732421875,31.84998843544408,8.403278259569378,15.682084517045455,False
m91md4RBR48,howto,20,31.19857627467105,63.2109375,45.60655967310855,17.332542374817248,35.1171875,False
mMFeGKGzFks,howto,20,50.67233758223684,98.124267578125,50.67649953741776,7.117865269120931,14.086962890625,False
mOsqJuf6jL8,howto,20,48.029695209703945,74.741455078125,62.49683645148026,45.74256686638472,71.1823381696428,False
mQWlqt4xOY0,howto,20,40.364553351151315,93.701416015625,54.06598992598684,3.066470357187352,18.740283203125,False
mWNb06qZDfQ,howto,20,17.24521998355263,55.24072265625,18.2905517578125,1.7783945925322622,10.14990234375,False
mbUHW92wqNE,howto,20,25.38296669407895,51.7470703125,32.90733192845395,1.9976767400496096,5.84482421875,False
mt9WERAv1lU,howto,20,9.498470908717104,16.9619140625,12.662845651726974,11.873088635896382,21.202392578124993,False
mzh9-V4PRH4,howto,20,21.805227179276315,31.034912109375,24.945556640625,10.636696185012838,15.13898151676834,False
nCKjWoIV6Ro,howto,20,54.29807000411184,77.894287109375,60.220721114309214,22.162477552698714,31.793586575255066,False
naBal346_9c,howto,20,48.029875102796055,73.629150390625,53.740266498766445,5.007805102355955,11.96669921875,False
nf8ySuesAPg,howto,20,23.867483038651315,43.25439453125,27.890669973273027,2.2380750862401206,5.85654296875,False
npmgH5PJA-Q,howto,20,32.9149748149671,50.114013671875,41.708519222861845,29.922704377242823,45.55819424715903,False
nvRoDbpFtXc,howto,20,43.32200863486842,70.337890625,49.411306280838815,4.87117519187524,9.8123046875,False
nzAN3K2I5aA,howto,20,19.46995785361842,32.10546875,23.070515522203948,19.46995785361842,32.10546875,False
o-Il8OcNAZA,howto,20,30.560379831414473,60.369140625,40.220685135690786,4.631822957596737,12.073828125,False
o3rVJih3tzk,howto,20,53.974069695723685,82.165771484375,50.535396535773025,21.166301841460267,32.22187117034315,False
orjAYDDB2go,howto,20,8.466552734375,14.25830078125,9.794370631167762,11.288736979166666,19.011067708333332,False
ou7iku82E6Y,howto,20,52.42723324424342,84.43408203125,65.02478284333881,52.42723324424342,84.43408203125,False
pZANjr6OJGY,howto,20,22.114797491776315,60.3642578125,43.20900364925987,73.7159916392544,201.21419270833331,False
plnnatStxfo,howto,20,24.312217310855264,40.792236328125,33.30208290501645,32.41628974780702,54.3896484375,False
ps7lSAG1nIg,howto,20,43.22397974917763,65.176513671875,51.14136384662829,5.0016343501364116,13.035302734375,False
qC2Kv0QcCEc,howto,20,20.05771998355263,38.282958984375,27.399321546052633,11.46155427631579,21.8759765625,False
qCiVuDkoJqM,howto,20,28.975765830592106,47.0439453125,39.02944464432566,27.595967457706767,44.8037574404762,False
qG5rG9SFAhI,howto,20,16.36561986019737,31.3125,24.85492650082237,9.092011033442981,17.395833333333325,False
qXqCOg_1tQ8,howto,20,32.717529296875,113.71484375,59.07650467722039,4.2587642201206135,22.064453125,False
qaC93ojYcGM,howto,20,40.95859888980263,88.7421875,54.62644813939145,4.735464301323534,12.208056640625,False
qkAAwgnkWEo,howto,20,35.10230777138158,135.34423828125,56.14767680921052,1.8656902233573458,10.238916015625,False
qwqsm5Z-ZQY,howto,20,18.015457956414473,46.30712890625,36.20984400699013,30.02576326069079,77.17854817708361,False
r1BToPcVLHo,howto,20,29.791542454769736,69.03759765625,40.19144351356908,3.5169977209720735,13.80751953125,False
rLLTDgmfaSc,howto,20,34.50246710526316,105.574462890625,42.566160824424344,4.058496049148001,21.114892578125,False
rbiEPUn74Ns,howto,20,57.85379831414474,110.96923828125,64.17221165707237,6.910232496846456,22.19384765625,False
rfFf0v0XpVk,howto,20,33.769132915296055,48.23193359375,34.40453844572368,4.101876968107866,9.64638671875,False
rjjjlJw2cgM,howto,20,47.95032380756579,116.224365234375,59.26383763363487,7.356280058892388,23.244873046875,False
rjkQibZhl84,howto,20,28.373458059210527,55.511474609375,41.97226177014802,28.373458059210527,55.511474609375,False
rwbho0CgEAE,howto,20,20.15625,139.053955078125,67.65022358141448,2.5472025606722566,27.810791015625,False
s7kDIa8Fwf0,howto,20,6.592619243421052,19.251708984375,11.371493369654605,6.592619243421052,19.251708984375,False
sKCAlDpDESk,howto,20,44.86550421463816,72.41943359375,61.30263671875,16.930378948920062,27.328088148584882,False
sMgxDNWVOb0,howto,20,54.25007709703947,96.152099609375,64.2666837993421,24.659125953199762,43.70549982244312,False
sTAiDki7AQA,howto,20,46.429841694078945,122.89892578125,55.55247609991776,6.159813028534223,24.57978515625,False
siJkBEk_LWo,howto,20,23.562949732730264,107.298828125,60.33711965460526,24.803104981821324,112.94613486842108,False
slcoBcz2Roc,howto,20,29.48763877467105,58.57958984375,39.143994140625,49.14606462445174,97.6326497395831,False
sq27j-MuIaA,howto,20,24.36923057154605,44.31787109375,34.647665244654604,44.30769194826555,80.57794744318178,False
t0tEzhYWjLg,howto,20,9.90771484375,14.0439453125,12.62027523643092,18.014026988636363,25.534446022727323,False
tBwWhJDKVwg,howto,20,54.434377569901315,109.11474609375,62.54069952713816,6.3939120420563365,17.81337890625,False
tDdfPMTX15Y,howto,20,43.519338507401315,72.72265625,56.68000745271382,5.031976333753164,14.54453125,False
tv8uR6iL4P4,howto,20,16.37293122944079,63.4345703125,46.80029039884868,27.288218715734658,105.72428385416673,False
u3J4JBI6KnE,howto,20,26.488975123355264,47.4296875,31.85839715254934,12.040443237888757,21.558948863636367,False
u6pmb-myRKc,howto,20,17.81384919819079,63.02978515625,42.51611842105263,1.493297540684979,12.60595703125,False
uACmIrfRSQM,howto,20,24.725290398848685,54.604736328125,43.01024876644737,49.45058079769737,109.20947265625,False
ud41B1oRs3c,howto,20,26.40317896792763,38.3876953125,30.160697214226975,3.508450870611713,7.6775390625,False
uf8nV_tVSKM,howto,20,31.164846319901315,70.36328125,50.45564992804276,15.582423159950658,35.181640625,False
ukWU7byXamM,howto,20,29.06346371299342,114.226806640625,44.14151547080592,24.21955309416118,95.18900553385416,False
vHUHEOrRar4,howto,20,39.163137335526315,50.708251953125,43.254048879523026,13.275639774754683,17.189237950211865,False
vItcjc8nJ9o,howto,20,42.48771587171053,63.747802734375,47.263429019325656,4.047742899883972,9.050341796875,False
vUSWfeY7xAs,howto,20,52.775544819078945,129.217529296875,61.88401135896382,5.556866950268241,25.843505859375,False
vfKwjT5-86k,howto,20,28.518991570723685,58.79541015625,45.93879780016447,10.185354132401313,20.998360770089267,False
vqedBqYYos0,howto,20,27.38855622944079,36.82958984375,31.577388723273025,11.411898428933664,15.345662434895887,False
vvkHASSNqnU,howto,20,36.05680766858553,90.76025390625,53.69505550986842,25.754862620418237,64.8287527901786,False
w1ZVNjOIstQ,howto,20,25.63706568667763,60.642822265625,29.048806280838814,19.720819758982792,46.64832481971155,False
w9fKU41xnTA,howto,20,10.625244140625,22.556396484375,18.07567716899671,11.18446751644737,23.743575246710545,False
wAKZjllBB0w,howto,20,23.669228001644736,77.53955078125,47.043769274259866,39.44871333607457,129.23258463541654,False
wTw_k7bIfEU,howto,20,69.49835526315789,95.442138671875,74.86334421258223,46.33223684210526,63.628092447916664,False
wa6KWu9M8qQ,howto,20,58.7045255962171,137.035888671875,61.93877338610197,7.699711409959264,27.407177734375,False
xJk5EjEoKn4,howto,20,21.606753700657894,36.14794921875,26.36254368832237,19.642503364234454,32.86177201704545,False
xQXcMabybxE,howto,20,41.27491519325658,66.059326171875,58.4236328125,48.55872375677245,77.71685431985281,False
xTioUxmAwGU,howto,20,8.100354646381579,26.465087890625,17.013364771792762,18.000788103070168,58.81130642361097,False
xzZUeO8L6jI,howto,20,24.454769736842106,58.555419921875,33.26478335731908,1.978493216417896,8.657275390625,False
y0mfNWKBQp0,howto,20,8.089920847039474,19.58056640625,11.097850277549343,0.9968357072814537,3.425927734375,False
y6gsjckd_5I,howto,20,44.759431537828945,83.587890625,60.738954564144734,5.38835874601443,16.717578125,False
yH-2KCwB2NY,howto,20,19.30604954769737,65.1142578125,43.4732666015625,6.544423575490635,22.072629766949184,False
yHja3luffz8,howto,20,58.7188142475329,84.251953125,63.594428453947366,19.572938082510962,28.083984375,False
yIXuG_EoBL4,howto,20,34.88634611430921,129.234130859375,57.816263620476974,19.381303396838447,71.79673936631941,False
ydfyM48MtsY,howto,20,69.72246350740132,127.26123046875,65.14692511307565,7.551359481143731,20.290625,False
yhuGNIZ7v2A,howto,20,24.571533203125,53.93310546875,37.05144171463816,32.762044270833336,71.91080729166667,False
yxrOfZvQZ4U,howto,20,18.55188630756579,46.338623046875,32.83494423314145,17.66846315006266,44.13202194940473,False
yz99mrWlGc4,howto,20,41.55782277960526,91.344970703125,62.3493408203125,4.695684806424193,18.268994140625,False
z1VbL8YHkRI,howto,20,14.881578947368421,37.6279296875,27.58679713199013,11.447368421052628,28.944561298076906,False
zIe2_HfRTkI,howto,20,39.16257195723684,74.1396484375,55.144515830592105,41.22375995498615,78.04173519736841,False
zVb0ge-M_zM,howto,20,38.003263774671055,80.326171875,42.59197419819079,5.9133155153508765,16.065234375,False
zWPJd1y9Vcs,howto,20,12.491300884046053,25.963134765625,20.358693976151315,4.307345132429674,8.952805091594854,False
zdfwRSJO8Qw,howto,20,46.99083830180921,76.578857421875,55.15139802631579,16.488013439231302,26.869774533991233,False
zlpFQRAYnOo,howto,20,36.63319798519737,56.370361328125,42.89141909950658,26.16656998942669,40.26454380580361,False
zpdMZK6LlDE,howto,20,70.60919510690789,167.9970703125,71.92022126850328,7.54193280033283,33.5994140625,False
zzfWqFdDCXM,howto,20,28.835898951480264,54.26513671875,42.66184339021382,16.47765654370301,31.008649553571427,False
-5XzwUqHIGQ,product_reviews,20,26.60008480674342,154.254638671875,60.72216282894737,16.121263519238436,93.48765980113637,False
-Bo1V7VXfOw,product_reviews,20,20.925267269736842,48.720703125,28.779357267680922,1.9722632086132843,5.680078125,False
-DBSL3jFd98,product_reviews,20,38.14689555921053,115.884521484375,54.65949964021382,2.770318770012316,12.672607421875,False
-Js2wmt_Kek,product_reviews,20,58.92610248766447,100.379150390625,76.98588738692435,39.28406832510965,66.91943359375,False
-Z_5FL8S_ME,product_reviews,20,39.78877981085526,83.268310546875,61.21821160567434,28.42055700775376,59.47736467633935,False
-a7hyYRPZ4g,product_reviews,20,37.41712068256579,139.54541015625,43.43008968955592,3.9964103794356642,14.57060546875,False
-eO06yKX9DQ,product_reviews,20,37.90979646381579,72.36181640625,47.579616827713814,5.164679030809038,14.47236328125,False
-g9PTJ9NYXw,product_reviews,20,50.27131733141447,74.697021484375,60.12093570106908,6.624221014566506,14.2103515625,False
-nGtPlzwvFw,product_reviews,20,52.61649362664474,134.178955078125,75.84932283100329,6.494984512855739,26.835791015625,False
-pu5fnqaTWs,product_reviews,20,36.09500925164474,148.1240234375,45.069112356085526,5.104743695071415,29.6248046875,False
-q5MNBliJA4,product_reviews,20,39.26527806332237,55.312744140625,36.577546772203945,4.460805162449745,10.768701171875,False
-v82ZS50OrM,product_reviews,20,54.028564453125,242.131591796875,71.49360865542764,6.71924272774609,48.426318359375,False
0AkGDosbGiA,product_reviews,20,25.13013980263158,51.367919921875,36.237810958059214,14.979927064947049,33.177734375,False
0_lxrKfxfsk,product_reviews,20,46.07997532894737,87.041259765625,54.127035361842104,5.173960543965193,11.691064453125,False
0ap9tC8iaGA,product_reviews,20,28.61754728618421,82.18212890625,31.256363075657895,2.564527436160114,9.672900390625,False
0aqoXzbwHBM,product_reviews,20,13.917005037006579,19.7021484375,17.972513620476974,5.922129802981524,8.383892952127667,False
0eoWPcd0-V0,product_reviews,20,46.87074681332237,69.68017578125,55.426576634457234,7.655244839110998,13.93603515625,False
0oodpAXhhlc,product_reviews,20,19.395289370888158,35.8544921875,31.792734888980263,10.77516076160453,19.919162326388843,False
0qzhvtcaPqY,product_reviews,20,6.860235916940789,14.58837890625,15.512762129934211,17.150589792351973,36.47094726562505,False
19PAY0Eha3Q,product_reviews,20,30.440969366776315,63.17724609375,40.57569001850329,18.4490723435008,38.289240056818215,False
1kIbvZypURM,product_reviews,20,39.4501953125,72.406982421875,55.039408151726974,25.45173891129032,46.71418220766127,False
1poWV0OLSMA,product_reviews,20,34.337248149671055,135.11865234375,54.59021895559211,5.086913351241665,27.02373046875,False
1sH_JQh9tkU,product_reviews,20,44.68385074013158,85.861572265625,58.18156866776316,3.8721437101472067,13.3841796875,False
1wrAT8jCmMs,product_reviews,20,43.73156095805921,80.832275390625,40.08042506167763,5.757776064001584,16.166455078125,False
21TT3PH_V-c,product_reviews,20,12.516383120888158,36.705078125,21.407290810032894,27.814184713084796,81.56684027777759,False
2PfkwxDO2uc,product_reviews,20,59.292236328125,84.317138671875,61.12162700452303,9.080683375983027,16.863427734375,False
2YQv_cB9I9k,product_reviews,20,51.587350945723685,77.609375,61.880963456003286,6.788132614002341,14.38046875,False
2n_If87cmK8,product_reviews,20,44.503225226151315,77.619140625,58.88123843544408,68.4665003479251,119.41406250000001,False
2qz6YldMduk,product_reviews,20,4.285490337171052,8.686767578125,4.381476151315789,5.71398711622807,11.582356770833334,True
2zWCAZNFgyA,product_reviews,20,62.11397512335526,116.51318359375,61.31434133429276,24.35842161700207,45.691444546568675,False
38ELvS_4y5w,product_reviews,20,52.78528474506579,86.364990234375,63.29137155633224,6.461833968274413,17.272998046875,False
3E93ZXLmneA,product_reviews,20,27.93399208470395,70.289794921875,34.535418379934214,2.837693599232456,14.057958984375,False
3FaFEDfRYr4,product_reviews,20,41.75533254523026,98.86376953125,68.82131219161184,4.631110948771957,15.76845703125,False
3FyU9p8VwmM,product_reviews,20,0.005653782894736842,0.018310546875,0.014410721628289474,0.02261513157894737,0.0732421875,True
3Inb39-fZA0,product_reviews,20,44.46854440789474,61.067138671875,57.143672902960525,22.23427220394737,30.5335693359375,False
3N5dsKGE84s,product_reviews,20,78.20122327302632,171.603515625,85.2117431640625,10.967247559730248,26.080810546875,False
3_ekNHOkDCg,product_reviews,20,45.54670795641447,80.548828125,55.00272409539474,29.384972875106115,51.96698588709678,False
3a-n8zWLIOc,product_reviews,20,15.905851665296053,33.10107421875,17.761326840049342,2.049391503467009,5.359716796875,False
3g19sLdwxUc,product_reviews,20,47.48765162417763,82.013671875,59.38050472861842,5.192134784824412,16.402734375,False
3rLlsbz37mo,product_reviews,20,44.34534333881579,62.175048828125,54.85958059210526,22.172671669407894,31.0875244140625,False
3xMLo-qFFJg,product_reviews,20,34.2888826069079,75.53955078125,57.774537417763156,2.6368314355716107,14.074267578125,False
4DtzTX_PXJo,product_reviews,20,22.019736842105264,82.859130859375,53.87649439761513,27.52467105263158,103.57391357421866,False
4_sars4ESB4,product_reviews,20,39.52629009046053,66.338134765625,45.675754266036186,6.173451381860099,13.267626953125,False
4ed0KeNxYRE,product_reviews,20,17.075709292763158,91.2021484375,24.516550164473685,2.57522740511433,18.2404296875,False
4jLz-YetTbk,product_reviews,20,64.81954152960526,105.965576171875,75.56221474095395,8.116755715654742,21.193115234375,False
4jRXNT_VR9c,product_reviews,20,50.76444284539474,82.639404296875,69.06071263363486,17.812085208910435,28.99628220942981,False
4ld4me5WcfA,product_reviews,20,13.66845703125,50.501220703125,16.693510999177633,1.5818830450800396,10.100244140625,False
564dSxCXMNU,product_reviews,20,64.96196546052632,128.4580078125,77.69979440789474,41.91094545840408,82.87613407258051,False
5H3AyCyGfqE,product_reviews,20,49.1396484375,64.166259765625,58.388151469983555,16.657507944915256,21.751274496822028,False
5MATukT41nI,product_reviews,20,22.279502467105264,72.240966796875,40.22782946134868,3.1612955327979586,14.448193359375,False
5QZs2l9AaGE,product_reviews,20,27.79905941611842,44.28466796875,34.89042711759868,12.929795077264382,20.597519985465116,False
5Qi3j3oUnZo,product_reviews,20,30.253726356907894,47.339111328125,35.91373226768092,14.757915296052632,23.09224942835361,False
62Nr9B2ed7E,product_reviews,20,67.2364566200658,115.287109375,82.78311060855263,49.80478268153021,85.3978587962962,False
62gOhxEi-t8,product_reviews,20,57.6143220600329,100.601318359375,74.55547388980263,7.408714076942799,20.120263671875,False
6HSi_GOuPT8,product_reviews,20,55.761076274671055,78.1904296875,56.29373972039474,7.235241387809612,15.052197265625,False
6I4npimuOvw,product_reviews,20,35.63134765625,104.41845703125,49.54813425164474,15.261765194448415,139.224609375,False
6JzE8JZcV6w,product_reviews,20,40.44239566200658,110.80126953125,63.41222502055921,29.957330120004872,82.07501446759251,False
6Nua_UpDd8o,product_reviews,20,58.36128957648026,74.48095703125,58.91259251644737,8.023702720622078,13.76162109375,False
6Uf4Elvh-9A,product_reviews,20,45.10805150082237,83.029541015625,60.017474043996714,6.280982261379479,15.858349609375,False
6ekIkOEaXtg,product_reviews,20,40.4974943462171,96.647216796875,53.43943128083882,31.15191872785931,74.34401292067324,False
6twxO2-zYyQ,product_reviews,20,51.86429636101974,90.7998046875,66.08197728207237,6.854272941991527,18.1599609375,False
72vYl6dNljw,product_reviews,20,30.32056949013158,66.645751953125,35.85112176192434,5.336716764557846,12.648046875,False
74yZTJSAz6g,product_reviews,20,45.19846062911184,137.865478515625,63.298824270148025,3.880541936010643,27.573095703125,False
76_7aI75YrM,product_reviews,20,6.840961657072368,80.983642578125,47.462645199424344,34.20480828536182,404.91821289062466,False
77lSnWdpWzs,product_reviews,20,46.722116570723685,99.33544921875,46.6165771484375,5.925524130673815,19.86708984375,False
78H3vkI0XKY,product_reviews,20,37.5952790912829,159.42138671875,63.33475534539474,4.864088476659458,31.88427734375,False
79O6Iim17kE,product_reviews,20,47.893259148848685,70.572021484375,58.029134971217104,6.09444384630367,13.362255859375,False
7RhyG-CxMWc,product_reviews,20,10.295255962171053,30.112060546875,14.388288959703948,0.9425138626907457,2.27724609375,False
7T6OUyBaZbY,product_reviews,20,45.771779913651315,83.58984375,47.99559775904605,8.557531095805922,16.71796875,False
7juA2INqvms,product_reviews,20,29.275853207236842,150.916748046875,34.720246967516445,4.6318814944559135,30.183349609375,False
7wVH0LqNCWE,product_reviews,20,39.0397306743421,61.73974609375,44.59230186060855,16.612651350783878,26.272232380319213,False
826L2i13SmM,product_reviews,20,18.38241416529605,37.205322265625,30.85198396381579,6.565147916177161,13.287615094866085,False
8KJ-h6tmb1g,product_reviews,20,56.6278654399671,101.422119140625,59.27154476768092,19.19588658981936,34.38037936970344,False
8Kh_xM8NFtA,product_reviews,20,26.9697265625,57.4716796875,31.17039216694079,9.463061951754387,20.165501644736857,False
8MtJye_iCTA,product_reviews,20,34.90748355263158,77.499755859375,51.71048262746711,14.24795247046187,31.632553411989804,False
8PBsHSSCbao,product_reviews,20,27.622841282894736,105.594482421875,43.223964329769736,4.011528599817958,21.118896484375,False
8ULFGmuS2_E,product_reviews,20,23.71810752467105,30.435546875,29.266117136101975,31.624143366228072,40.580729166666664,False
8ZphHLmWW2M,product_reviews,20,15.280067845394736,58.98583984375,42.90770199424342,30.560135690789473,117.9716796875,False
8eE6PPTt2II,product_reviews,20,53.214509662828945,72.041259765625,54.515171412417764,27.289492134784076,36.944235777243605,False
8iNXhvUtZ_0,product_reviews,20,42.59621710526316,126.98486328125,56.10405401932566,6.417920778508772,25.39697265625,False
8mHXvIcxA2s,product_reviews,20,31.131077816611842,61.76220703125,41.44244962993421,2.443380797410313,9.600439453125,False
8pPCMjqI_uw,product_reviews,20,23.10914370888158,98.653564453125,27.89252801192434,3.062300912506481,19.730712890625,False
9CDlGNMdeCg,product_reviews,20,41.79639956825658,70.47021484375,41.6993896484375,14.665403357283013,24.726391173245617,False
9KLcH3j70-A,product_reviews,20,41.86757298519737,108.4189453125,55.38271612870066,3.9848152533983323,21.6837890625,False
9RhIZWPBkks,product_reviews,20,50.75537109375,107.306640625,63.15661878083882,5.273112607197292,21.461328125,False
9fPjF6sZ3yA,product_reviews,20,48.94099506578947,71.535400390625,52.278441097861844,5.853147515169709,13.951611328125,False
9l1We0q9S2Q,product_reviews,20,16.89467259457237,71.275146484375,18.309754060444078,2.2826108505232257,14.255029296875,False
9sCHdklCYbY,product_reviews,20,15.564530222039474,55.61572265625,19.647852847450658,1.847442045473756,11.12314453125,False
AEJ8LNMseu4,product_reviews,20,53.69398900082237,91.7578125,61.98273540296053,6.784637223791854,18.3515625,False
ALlujfga9BU,product_reviews,20,16.751220703125,96.75048828125,32.80803608141447,1.5003169817173427,9.03662109375,False
AQcs_q9twPs,product_reviews,20,29.202418277138158,61.986572265625,32.68295255962171,2.7473949464597816,11.3908203125,False
ASBINuwgE0s,product_reviews,20,26.497520045230264,57.881103515625,31.01076146175987,2.77838238859423,11.576220703125,False
ASPePQXe01Q,product_reviews,20,65.62429327713816,124.3203125,76.6690519634046,5.969133437820293,15.067578125,False
AY_fAk5brUc,product_reviews,20,65.34389134457237,138.09375,67.49694310238486,8.73187421522158,27.61875,False
AgX1BgZ1TTM,product_reviews,20,46.25244140625,78.445556640625,67.064453125,5.79303934561889,15.689111328125,False
AjbDC6B-B5M,product_reviews,20,48.128019634046055,68.208251953125,58.248697060032896,4.767916261136082,13.641650390625,False
BCTA9FwuRQk,product_reviews,20,43.77968236019737,111.50146484375,55.01322471217105,5.34174492082752,22.30029296875,False
BNHBqH2T9V0,product_reviews,20,37.89909282483553,81.555908203125,44.82511821546053,3.8944171789639124,16.311181640625,False
BakI-vwnwMY,product_reviews,20,9.827174136513158,54.567138671875,28.36234709087171,7.2793882492690045,40.42010271990742,False
BeTqpvIlaj4,product_reviews,20,29.86633943256579,137.3720703125,37.74397358141447,3.0937031493839515,17.4279296875,False
BewkhuqUZXg,product_reviews,20,46.65907689144737,77.652099609375,55.08997738486842,15.553025630482457,25.884033203125,False
Bmv_K9OkooE,product_reviews,20,61.36732884457237,85.962890625,68.93289088199013,10.540192742598684,16.856201171875,False
Bw8oB53Qgpc,product_reviews,20,30.648874383223685,66.67236328125,45.572927374588815,3.582398013921711,10.50234375,False
CBA180rpNgo,product_reviews,20,44.0039704975329,73.2568359375,61.418130653782896,15.173782930183757,25.26097790948274,False
D-TvHupeG6Y,product_reviews,20,22.148373252467106,121.958984375,27.890654553865133,2.955681458575755,24.391796875,False
D3-d3RWnMes,product_reviews,20,27.130550986842106,136.93896484375,65.0431306537829,27.130550986842106,136.93896484375,False
DOtRmsn7ttg,product_reviews,20,50.367727179276315,102.769287109375,51.95554970189145,6.512403197864934,20.553857421875,False
Dw7fETl0uXU,product_reviews,20,59.814992804276315,109.590576171875,68.75223452919408,11.055969958632376,20.1904296875,False
DxOAKTIWtos,product_reviews,20,18.21059056332237,53.064453125,36.25635022615132,20.233989514802637,58.960503472222314,False
E3gLGfM2IPM,product_reviews,20,13.224429481907896,28.723876953125,17.56818333675987,1.9304068807415273,5.744775390625,False
EEaJDQKBSLo,product_reviews,20,35.92249177631579,101.23291015625,49.390798468338815,2.117894937864238,9.2037109375,False
ERq0zGQUoAU,product_reviews,20,24.072998046875,83.0947265625,25.09888980263158,3.0569802802905706,6.105078125,False
EYFQ9bzNTbA,product_reviews,20,23.78506630345395,46.708740234375,31.56673519736842,2.922533192775268,9.341748046875,False
EZTUmxuev-c,product_reviews,20,24.56919459292763,38.76708984375,27.829424085115132,2.3882248926499265,5.639013671875,False
Ehc6fxkzfzw,product_reviews,20,47.45739103618421,95.7001953125,61.19863666735198,11.560002912554824,19.1400390625,False
EhyTi2wZuls,product_reviews,20,33.127634148848685,60.474609375,52.828220086348686,33.127634148848685,60.474609375,False
EnNf4MuEgWQ,product_reviews,20,40.89634303042763,95.009765625,53.7703369140625,3.1935890316812583,9.96669921875,False
EuIGcdeKNf8,product_reviews,20,36.65377004523026,55.341064453125,48.09344546669408,20.36320558068348,30.745035807291686,False
FTQHepbiq9c,product_reviews,20,43.10142115542763,116.6416015625,82.82415450246711,57.46856154057017,155.52213541666666,False
F_loMX8aLSU,product_reviews,20,41.111032586348685,139.4677734375,79.38385331003289,20.612887161219966,102.7412109375,False
FsRRzOcAfwA,product_reviews,20,66.61054430509868,131.930419921875,78.3864412006579,7.288558695441784,26.386083984375,False
G8WQ8124DCg,product_reviews,20,50.10868112664474,102.06591796875,57.844828073601974,24.44325908616816,49.78825266768291,False
GJF18aOvDnw,product_reviews,20,42.89180715460526,78.100830078125,50.314149876644734,18.898561058355664,89.25809151785714,False
GPgykbO08e8,product_reviews,20,24.197060032894736,49.718994140625,30.643263003700657,2.942420243454058,9.943798828125,False
GUku5D4gVjc,product_reviews,20,56.211579975328945,180.249755859375,61.28370811060855,8.32696961573152,36.049951171875,False
GgaF9IJK7zk,product_reviews,20,31.04480622944079,99.532958984375,38.01336605674342,3.7076449565852556,8.057861328125,False
GhSFn21Gemk,product_reviews,20,31.04737613075658,153.488525390625,37.381956722861844,4.003966507972361,30.697705078125,False
HD-u3S3slyM,product_reviews,20,51.41895816200658,71.32080078125,56.59032689144737,5.906602166652239,13.610791015625,False
HT1F-K3GpKU,product_reviews,20,58.341886821546055,104.197509765625,71.48214689555921,6.214551845723504,18.941650390625,False
HTjnklQeFp0,product_reviews,20,7.9045153166118425,19.078125,12.267808131167763,7.528109825344612,18.16964285714286,False
HUJDnW5HWx4,product_reviews,20,32.66086297286184,70.26318359375,51.04015856291118,18.663350270206767,40.150390625,False
HYbDcOBTQ0s,product_reviews,20,31.664512232730264,72.55078125,34.194212582236844,4.399472525177073,14.51015625,False
HgTnp-fvj3c,product_reviews,20,16.442909642269736,95.6708984375,26.255588250411183,1.711583746152704,19.1341796875,False
HlthXTj-Uto,product_reviews,20,49.28356291118421,78.201171875,57.733303351151314,5.969199333161195,15.640234375,False
HtbFoXJs0Xc,product_reviews,20,49.041593852796055,70.72900390625,58.661928196957234,18.50626183124379,26.69019015330183,False
I7VxQiiBzng,product_reviews,20,30.330784847861842,54.497314453125,42.07371376439145,14.443230879934214,25.95110212053572,False
IBf2dGzM_ig,product_reviews,20,35.60756321957237,69.3056640625,52.7015625,29.672969349643644,57.754720052083364,False
ID10ZTXhFU4,product_reviews,20,88.5140445106908,207.65087890625,85.22023411800987,32.80913350376621,134.8134765625,False
IGtlBRibnFE,product_reviews,20,62.53523334703947,94.67822265625,68.29105417351974,21.942187139312097,33.22042900219298,False
IQj8vz6LP9s,product_reviews,20,34.85414525082237,74.53369140625,48.391846988075656,18.344286974117036,39.228258634868425,False
I_cXoZbGoBs,product_reviews,20,40.49097964638158,90.807861328125,55.54158999794408,3.2560429326307965,12.838427734375,False
IlVJximaSqc,product_reviews,20,10.730520148026315,29.0107421875,17.21628546463816,1.1952351805532389,5.8021484375,False
JMacmtvFXbc,product_reviews,20,48.00060392680921,75.8505859375,63.50403603001645,6.40346251370614,15.1701171875,False
Jd28jQ8aZwA,product_reviews,20,8.988589638157896,26.326416015625,13.395273951480263,1.1611889847068724,5.265283203125,False
JdXPQXXSFSw,product_reviews,20,26.929867393092106,43.19189453125,35.28182180304276,11.96882995248538,19.196397569444443,False
JiFpwFG6P6c,product_reviews,20,44.54957339638158,65.84228515625,60.5822265625,42.428165139411036,62.706938244047684,False
Jnxg4rxp7xM,product_reviews,20,52.90397563733553,121.1650390625,59.26737510279605,9.169011605423224,17.95037615740741,False
JpLxrojhEgg,product_reviews,20,42.40919253700658,75.700439453125,59.77280530427632,15.421524558911484,27.52743252840909,False
KL_p70RtzVI,product_reviews,20,45.55861944901316,140.792724609375,64.86628032483553,4.908400255707863,28.158544921875,False
KtoFAXAtT_s,product_reviews,20,18.01473838404605,89.414306640625,27.938362201891447,2.4951513721291123,17.882861328125,False
KwENEk-0YuI,product_reviews,20,28.111752158717106,122.810791015625,49.12295307360198,3.1007170080793576,24.562158203125,False
L3KRFJ4K1KM,product_reviews,20,36.94040398848684,77.78076171875,51.02296849300987,5.157180995101224,15.55615234375,False
LXN-h20Wz3w,product_reviews,20,40.27706106085526,66.06787109375,51.77432540090461,4.473874347137783,13.21357421875,False
MC4QCJdOGCs,product_reviews,20,44.59779759457237,70.878662109375,45.877334755345395,5.324609021747444,14.175732421875,False
MUfAq0Q6Rnw,product_reviews,20,52.10770456414474,74.82958984375,57.92078150699013,6.497687020573942,14.96591796875,False
MZM31jp3umA,product_reviews,20,58.74546412417763,94.46630859375,71.43433388157895,8.389026758759517,18.89326171875,False
Mi95_070CcI,product_reviews,20,54.20322779605263,79.57568359375,66.10514494243421,7.453102774700817,15.91513671875,False
MjI-Fk4QQ-Y,product_reviews,20,53.6381193462171,72.0859375,58.69957082648026,13.47192658247748,19.933084239130434,False
Ms1mZnuuGV4,product_reviews,20,64.4781558388158,109.04443359375,74.15371222245066,9.170208570064762,14.87646484375,False
N8hdE1EVfjk,product_reviews,20,51.37296977796053,88.346435546875,56.74533048930921,35.42963432962794,60.92857623922413,False
NGBXHpJ1HI0,product_reviews,20,25.880101254111842,45.06103515625,29.302063630756578,3.2910164251524243,8.68798828125,False
NQKpWc3kX3w,product_reviews,20,35.22838712993421,62.306396484375,55.41999126233553,20.722580664667188,36.65082146139715,False
NTD5nW_5wFU,product_reviews,20,20.44813939144737,42.72216796875,28.777842310855263,31.4586759868421,65.72641225961534,False
NVcvN1lCTxQ,product_reviews,20,50.42638517680921,124.10791015625,69.90855905633224,7.513928263977856,24.82158203125,False
NeBsQaq7m8k,product_reviews,20,36.16019479851974,109.13232421875,43.61875,4.825025548821199,21.82646484375,False
NffJNKtNlC4,product_reviews,20,25.49496299342105,46.30224609375,30.771898129111843,50.9899259868421,92.6044921875,False
NgfOHTylQxM,product_reviews,20,17.809274773848685,72.878173828125,46.405942896792766,1.8164128494454592,5.9017578125,False
NlNH8R9ObkI,product_reviews,20,42.62692742598684,93.360595703125,54.84346345600329,4.638952757154309,18.672119140625,False
NpWTdpNhgLY,product_reviews,20,32.84127004523026,158.053955078125,50.93253752055921,5.382591781894967,31.610791015625,False
NszRMQZ30nU,product_reviews,20,45.117971319901315,57.718994140625,52.51826043379934,15.039323773300438,19.239664713541668,False
NwjcyebUgts,product_reviews,20,12.5244140625,23.8232421875,18.05186189350329,1.976621228446862,4.286279296875,False
O4XR9D-lomw,product_reviews,20,28.827585320723685,71.911865234375,47.76634714226974,3.8106804600801647,11.69794921875,False
O8NqHt6SIUA,product_reviews,20,36.60145970394737,89.919677734375,41.598731753700655,5.572918606125083,17.983935546875,False
OapKtCx-e_k,product_reviews,20,39.90060906661184,98.958251953125,46.27247250205592,2.8179994937167687,14.087109375,False
PAhbNy3NIAM,product_reviews,20,25.894222861842106,48.372314453125,34.81503777754934,17.26281524122807,32.248209635416664,False
PWDllzSZU-w,product_reviews,20,31.38828638980263,51.674560546875,42.85160618832237,2.507035774679611,9.311572265625,False
P_iSmFeizDE,product_reviews,20,54.99951171875,124.14501953125,65.0578703227796,18.333170572916668,41.381673177083336,False
Pn-wwHCh_s4,product_reviews,20,51.495901007401315,91.187255859375,54.50178094161184,9.24058149164271,16.032924107142858,False
Pnko_hQAhxA,product_reviews,20,24.632761101973685,62.807373046875,40.87703150699013,3.7040517061092095,12.561474609375,False
Puefs1URTr4,product_reviews,20,16.430150082236842,70.28125,25.02869294819079,14.936500074760763,63.892045454545475,False
QPtmbkm2RbU,product_reviews,20,45.30320980674342,102.6806640625,49.782471988075656,18.121283922697366,41.07226562499994,False
QW74P3S_TLQ,product_reviews,20,8.317074424342104,21.20556640625,17.7301513671875,41.585372121710535,106.0278320312499,False
QWCnM2V4GX0,product_reviews,20,60.21579461348684,159.9541015625,69.83414113898026,5.543155935966593,31.9908203125,False
QehOKD42L-E,product_reviews,20,38.41654245476974,51.9775390625,43.27402857730263,15.366616981907892,20.791015625,False
QsR8-D0fDRY,product_reviews,20,40.327726665296055,155.2060546875,43.29242007606908,4.657626235137598,31.0412109375,False
Qvbexlsj4jY,product_reviews,20,31.990285773026315,154.043212890625,37.92989566200658,4.427427079730962,30.808642578125,False
R1DL9r-AcxI,product_reviews,20,34.67348118832237,55.61474609375,43.41426038240132,53.34381721280366,85.56114783653854,False
R64JEmdqMr4,product_reviews,20,32.48148386101974,63.91796875,35.499452611019734,10.827161287006579,21.305989583333332,False
RHN0Czk3V4o,product_reviews,20,30.18173057154605,55.5302734375,32.61207339638158,3.0452956443459667,11.1060546875,False
RMEEKF1yMeE,product_reviews,20,23.05529142680921,86.263427734375,30.629771021792763,2.681581346624697,17.252685546875,False
RN4WjYOrS4M,product_reviews,20,57.34300472861842,94.676025390625,69.21415758634869,6.085108333118032,18.935205078125,False
RRO-1rVJg8s,product_reviews,20,30.784873560855264,83.3564453125,33.12348889802632,14.553672674524854,36.53515625,False
RW-bT7fmNik,product_reviews,20,41.60609837582237,97.58056640625,55.205079409950656,14.10376216129572,33.07815810381361,False
RhFmNY43W0c,product_reviews,20,63.40750925164474,109.05029296875,66.79080103824013,7.4205878122365885,21.81005859375,False
Ro6ooC4Z3Dk,product_reviews,20,49.06783254523026,75.969482421875,53.05199038856908,7.232129503739628,15.193896484375,False
RshMV8P0tco,product_reviews,20,29.814697265625,82.642578125,39.86514956825658,3.3609264824716716,16.528515625,False
Rxd7UwYevnY,product_reviews,20,17.55897923519737,67.059326171875,32.54735814144737,0.6959661337646408,9.23798828125,False
RzDr5mDijhU,product_reviews,20,18.174599095394736,57.0380859375,34.64554122121711,2.575516871402138,5.342138671875,False
S5FMN8p9Mws,product_reviews,20,46.88942999588816,87.5263671875,61.091398540296055,5.034032371012048,17.5052734375,False
S6FBAfBt9JU,product_reviews,20,48.21457391036184,105.311279296875,63.253328022203945,7.109802163966551,21.062255859375,False
SEf-gQpDHOY,product_reviews,20,47.45473118832237,70.39306640625,52.28926166735197,7.872906903706901,14.07861328125,False
SGmcgSv1Gy8,product_reviews,20,22.962852076480264,97.51806640625,27.611592824835526,3.6805079540219077,19.50361328125,False
SKHcp6epCaI,product_reviews,20,47.55967310855263,62.60400390625,52.08497250205592,6.540386003664863,12.52080078125,False
SMFedIovZkA,product_reviews,20,28.909912109375,58.0576171875,42.99099635074013,30.43148643092105,61.113281250000014,False
SiD6MvnlydU,product_reviews,20,38.930908203125,74.047119140625,44.11492341694079,43.256564670138886,82.27457682291663,False
SlRJ7ankqOU,product_reviews,20,34.83876439144737,81.6103515625,57.46924342105263,3.9658498483201194,16.3220703125,False
Sm2rCby_Oas,product_reviews,20,33.160207648026315,101.331298828125,47.69044125205592,4.3615781843432675,20.266259765625,False
T-FZGK66DWk,product_reviews,20,61.4191252055921,91.350341796875,66.07071340460526,22.747824150219298,33.833459924768505,False
T5IpoY1kNmk,product_reviews,20,48.16843133223684,234.971435546875,67.50462196751644,9.633686266447368,46.994287109375,False
TDGUBZaJpN4,product_reviews,20,31.829564144736842,82.6923828125,47.18250668174342,3.254263825841422,16.5384765625,False
TLJNhwM5emc,product_reviews,20,20.251786081414473,115.62109375,19.487841796875,3.3295024701544693,23.12421875,False
TfCEtn6RIZI,product_reviews,20,37.5266755756579,62.0107421875,42.3270841899671,4.479283471320881,10.389208984375,False
TheLKaydm6Q,product_reviews,20,66.58749229029605,104.801025390625,70.1116853412829,9.789266866586136,20.960205078125,False
TkRzFjVgQQI,product_reviews,20,66.56509560032895,93.7099609375,74.30604826274671,39.155938588428796,55.12350643382344,False
TksBi40Vks4,product_reviews,20,24.15528628700658,50.28955078125,38.06376824629934,2.1403408402866604,7.42802734375,False
TvmYngoL8RQ,product_reviews,20,27.853952508223685,120.300048828125,40.66928068462171,3.5058076332995878,24.060009765625,False
U7vjEzNnGQQ,product_reviews,20,36.674856085526315,89.0703125,69.949755859375,6.0463101412919515,17.8140625,False
UFaNif_NqXA,product_reviews,20,34.47324732730263,68.670166015625,54.62165784333882,43.09155915912829,85.83770751953118,False
UFnTi0jOQ-8,product_reviews,20,51.26710269325658,113.0341796875,73.96574578536185,5.016281908014505,20.013916015625,False
UGokvXbgj6c,product_reviews,20,42.392141241776315,72.44482421875,45.9336579975329,4.538025815987976,11.555615234375,False
UItwq43it8o,product_reviews,20,33.06066252055921,46.2626953125,43.974103104440786,11.600232463354109,16.232524671052623,False
UN0kG4g_eZE,product_reviews,20,34.379304584703945,76.52099609375,59.09333881578947,3.2970534960457845,14.391015625,False
UaMPOM1duws,product_reviews,20,48.35474917763158,82.755859375,62.936613384046055,12.682089127949228,31.526041666666668,False
UqWbBHXqkQ4,product_reviews,20,10.673609683388158,51.074462890625,28.369978412828946,16.420937974443333,78.57609675480786,False
UqmFKoIHqFg,product_reviews,20,41.40087890625,91.745361328125,51.62040887129934,5.86976449773969,18.349072265625,False
V-i9brwsMw4,product_reviews,20,24.01783511513158,178.39599609375,34.99037314967105,1.6776833635154507,3.951171875,False
V300qezbpKA,product_reviews,20,70.44063527960526,89.8544921875,70.75989925986842,14.236452013261191,18.431690705128204,False
V6ob7elRGb4,product_reviews,20,31.38150185032895,53.498291015625,33.47742984169408,5.303998618183831,10.699658203125,False
V6ydzItgxg8,product_reviews,20,34.792570415296055,76.787353515625,40.56966873972039,28.99380867941338,63.98946126302087,False
VCHhrJSdYDQ,product_reviews,20,47.58353464226974,63.0712890625,51.37528654399671,6.6569110154645745,11.53857421875,False
VCdw6390I5s,product_reviews,20,43.66970343338816,80.207275390625,48.97147152549342,4.5583067960670265,9.247314453125,False
VFiHSfpK8zU,product_reviews,20,59.54443359375,89.229248046875,66.49981239720395,9.044820283707375,14.499853515625,False
VXihJlM1GYk,product_reviews,20,38.54027035361842,105.989013671875,54.643359375,4.434836727078072,21.197802734375,False
V_MloFu6lTA,product_reviews,20,51.63953279194079,81.53076171875,51.68701428865132,17.213177597313596,27.176920572916668,False
Vc0et_KGQzo,product_reviews,20,26.823190789473685,44.7998046875,36.29941663240132,31.556695046439632,52.70565257352954,False
ViuUmJfZcB8,product_reviews,20,30.210179379111842,71.55615234375,41.21446725945724,3.1273746585260525,14.31123046875,False
WOwMA5VAe1k,product_reviews,20,73.13357062088816,153.880615234375,71.00881861636513,9.576672963663256,30.776123046875,False
WUy_lSG3Bcc,product_reviews,20,61.758493523848685,122.429443359375,76.13600303248356,58.8176128798559,116.59946986607135,False
WXggcRHXYAU,product_reviews,20,48.66127415707237,84.9814453125,53.9341462787829,17.69500878438995,30.90234375,False
WYwb9RCTWSo,product_reviews,20,61.79073293585526,155.652587890625,63.91602333470395,9.978808320513366,31.130517578125,False
WcPiy-_iG10,product_reviews,20,66.66294459292763,104.344482421875,77.76403680098684,7.441646483937171,19.49365234375,False
WdMcf09oA2k,product_reviews,20,26.33191560444079,55.27099609375,35.823762592516445,3.9206137722707943,8.7048828125,False
Wkx_MtkP6WE,product_reviews,20,0.27396432976973684,0.6318359375,0.3946044921875,0.03745675258654534,0.102099609375,True
WoPBi7quRjc,product_reviews,20,31.291208367598685,53.45458984375,33.40377004523026,3.515153537535535,6.729052734375,False
XFrNuagQJWQ,product_reviews,20,57.75111790707237,135.329833984375,68.80292069284539,9.68074195027834,16.655979567307693,False
XKlAVXWk0vE,product_reviews,20,42.90279348273026,73.566650390625,48.35242727179276,3.7556662194900294,14.03603515625,False
XQWrh0KPLmU,product_reviews,20,31.485518606085527,75.1357421875,48.43314401726974,20.31323781037776,48.47467237903225,False
XSfb_GMTdD8,product_reviews,20,38.86003032483553,54.5595703125,41.23848812705592,4.685951755422947,10.9119140625,False
XYeDo988WGc,product_reviews,20,26.385228207236842,43.4365234375,33.06025647615132,37.69318315319549,62.052176339285715,False
XhocUNrn2OA,product_reviews,20,46.91710783305921,81.45361328125,59.97346448396382,15.904104350189563,27.61139433262716,False
XuIRjtv8KNU,product_reviews,20,18.26220703125,98.569580078125,23.081037983141446,2.7045751324100307,7.439213590801887,False
Xv4vKNhhA5g,product_reviews,20,59.012258429276315,124.016845703125,59.54116853412829,19.670752809758774,41.338948567708336,False
Xx90saouZtg,product_reviews,20,34.029052734375,60.364013671875,43.33421952097039,34.029052734375,60.364013671875,False
XxODxALYV8o,product_reviews,20,31.065108449835527,119.837158203125,54.573265316611845,2.758118450213153,23.967431640625,False
YFq5rgmrQ8s,product_reviews,20,15.009662828947368,101.773681640625,27.18230494449013,8.829213428792565,59.86687155330873,False
YL0hGbnJ6-0,product_reviews,20,44.83972810444079,62.30859375,49.94501953125,26.376310649671055,36.65211397058825,False
YsMVfAd_svU,product_reviews,20,45.85933645148026,89.417724609375,75.00258146587171,4.003971204517472,15.725537109375,False
YxjDM2a44SQ,product_reviews,20,27.564491673519736,71.971923828125,54.25365054481908,3.521024795334558,13.95087890625,False
YzWbvXa8MHQ,product_reviews,20,47.346242804276315,85.13037109375,58.04909410978618,4.955441820414822,15.25166015625,False
ZIX1JLa853o,product_reviews,20,52.71634714226974,122.6328125,58.852760074013155,9.753078831358932,19.451513671875,False
ZKsrhUGAvhA,product_reviews,20,20.06996556332237,66.94384765625,25.55463224712171,1.5664485962012082,8.741064453125,False
ZP0nyFmoKx0,product_reviews,20,12.769929584703947,25.691162109375,20.53841488486842,21.28321597450658,42.81860351562499,False
ZPInAByPSJs,product_reviews,20,66.69036543996711,150.8603515625,84.22816740337171,9.423444947643878,30.1720703125,False
ZRxncrcuN9g,product_reviews,20,17.69980982730263,99.99755859375,29.235142115542764,2.766473304928539,19.99951171875,False
Z_m1geTvqTI,product_reviews,20,22.26962119654605,44.6005859375,24.90354132401316,2.0582431007682502,5.585107421875,False
ZtSugZrDQZI,product_reviews,20,31.406211451480264,54.240478515625,49.588560084292766,3.817856730530042,9.862353515625,False
Zta5VnPFLnc,product_reviews,20,16.960282175164473,77.74267578125,32.38097373560855,2.675355942946362,15.54853515625,False
Zw3f8ms16fY,product_reviews,20,44.86131527549342,75.49462890625,51.727578895970396,5.105369653737743,12.200830078125,False
_86eqsi21Vc,product_reviews,20,47.38737407483553,68.693603515625,55.48916529605263,5.659278750483989,12.352685546875,False
_KG0wBcGeF0,product_reviews,20,69.60809004934211,205.263427734375,78.41314119037828,37.62599462126601,110.95320418074324,False
_OqM0kQY19Q,product_reviews,20,52.366300884046055,97.339111328125,56.15829178659539,6.959410497458361,19.181298828125,False
_Zs9OzyKrhQ,product_reviews,20,37.7920564350329,98.130859375,48.91063810649671,3.613226494528117,19.34873046875,False
_fCtAkWhbwo,product_reviews,20,45.5949064555921,104.740234375,60.89649079975329,4.1988329447346935,14.02080078125,False
_nLDWTU1mY0,product_reviews,20,21.17567845394737,58.858642578125,27.825675884046053,1.7695039473783871,3.98740234375,False
_vfMa0gETpU,product_reviews,20,37.3468595805921,69.3251953125,44.16942459909539,2.547796672321862,12.14462890625,False
a76PxbGQfZ4,product_reviews,20,45.07857473273026,64.662841796875,47.87678993626645,7.026940134163884,11.879150390625,False
aHb0rIPZ5ak,product_reviews,20,49.14949115953947,84.02001953125,62.33397281044408,17.553389699835524,30.00714983258924,False
aM6UEQslMYE,product_reviews,20,37.5215486225329,64.19677734375,44.81743549547697,5.042604122643262,12.83935546875,False
a_z1qyixlQ0,product_reviews,20,31.723208778782894,90.235107421875,34.9587158203125,3.8398785608419432,18.047021484375,False
aq-zsHj4eP0,product_reviews,20,8.008699115953947,19.7724609375,20.75425447162829,20.02174778988487,49.431152343750064,False
axW4mz9s4TE,product_reviews,20,28.802451685855264,76.181640625,38.534341591282896,3.8248943853249386,15.236328125,False
ay70uCYEoxE,product_reviews,20,42.34309467516447,61.85009765625,49.89668354235197,30.24506762511748,44.1786411830357,False
b3ov-vZr6XU,product_reviews,20,34.47142269736842,56.048095703125,42.052977230674344,29.975150171624716,48.73747452445652,False
bAriYRHoZfc,product_reviews,20,18.80453330592105,66.847900390625,19.789323344983554,2.0829176804202674,13.369580078125,False
bOV6Fi-WjM4,product_reviews,20,28.121402138157894,159.304443359375,59.79996916118421,3.7383114943183977,31.860888671875,False
bPnR4I6BEvo,product_reviews,20,42.513479132401315,71.53564453125,55.637349660773026,5.338937107532158,11.800732421875,False
bnqb8PmRUek,product_reviews,20,39.347463507401315,47.905029296875,45.57038959703947,5.067573352326128,9.581005859375,False
c8OWWgKmKoE,product_reviews,20,47.84581877055921,139.461181640625,48.65457056949013,6.987048642699455,27.892236328125,False
c9i8Gug71f4,product_reviews,20,49.18161492598684,98.037353515625,56.28936317845395,9.272931387370978,19.607470703125,False
cMYkAmbY5lw,product_reviews,20,42.58754368832237,56.40478515625,45.81944644325658,6.223876983859108,11.28095703125,False
cjCHL7LMBZQ,product_reviews,20,21.77113743832237,173.318603515625,39.67913882606908,2.9860194253389154,34.663720703125,False
cwtioC2m0Rk,product_reviews,20,38.39802631578947,48.12548828125,43.28155453330592,5.688062802874532,9.469677734375,False
d2_clGa3J7E,product_reviews,20,29.11191920230263,72.89697265625,35.19726819490132,4.069036347968134,14.57939453125,False
dAG-xdu4zG0,product_reviews,20,33.00247995476974,57.679931640625,42.89335295024671,44.00330660635965,76.90657552083333,False
dSvGGvZI1fE,product_reviews,20,58.132375616776315,102.822998046875,59.560282175164474,8.095064076206139,13.292041015625,False
dyeXV9pSDBY,product_reviews,20,48.15549187911184,135.35693359375,59.239237253289474,7.246202865142928,27.07138671875,False
eFeDVjPjUTE,product_reviews,20,42.147897820723685,120.866455078125,80.97255730879934,4.150962467551452,18.221044921875,False
eITx_Oeb1b0,product_reviews,20,37.73156095805921,94.58203125,48.73556614925987,3.694019362578734,18.91640625,False
eMHWpUJVIq8,product_reviews,20,83.83980520148026,125.036865234375,82.16117778577302,11.025838376350872,25.007373046875,False
eYGrMpYpMC4,product_reviews,20,55.602140727796055,147.5615234375,65.32388723273026,7.227605464878979,29.5123046875,False
ec1f4OWYObQ,product_reviews,20,47.06965717516447,77.7099609375,60.24042197779605,5.134452301217553,15.046923828125,False
ezZNGtJ9LCM,product_reviews,20,59.62845651726974,123.6748046875,72.89067254317435,26.50153622989766,54.966579861111114,False
f18fyz1Y0So,product_reviews,20,46.24654348273026,92.839111328125,60.289085629111845,5.225600523273536,18.567822265625,False
f8ja15ViCJg,product_reviews,20,26.33935546875,62.9599609375,36.34665784333882,2.8762330804068754,12.5919921875,False
fMf_ocnS9og,product_reviews,20,70.74920333059211,147.56298828125,77.60247096011513,10.118719715146069,29.51259765625,False
fRBOxyu2b2Q,product_reviews,20,18.403281763980264,87.580078125,22.66215948807566,3.1806146994136792,17.516015625,False
fYLl5_M7xxg,product_reviews,20,18.71287777549342,41.667236328125,36.5464111328125,24.950503700657894,55.556315104166664,False
fa3kgCMzJ78,product_reviews,20,28.41931794819079,78.816650390625,37.10292711759868,2.1654242620671185,6.328173828125,False
fpQZel6zXQU,product_reviews,20,20.46719520970395,57.906982421875,30.276802785773025,0.9753214914317034,3.3998046875,False
fv3G2M_Sl40,product_reviews,20,38.14652292351974,54.55712890625,42.49462633634868,19.56231944795884,27.97801482371796,False
fyRyMm2mnfE,product_reviews,20,40.86143092105263,106.91943359375,45.60551372327303,6.2392585999581245,21.38388671875,False
g2UcB36u75Q,product_reviews,20,41.99411492598684,61.898681640625,48.66297157689145,27.996076617324558,41.265787760416664,False
gKEbi0rusvw,product_reviews,20,27.52037931743421,97.666259765625,51.58802297491776,4.153406179756878,19.533251953125,False
g_mx28u_-TI,product_reviews,20,56.68944027549342,92.455322265625,62.73924753289474,19.548082853618425,31.881145608836224,False
gjjBIfkaB9g,product_reviews,20,54.07482267680921,80.843994140625,66.66006501850329,30.899898672462403,46.196568080357146,False
gvOkErFZGrU,product_reviews,20,33.58448550575658,94.2236328125,47.20740388569079,19.191134574718046,53.842075892857146,False
gy4v7_1Es6U,product_reviews,20,48.5747712787829,61.33544921875,55.62541889391447,16.466024162299288,20.791677701271166,False
h0a-NcNbDag,product_reviews,20,78.93454461348684,181.59912109375,89.01401881167763,21.263972543607583,74.53070746527777,False
h5YQu1ajzxs,product_reviews,20,41.83200555098684,55.17138671875,45.737772409539474,13.944001850328947,18.390462239583332,False
h6JREoZmiG0,product_reviews,20,53.05277292351974,140.454345703125,68.26775416324013,6.54128523799277,28.090869140625,False
hABBwUdr8vw,product_reviews,20,62.86524722450658,98.10888671875,56.74161441200658,13.505877221536917,21.80197482638889,False
hNVEAQoVSGc,product_reviews,20,39.4419587787829,123.694580078125,58.6760896381579,6.920515875169207,24.738916015625,False
hRdGv4y-X-o,product_reviews,20,27.82754677220395,65.242919921875,46.93571520353618,37.103395696271924,86.99055989583333,False
hXGmw5HdoVo,product_reviews,20,32.40113589638158,117.876220703125,52.706503135279604,2.3478486529128393,23.575244140625,False
hbSwjiXW0vg,product_reviews,20,56.395263671875,75.606689453125,63.91721062911184,19.117038532838983,25.629386255296616,False
hbxbefnFyI4,product_reviews,20,52.0305818256579,102.60693359375,62.41504934210526,6.854855226565465,20.52138671875,False
hmafJP0ETWo,product_reviews,20,62.18119089226974,101.766845703125,69.05035978618422,6.737919117155442,16.3076171875,False
ht4MTMHDV2g,product_reviews,20,23.949026007401315,68.31982421875,43.320655581825655,1.069482102464869,8.529150390625,False
hvg7bDuHnbE,product_reviews,20,26.689967105263158,47.117431640625,37.788156609786185,3.2989773052518707,9.423486328125,False
iHHdigb4z5M,product_reviews,20,46.4805329975329,84.85400390625,56.9443115234375,10.343379437183136,18.57751885775862,False
iPcCwOGUXjE,product_reviews,20,29.309621710526315,46.050537109375,38.44075349506579,41.87088815789474,65.7864815848215,False
ic7VSqi7MtI,product_reviews,20,48.30643503289474,86.59423828125,59.991650390625,17.25229822603383,30.926513671874954,False
ieqSa4AXY3s,product_reviews,20,17.801333778782894,130.40283203125,24.454965049342107,2.856640287538211,26.08056640625,False
ignHjln9OLw,product_reviews,20,36.69984837582237,149.239990234375,57.68970626027961,4.347487901153742,29.847998046875,False
ij4paUWMNII,product_reviews,20,44.55842670641447,74.38818359375,51.18080026726974,22.279213353207236,37.194091796875,False
ijoXuV69WkQ,product_reviews,20,9.835359272203947,31.55224609375,25.787642629523027,32.784530907346486,105.1741536458334,False
in-D13iejQE,product_reviews,20,14.544677734375,27.264892578125,22.02994962993421,2.191891128519353,4.79794921875,False
itZVPl7TKKM,product_reviews,20,23.279348273026315,31.736572265625,25.902978515625,3.3663680036879335,5.65,False
ixm7Q-etL_0,product_reviews,20,35.62428042763158,60.3994140625,45.98609040912829,4.114313443379734,7.08271484375,False
j4E16yIc4js,product_reviews,20,15.335731907894736,34.80078125,19.80552914268092,1.0736404776522595,3.4142578125,False
jGzSFLrxOBI,product_reviews,20,14.370451274671053,22.60400390625,17.748202354029605,1.4648396755028763,3.903076171875,False
jhgAmyGqdVo,product_reviews,20,26.525814658717106,57.94921875,35.20779194078948,17.683876439144736,38.6328125,False
jn3SySl2DEE,product_reviews,20,66.68153782894737,209.185546875,85.7098542865954,6.143222884685673,16.333154296875,False
jnOkA6sBq14,product_reviews,20,48.0711091694079,73.068115234375,54.54953870271382,6.481209909539474,14.613623046875,False
jwFTkqwZCzg,product_reviews,20,51.90073756167763,73.727294921875,53.64478695518092,9.146680323197062,14.745458984375,False
k4vfZHcY2LE,product_reviews,20,9.524067125822368,19.381103515625,26.445742958470394,31.74689041940789,64.6036783854167,False
kKu20YrAs7U,product_reviews,20,20.879111842105264,94.08740234375,32.60043816817434,10.707236842105264,48.24994991987179,False
klaCPdBS368,product_reviews,20,53.63563939144737,90.7890625,48.538575503700656,18.181572675066906,30.775953389830505,False
kltR1R2Fmmo,product_reviews,20,50.56082956414474,107.689453125,57.13448036595395,10.504793542243767,21.537890625,False
kt45VGhetrw,product_reviews,20,46.27025082236842,90.947509765625,52.40025570518092,4.1535617763576065,14.9615234375,False
kvfMWiK4Rfs,product_reviews,20,53.683503803453945,135.041259765625,69.28916272615132,4.563776591648049,24.99130859375,False
l0xvRWW0DbQ,product_reviews,20,37.74646638569079,122.12890625,55.03635767886513,64.191530670832,169.1328125,False
l1nLAKnQaEI,product_reviews,20,46.484220805921055,73.268798828125,48.06416658100329,19.71101071596402,48.273654513888886,False
lHyHmrJkNPc,product_reviews,20,41.9823576274671,64.00830078125,47.140190686677634,27.9882384183114,42.672200520833336,False
lKePTsZ_Flo,product_reviews,20,52.16831568667763,85.734619140625,66.50539036800987,69.5577542489035,114.31282552083333,False
lMVQzMrPYbk,product_reviews,20,35.09665398848684,66.773681640625,48.880161646792764,4.716928532780806,13.354736328125,False
lRoG5Vqekqg,product_reviews,20,17.07578638980263,38.456298828125,18.2985107421875,1.384056783934133,3.5541015625,False
lV8OoAWTK9I,product_reviews,20,24.09080746299342,57.60107421875,37.36350611636513,2.9246859766044517,11.52021484375,False
laMWjFHPiNY,product_reviews,20,63.79453638980263,101.4619140625,76.16707570929276,24.073409958416086,38.28751474056595,False
lbxEqd-Gu_0,product_reviews,20,25.005782277960527,50.9296875,37.01501207853618,2.6146845636527924,10.1859375,False
ljOFn91or14,product_reviews,20,49.33302066200658,86.17822265625,53.507322933799344,5.557505595985917,16.182470703125,False
ln9CvxFzMUo,product_reviews,20,47.11766293174342,84.8466796875,65.29709858141447,5.532466609870231,16.9693359375,False
lsVU31WvLoA,product_reviews,20,27.73411800986842,113.05126953125,31.31821931537829,3.8524589616869886,22.61025390625,False
lzr6E--uGRI,product_reviews,20,47.75267269736842,77.07177734375,63.0635408100329,32.932877722323056,53.15294989224134,False
m-K5psvrcWo,product_reviews,20,21.6416015625,119.085693359375,56.212185187088814,0.2038583227331402,1.756298828125,False
m9F-i2z0xbY,product_reviews,20,26.377171566611842,66.183349609375,37.19657817639803,21.980976305509873,55.15279134114603,False
mNf2uQRjpYE,product_reviews,20,34.1466642680921,60.8857421875,49.693236019736844,40.172546197755416,71.63028492647054,False
mOxx561Xb2A,product_reviews,20,23.99209755345395,64.53955078125,30.648311574835525,1.8536718655243007,11.44130859375,False
mU8BQxFatXg,product_reviews,20,49.19132915296053,66.4921875,52.74195106907895,14.600385209499143,29.552083333333332,False
mXtiJ9FHreI,product_reviews,20,31.348568564967106,101.974365234375,41.802713815789474,2.8211559850489714,20.394873046875,False
mpfLLn79h5Q,product_reviews,20,41.936086554276315,65.442138671875,55.74821391858553,21.505685412449388,33.560071113782,False
mvnpNGZtbXo,product_reviews,20,22.449668482730264,50.56396484375,26.593233449835527,1.3141055255154057,7.4205078125,False
mwfCZyYviZs,product_reviews,20,35.941560444078945,63.392333984375,46.70856162623355,4.210145488823293,12.678466796875,False
n4kA3E06VGc,product_reviews,20,26.86705900493421,42.1845703125,30.70465666118421,10.96614653262621,17.218191964285744,False
n5xe-DEnejM,product_reviews,20,21.767359683388158,85.00390625,32.14774234169408,11.16274855558367,43.59174679487179,False
nFeUuDGOb4o,product_reviews,20,36.751130756578945,120.91162109375,52.521366159539475,4.553493510188359,24.18232421875,False
nFp_6ukYRmk,product_reviews,20,19.74817537006579,44.324951171875,37.597185958059214,26.33090049342105,59.099934895833336,False
nPCF3dqh3rE,product_reviews,20,48.912790398848685,77.169189453125,59.500023129111845,17.372887518213773,49.30291193181818,False
na59L9tzFKc,product_reviews,20,23.934788754111842,46.942626953125,27.47217439350329,2.3172855665241214,5.50400390625,False
njb7_IBroFw,product_reviews,20,56.70631167763158,125.881103515625,78.28275596217105,6.747295185423968,25.176220703125,False
nl6VoyaV03c,product_reviews,20,18.59044767680921,58.203369140625,30.482541375411184,10.328026487116228,32.33520507812505,False
nuk3zlVoUEA,product_reviews,20,57.44919305098684,146.6640625,75.50971808182565,8.30297717302623,29.3328125,False
nx6OvlS3eoI,product_reviews,20,20.222450657894736,57.734619140625,36.820516807154604,40.44490131578947,115.46923828125,False
o0zZlela3Qo,product_reviews,20,13.700478001644736,24.6005859375,16.21273129111842,1.3121475155321303,3.2162109375,False
o9g2fB1j8w8,product_reviews,20,35.968351665296055,140.0888671875,70.84479851973684,19.442352251511377,75.72371199324324,False
oDlUudr6gOc,product_reviews,20,27.188515111019736,112.707275390625,28.832457853618422,12.358415959554423,51.23057972301134,False
oIvh4-fgm3s,product_reviews,20,11.471705386513158,37.578369140625,17.30894068667763,11.471705386513158,37.578369140625,False
oLEeb280ZeA,product_reviews,20,42.44459292763158,63.97119140625,49.49621325041118,4.467201170108013,12.395263671875,False
oMfIg640bZY,product_reviews,20,62.036287006578945,104.992919921875,79.99356882195724,8.114796173369855,20.998583984375,False
oSj5CHcvURM,product_reviews,20,26.556178042763158,69.1123046875,36.59081774259868,17.133018092105264,44.58858366935492,False
oVFt8Oh5_qs,product_reviews,20,17.16858552631579,50.2080078125,32.72559878700658,1.3401428034349152,5.032763671875,False
p26AVpXtgaw,product_reviews,20,43.10476202713816,120.95654296875,64.62828304893092,4.573043297152281,24.19130859375,False
p6M5xuzRpn8,product_reviews,20,43.02600740131579,73.50146484375,49.81254754317434,4.186605646997624,10.54423828125,False
pBFmh0yY6jE,product_reviews,20,49.197946648848685,154.851806640625,75.18318513569079,16.8487161832318,95.29341947115384,False
pENunhjWCdw,product_reviews,20,24.889134457236842,154.490234375,30.378682668585526,0.706950708873389,2.20859375,False
pN8ubXhhThY,product_reviews,20,31.59924958881579,75.1083984375,49.91849557976974,4.196941070447507,15.0216796875,False
pPseYBOXSVs,product_reviews,20,36.85410670230263,62.01953125,45.17422003495066,14.174656423962553,23.853665865384603,False
pQzveAytEZI,product_reviews,20,11.140162417763158,50.497314453125,33.55895739103618,2.2955362037907268,10.099462890625,False
p_9hbtPBy6g,product_reviews,20,63.17463764391447,110.830810546875,70.20362613075658,6.031827939650732,20.187451171875,False
pgiOHHEm2gE,product_reviews,20,56.613435444078945,101.785888671875,66.46983578330592,7.558245688148401,20.357177734375,False
potiSb273K0,product_reviews,20,23.61923057154605,110.492919921875,42.60449989720395,2.752722533536958,22.098583984375,False
pv8iKMlVrpI,product_reviews,20,30.33814761513158,71.71337890625,34.612897049753286,10.284117835637824,24.30961996822033,False
pwgk5jD3ba4,product_reviews,20,19.58016807154605,42.064697265625,30.946982935855264,6.637345108998662,14.259219412076275,False
qAqaISZUAYo,product_reviews,20,41.37544973273026,63.418212890625,43.80906018708882,5.230168445874699,12.683642578125,False
qR3ITeyHT_E,product_reviews,20,50.55900493421053,109.016845703125,61.40032509251645,18.385092703349283,39.64248934659091,False
qTkXhkoXRg0,product_reviews,20,21.33033511513158,64.321533203125,35.4676513671875,1.9447475559489427,5.025244140625,False
qYPpIOfAOjQ,product_reviews,20,25.31238435444079,61.789306640625,24.88054713199013,3.8375491324643574,12.357861328125,False
qb6ej4D0mxs,product_reviews,20,34.96048776726974,117.629150390625,72.58217002467106,4.596452323599928,9.8869140625,False
qhX8ObSCn84,product_reviews,20,26.97462222450658,59.0068359375,29.054458778782895,3.9440856291118425,11.8013671875,False
qmZWe0mDF6s,product_reviews,20,37.408640008223685,70.52294921875,55.44633660567434,3.471197053259869,11.438232421875,False
qtr5NqlzBCE,product_reviews,20,24.62060546875,68.634521484375,29.32755705180921,5.379052029140836,14.050396126760564,False
qy3eoeI42J4,product_reviews,20,34.49735300164474,63.12841796875,41.89362021998355,25.553594816033137,46.76179108796291,False
r-aaUEzPZHc,product_reviews,20,71.39774362664474,131.339111328125,75.58636924342105,12.922358356322059,20.206017127403847,False
r4L9x37FdB4,product_reviews,20,41.17053865131579,79.099853515625,57.839012386924345,3.7681981581928894,13.319970703125,False
r6nxYrzhBdI,product_reviews,20,27.594777960526315,106.1640625,54.57774208470395,27.594777960526315,106.1640625,False
r80tyU-hcqo,product_reviews,20,56.48103412828947,106.06396484375,75.11163008840461,7.469087104081301,21.21279296875,False
rCZyNjqIsz0,product_reviews,20,13.819888466282896,32.958251953125,23.42318179481908,46.066294887609665,109.86083984375023,False
rCiHn8_hILs,product_reviews,20,40.00460012335526,71.92822265625,47.29203973067434,5.487848190398822,14.27734375,False
rUxn_S37Xz0,product_reviews,20,20.486572265625,142.718505859375,71.0983976665296,17.814410665760878,124.10304857336955,False
rzGEM15OxYE,product_reviews,20,28.458534642269736,47.63916015625,34.472566303453945,19.62657561535844,32.85459321120683,False
sIBpsTZk7Jc,product_reviews,20,26.893284847861842,68.2734375,32.75138903166118,2.811912031990262,13.6546875,False
sKQVUK-VQ1E,product_reviews,20,53.70506527549342,76.587158203125,64.79540887129934,5.695203069945533,14.820556640625,False
sMFFSTWoIgo,product_reviews,20,23.067112972861842,46.140625,30.366218647203947,2.714107562726325,9.228125,False
sNyH4MAnnbg,product_reviews,20,41.956388774671055,118.8173828125,59.50234375,3.198545168833307,7.441162109375,False
sdVHUS-TyuI,product_reviews,20,54.145315069901315,143.615966796875,72.97675524259868,4.983926530241681,21.0322265625,False
sdpJRM-l7Js,product_reviews,20,44.47791169819079,84.677490234375,55.52544587787829,5.455563291018201,15.429541015625,False
shxJ7aiyTxI,product_reviews,20,37.479337993421055,101.111083984375,47.224392218338814,4.280650156202321,16.391552734375,False
slZT82soY4k,product_reviews,20,33.39865594161184,101.66650390625,41.658515368009866,5.052854308107661,15.528173828125,False
sm2DDr3uP7c,product_reviews,20,23.97299033717105,49.69970703125,34.89991262335526,11.694141627888317,24.243759527439018,False
t6KjqKvmQKU,product_reviews,20,36.580078125,71.604248046875,45.500570518092104,6.842082031333422,14.320849609375,False
tlmT70NK4BA,product_reviews,20,39.013029399671055,79.32666015625,51.59351613898026,3.616539038378283,11.278564453125,False
tnGy7TTkRyI,product_reviews,20,61.182077508223685,178.712646484375,79.16783254523027,8.588745467528446,35.742529296875,False
tp0GMTb97Sg,product_reviews,20,31.96388003700658,80.228515625,45.73965357730263,3.1852864555932627,16.045703125,False
tsgs5e773OQ,product_reviews,20,49.76182154605263,77.510009765625,58.756226870888156,5.649353368051777,15.39462890625,False
tvvTSaUXFoE,product_reviews,20,32.81310392680921,78.418212890625,55.465170127467104,93.75172550516918,224.05203683035722,False
u67sSF3-D_w,product_reviews,20,40.358796772203945,91.720458984375,60.898347553453945,4.223817656472086,18.344091796875,False
u8oSJYL9ps8,product_reviews,20,30.49374229029605,101.19873046875,33.49928171258224,1.5693447011418529,3.081396484375,False
uAne1z8jfw4,product_reviews,20,38.0613435444079,57.43798828125,43.62086374383224,5.783374366591964,11.48759765625,False
uM75ZbHZsu0,product_reviews,20,26.501169305098685,52.76318359375,36.43130525287829,14.722871836165938,29.31287977430555,False
ukb6kMImJkQ,product_reviews,20,42.880705180921055,62.992431640625,47.44376413445724,14.293568393640351,20.997477213541668,False
urG7mMv8RTE,product_reviews,20,21.625205592105264,55.030029296875,33.84999743009868,2.6696759378315122,11.006005859375,False
v4y2fNWN9Sg,product_reviews,20,26.502646998355264,51.63330078125,33.65504857113487,3.074303858038173,10.32666015625,False
vDZ7ELoGer0,product_reviews,20,50.9207185444079,73.0859375,51.684957082648026,7.04702625006462,14.102490234375,False
vDgREHUzhO0,product_reviews,20,41.65553042763158,73.03662109375,62.22009534333882,8.977204475625914,14.60732421875,False
vGLh4D-3fCs,product_reviews,20,30.420333059210527,96.10986328125,46.00920024671053,3.459663388163594,19.22197265625,False
vLZ2WkqfsEQ,product_reviews,20,35.82662160773026,78.552001953125,51.93904579564145,31.153584006721974,68.30608865489118,False
vjqkNOcg7Co,product_reviews,20,41.59791324013158,63.946044921875,49.024307411595395,15.126513905502392,23.253107244318183,False
voRC9YksciQ,product_reviews,20,22.59642269736842,38.5478515625,28.684133429276315,30.12856359649123,51.397135416666664,False
vvXdBAdVTpY,product_reviews,20,17.556884765625,26.901611328125,18.145895867598686,2.0925163543853897,4.852685546875,False
w0NtwDHZgdw,product_reviews,20,23.84729646381579,40.968994140625,27.630085834703948,2.633901467748856,8.193798828125,False
w3U5RB7vLRA,product_reviews,20,59.54952199835526,82.849609375,61.613438013980264,6.931883418044905,15.3216796875,False
w8FEh9hO8ok,product_reviews,20,46.93522563733553,109.078857421875,69.320849609375,42.66838694303229,99.16259765624987,False
wBIgUGJHXjU,product_reviews,20,24.56945158305921,60.9404296875,33.12192639802632,3.2695151142503094,12.1880859375,False
wVl9aqSpCj8,product_reviews,20,54.014982524671055,111.724853515625,62.53642449629934,18.310163567685105,37.872831700211826,False
x0Edq-9-y7U,product_reviews,20,45.947111430921055,93.201904296875,60.788101356907895,4.915772134195756,17.578662109375,False
x3J4oce3P7E,product_reviews,20,44.8568693462171,58.135009765625,51.86483218544408,15.467885981454177,20.046555091594787,False
xJPFcCWQQBg,product_reviews,20,40.648193359375,68.944580078125,52.67500385485197,21.393785978618425,36.28662109375003,False
xOeX72l6aNs,product_reviews,20,31.32469418174342,63.155029296875,45.66777086759868,3.283419212537736,11.23310546875,False
xVcbqBAKYO8,product_reviews,20,28.95592619243421,77.698486328125,57.62798494037829,48.25987698739033,129.49747721354154,False
xW4oZmRqcBs,product_reviews,20,24.062795538651315,41.976318359375,30.043056126644736,2.802724488669721,8.395263671875,False
xerzTz-LP_U,product_reviews,20,36.65992495888158,60.064208984375,48.88675729851974,5.99006750369662,11.002392578125,False
xk-VR5o_W_0,product_reviews,20,32.882761101973685,81.79150390625,31.780899208470395,5.5482565086594695,16.35830078125,False
xnRW9AtI28U,product_reviews,20,65.6806640625,113.74658203125,76.69753674958882,7.896253462565659,22.74931640625,False
xq7ciGRTxVg,product_reviews,20,55.68338815789474,89.470458984375,70.7445890727796,65.50986842105263,105.25936351102968,False
xuTPVzGgiXQ,product_reviews,20,66.53457802220395,110.296142578125,77.474951171875,8.185226185550471,22.059228515625,False
y2nubW0RL_o,product_reviews,20,36.437063116776315,98.55517578125,55.08970754523026,2.5126488069936035,12.973486328125,False
yAZ0aC2YDMg,product_reviews,20,19.23487613075658,64.555908203125,36.20308002672697,2.8626414375986933,12.911181640625,False
yYDVL6KsH7U,product_reviews,20,25.342452199835527,67.759765625,36.70348350123355,0.7878928081517449,1.718212890625,False
ygRO61SWEsU,product_reviews,20,65.79093852796052,99.140380859375,68.30984657689145,7.56588895024495,19.36806640625,False
yuMmVDhMRHE,product_reviews,20,41.101806640625,91.765380859375,56.727032791940786,14.67921665736607,32.773350306919674,False
yuhWUj0P4Mg,product_reviews,20,15.01892732319079,57.736572265625,21.53688836348684,1.0104141908224118,3.248974609375,False
yxz5NfrDMto,product_reviews,20,36.685983758223685,73.560302734375,47.45789730674342,4.528103600750592,9.27724609375,False
z3_Gqi-jyT0,product_reviews,20,49.72969777960526,149.282470703125,78.79883840460526,6.91475296527657,29.856494140625,False
z47_3xbSZUk,product_reviews,20,39.630075555098685,87.72412109375,47.49120194284539,14.410936565490427,31.899680397727273,False
z7sXCmcM-Bg,product_reviews,20,31.66494911595395,51.2529296875,42.35736662212171,63.3298982319079,102.505859375,False
zBD8eV8mfHc,product_reviews,20,10.706851356907896,33.82666015625,19.92452970805921,30.591003876879697,96.64760044642843,False
zH_b_eez6vo,product_reviews,20,21.542660361842106,132.556396484375,46.598490182976974,1.9571194750384764,26.511279296875,False
zMv43xSiuiY,product_reviews,20,14.315249794407896,36.1943359375,23.82848607113487,11.011730611083,27.84179687500002,False
zRIJWlWlYII,product_reviews,20,52.3281892475329,74.085205078125,55.88080669202303,5.753056176661857,11.6009765625,False
zVSG3BEZbrk,product_reviews,20,33.08448550575658,58.14013671875,40.30513209292763,12.253513150280215,21.53338396990744,False
zYn_KGENMHQ,product_reviews,20,43.734285053453945,62.1162109375,48.96025262129934,5.551210012705875,12.4232421875,False
zlSD0tAnFeQ,product_reviews,20,31.50682308799342,70.9375,42.36045949835526,12.859927791017723,28.95408163265311,False
-7D7zIJ8bbY,vlogs,20,48.27001953125,128.29638671875,65.79203844572369,52.24392903645833,513.185546875,False
-E7oy48zgo0,vlogs,20,39.744089226973685,80.9287109375,47.05054353412829,4.2920752592361495,16.1857421875,False
-Sw9mWE_dmk,vlogs,20,59.9092439350329,91.69775390625,65.34633403577303,20.658359977597552,31.61991514008622,False
-VF8xHdISEs,vlogs,20,53.691701788651315,87.996826171875,59.63467310855263,5.830109915561747,17.599365234375,False
-ZYQ3WvupZY,vlogs,20,42.54201788651316,83.995849609375,51.60582982113487,19.786985063494495,39.06783702761626,False
-kHRtClmTIE,vlogs,20,60.51120476973684,119.03173828125,77.66426809210526,6.929433896557413,23.80634765625,False
-mS-O1gL5o0,vlogs,20,44.74929327713816,80.040283203125,52.11913548519737,4.674243793487359,13.2505859375,False
-xyHLcVZU4Y,vlogs,20,43.37868780838816,83.112060546875,66.62996247944079,14.459562602796053,27.704020182291668,False
0Ac7FeMJGwo,vlogs,20,45.21201685855263,61.05712890625,50.49587916324013,39.31479726830664,53.0931555706522,False
0BdVjyz7nDI,vlogs,20,67.24859940378289,136.799072265625,75.50888414884868,7.385227426128984,27.359814453125,False
0I_72h_Nj0o,vlogs,20,56.63102641858553,80.268310546875,68.38708367598684,18.877008806195175,26.756103515625,False
0KVCI6ijsjY,vlogs,20,66.31645764802632,90.144775390625,66.87754677220394,7.9339160381773715,17.80390625,False
0N4UE2-RtA0,vlogs,20,35.254343133223685,75.051025390625,52.67333084909539,28.20347450657895,60.04082031249996,False
0RsL2qq91AE,vlogs,20,68.59868421052632,80.80810546875,67.76665167557566,47.309437386569876,55.729727909482925,False
0TdZM110qxM,vlogs,20,62.06124074835526,90.333984375,64.57517860814144,44.32945767739661,64.52427455357137,False
0VfvepNmE4Q,vlogs,20,43.95365182976974,74.567626953125,55.85198524876645,3.8799690329788445,14.63408203125,False
0YAELDpe6Aw,vlogs,20,49.29618112664474,74.77001953125,59.327338610197366,5.449572671421088,14.95400390625,False
0e7cCLKQbI0,vlogs,20,45.5929533305921,75.726806640625,61.10638877467105,4.014676586940882,15.021044921875,False
0gBmSmiYlfQ,vlogs,20,52.0322265625,76.314697265625,54.44188039679276,19.634802476415096,28.797998968160375,False
0gLTzzZVtLU,vlogs,20,60.849275287828945,103.142333984375,68.33047260485198,8.068212095603771,20.628466796875,False
0j5lSvu1otA,vlogs,20,68.56693307976974,108.262451171875,76.0578214946546,24.83289322125928,72.17496744791667,False
0lfwsk3G0xk,vlogs,20,9.60045744243421,21.652099609375,16.447269479851975,10.105744676246537,22.791683799342103,False
0n42-2bV7no,vlogs,20,43.52049496299342,86.468505859375,47.87411980879934,4.886816588947637,15.84443359375,False
0n9mEipmDjY,vlogs,20,47.71457391036184,74.278076171875,56.6967041015625,5.40701222483334,14.855615234375,False
0tfcJDOSZPU,vlogs,20,63.45957545230263,91.59423828125,69.32640573601974,48.81505804023279,70.45710637019236,False
0vH0WXpbxC0,vlogs,20,20.64268092105263,29.0712890625,22.076079358552633,2.3788842113778417,5.534228515625,False
0wzi3yXsy8o,vlogs,20,59.69925729851974,87.634033203125,62.64859811883224,20.947107824042018,30.748783580043863,False
11xMRGN-KWE,vlogs,20,50.95741673519737,88.380126953125,57.06769248560855,5.057281813434149,15.857666015625,False
18yWzIUkreU,vlogs,20,18.19301243832237,28.48095703125,23.84736970600329,27.98924990511134,43.81685697115394,False
1WgMQ9iGZcc,vlogs,20,45.20862458881579,112.89794921875,59.30471833881579,22.05298760430038,55.07217035060983,False
1fClYsOGYQE,vlogs,20,57.82443719161184,88.631591796875,61.46847245065789,19.27481239720395,29.543863932291668,False
1t-M3NpiXUs,vlogs,20,69.11818976151316,125.335693359375,76.42726922286184,8.579225237449165,25.067138671875,False
2-iOGD52g4o,vlogs,20,54.25998406661184,78.8056640625,61.253146844161186,5.751769918986229,15.7611328125,False
22AlEn2zc_E,vlogs,20,66.48486328125,97.7099609375,71.56795461554276,7.317171944452954,18.8939453125,False
23hgrvX-Z4c,vlogs,20,58.798494037828945,81.135498046875,59.011537571957234,14.354128974780702,19.358317057291668,False
27hbQhAufmI,vlogs,20,54.55671772203947,102.911376953125,57.601904296875,6.1781527804189205,20.582275390625,False
2B6T5l1W064,vlogs,20,65.93211605674342,101.9111328125,68.91001233552632,7.42475127540408,15.753271484375,False
2IZpJiQCeu4,vlogs,20,71.63846628289474,123.319091796875,69.88546335320724,7.398668783036971,24.21669921875,False
2SOY2H1Su2c,vlogs,20,60.31910464638158,84.708740234375,70.19797491776316,20.799691257372956,29.209910425646637,False
2clwns8eQ18,vlogs,20,59.46407277960526,82.41015625,62.36616724917763,12.450965185802362,16.48203125,False
2jQz0yTMRm4,vlogs,20,58.957326788651315,74.63671875,62.14391575863487,32.754070438139614,41.464843749999986,False
2qWiygoT898,vlogs,20,59.19514545641447,83.659423828125,63.97496530633224,6.388629967056081,16.731884765625,False
2tM5F_X9ztA,vlogs,20,45.47520045230263,62.244384765625,53.5201416015625,15.158400150767543,20.748128255208332,False
34Dm_ndyGnc,vlogs,20,49.58011667351974,74.6904296875,55.72214612458882,16.806819211362622,25.318789724576277,False
3CdaYmuCgvo,vlogs,20,62.471525493421055,83.900634765625,63.743589381167766,7.578610444362727,16.780126953125,False
3X-_ub_NJNA,vlogs,20,50.38706568667763,63.0947265625,52.62095754523026,21.907419863772883,27.43248980978264,False
3_q4ltsZdXw,vlogs,20,53.8101228412829,82.3251953125,60.800713147615134,28.321117284885734,43.32905016447366,False
3flasGVUrCA,vlogs,20,68.33002672697368,84.419189453125,68.65579255756579,,,False
3tRLD_qitXg,vlogs,20,58.48893657483553,82.458984375,60.36320158305921,18.643980200857257,34.544270833333336,False
3v-t2Qt39yE,vlogs,20,46.77395148026316,105.616943359375,64.3963468852796,4.348757067026382,15.286962890625,False
3vfzYJLaskA,vlogs,20,56.68379934210526,99.137939453125,64.25362484580592,19.214847234611955,33.60608117055085,False
41mF69pzsNw,vlogs,20,52.65907689144737,78.2421875,67.95814787212171,6.226334916553161,15.6484375,False
4MFUzsuKDno,vlogs,20,54.0762361225329,77.39501953125,57.503635125411186,6.341481794033353,15.47900390625,False
4P2Wv7tlTXM,vlogs,20,61.23914216694079,142.814697265625,77.2746916118421,5.604293715153835,19.822900390625,False
4X6GvT37-1w,vlogs,20,41.63219572368421,69.218505859375,67.414111328125,55.50959429824562,92.29134114583333,False
4XOT-eNaqa8,vlogs,20,58.72597142269737,76.427734375,64.00557026110198,32.625539679276315,42.459852430555536,False
4_CM7iESxgE,vlogs,20,60.916696648848685,89.5546875,71.62543688322368,20.649727677575825,30.357521186440685,False
4gnwfEGORww,vlogs,20,41.34597296463816,83.617919921875,55.247341437088814,35.95301996925057,72.71123471467389,False
4ji5YKPYzmA,vlogs,20,62.95144171463816,85.8564453125,60.920961400082234,15.999824668527069,23.533882472826086,False
4kXpoMpXb3E,vlogs,20,68.4442074424342,134.89794921875,83.24247789884869,8.375882709087302,26.97958984375,False
4wCwVzlo3EQ,vlogs,20,54.264070209703945,85.864013671875,56.67729106702303,23.505829392817983,52.37158203125,False
4xZ7sj7vGKY,vlogs,20,64.48440069901316,92.451416015625,73.60046772203947,7.681666299312332,18.490283203125,False
5207trn9Fm0,vlogs,20,46.274169921875,62.7333984375,52.69042711759868,16.5264892578125,22.40478515625002,False
5630Hz2Dzw4,vlogs,20,67.19798519736842,85.291259765625,65.532080078125,34.4605052294197,43.7391075721154,False
588qx9Ccd14,vlogs,20,21.186497738486842,54.8935546875,43.518728155838815,24.925291457043343,64.5806525735293,False
5K7VZ3y5AIc,vlogs,20,51.662893194901315,97.597412109375,66.25093158922698,4.796834931984715,16.20859375,False
5Kfu-iUTVQk,vlogs,20,50.434030633223685,80.695068359375,60.60245425575658,17.3910450459392,27.82588564116374,False
5Pv2n_AvOqY,vlogs,20,63.103811163651315,75.907958984375,68.3083740234375,7.479259238434596,15.181591796875,False
5VR7ir5oB4w,vlogs,20,71.4310366981908,162.498291015625,71.35159205386513,8.93471693918405,32.499658203125,False
5e8SBi9G2bk,vlogs,20,49.61021021792763,73.65771484375,59.55289884868421,14.022494896910246,26.3389892578125,False
5hedan63SZE,vlogs,20,57.27635433799342,112.627685546875,58.04468544407895,6.193028453635828,15.057763671875,False
5iFG264wz9U,vlogs,20,60.47908100328947,87.399169921875,66.87237099095395,21.2207301765928,30.666375411184216,False
5ix9lbmEWYw,vlogs,20,64.45835474917763,92.493408203125,68.47224378083881,16.022269219847296,27.219992897727273,False
5qLYtnzCbi8,vlogs,20,61.65637849506579,107.101806640625,80.98463712993421,6.34918154675315,13.94189453125,False
5sOj52ys1N0,vlogs,20,66.68436472039474,111.32421875,67.583056640625,25.1639112152433,42.009139150943305,False
5vBiLK46EoM,vlogs,20,55.06291118421053,115.5869140625,60.40332673725329,18.66539362176628,39.18200476694921,False
66MX7rEl748,vlogs,20,53.70943410773026,105.7119140625,60.49729774876645,5.20416792740678,16.071533203125,False
66MfaFGD6Eg,vlogs,20,69.16132555509868,86.177734375,73.60609837582237,26.098613417018374,32.51989976415096,False
6JR4R7SEnt4,vlogs,20,56.80323550575658,77.944580078125,62.970266241776315,66.82733588912538,91.69950597426455,False
6ftD0N64ZII,vlogs,20,49.49831671463816,74.700927734375,63.306789679276314,4.729227647220811,14.3650390625,False
6mXoTqNOLF8,vlogs,20,47.4531892475329,79.11865234375,55.34449655633224,4.613366807108931,12.293798828125,False
6nuemrJg1l0,vlogs,20,67.8577816611842,100.260498046875,71.02358526932566,23.002637851248885,33.9866095074153,False
6qjumS2U81s,vlogs,20,24.06895045230263,52.671142578125,40.23835963199013,60.17237613075658,131.6778564453124,False
6sCvZqHSPAY,vlogs,20,53.47024054276316,83.74169921875,58.970876593338815,7.753899144038155,16.74833984375,False
6yuASL9Q8to,vlogs,20,57.239309210526315,83.178955078125,61.56850071957237,49.7733123569794,72.32952615489134,False
7BcppfDoj4g,vlogs,20,59.52099609375,81.75537109375,63.03505602384868,7.283086228717943,16.35107421875,False
7Kkj68R7GRs,vlogs,20,36.87056692023026,65.270263671875,45.818887489720396,3.063274001936144,7.604443359375,False
7NI_-uP21TM,vlogs,20,65.92047440378289,94.188720703125,64.92185315583882,38.776749649284056,55.40512982536755,False
7TPUchKPqug,vlogs,20,53.01594623766447,83.668212890625,68.42702765213816,5.1665228700438535,16.733642578125,False
7YF-7Ztd9yM,vlogs,20,61.491609272203945,78.89208984375,65.84771150287828,17.210180628528626,30.75277549342105,False
7nYRXYVS4nw,vlogs,20,56.26723118832237,72.178466796875,57.482511821546055,9.805343510142544,14.435693359375,False
7v67Y02czU0,vlogs,20,14.942202919407896,33.798828125,20.49818307976974,1.7651659760880567,5.09130859375,False
7vxHLo2oBUU,vlogs,20,51.552490234375,71.26611328125,60.6248291015625,5.519395542174784,14.25322265625,False
85OUNUY3AMI,vlogs,20,52.74800832648026,81.45654296875,66.66826428865132,32.96750520405016,50.91033935546871,False
8IL_nMjDNg4,vlogs,20,61.08338044819079,76.531494140625,62.732394891036186,8.893989827710968,15.306298828125,False
8Ms49d7az_A,vlogs,20,51.514250102796055,116.443603515625,65.11744834498356,57.23805566977339,129.38178168402797,False
8OUaCD5oZws,vlogs,20,63.22541889391447,82.79443359375,66.92865953947368,24.794281919182147,32.46840533088234,False
8SIhXFR4I5U,vlogs,20,54.620554070723685,74.031982421875,65.635888671875,28.329673942839435,94.77278645833333,False
8WdVPCMYMaI,vlogs,20,66.48831979851974,77.591064453125,67.64531763980263,8.040475669179282,15.518212890625,False
8q8ICVvXgLo,vlogs,20,69.49813682154605,90.781005859375,68.12526598478618,25.74005067464669,33.622594762731445,False
8qFMOnKnrU8,vlogs,20,27.565365439967106,51.39794921875,31.564644582648025,5.801519962014411,10.27958984375,False
8qctYC4uoqY,vlogs,20,35.67838969983553,61.503173828125,44.42121453536184,12.094369389774755,20.848533501059322,False
8zhCpAQowf8,vlogs,20,63.496736225328945,123.819091796875,64.43768117804277,30.23654105968045,58.9614722842262,False
99YPOOtJPKs,vlogs,20,66.45474403782895,115.001708984375,83.2369230571546,44.303162691885966,76.66780598958333,False
9AXl_E2GZ8Q,vlogs,20,67.16868832236842,106.117431640625,78.45979646381579,8.052178345451109,17.1177734375,False
9EIWKqMO6UQ,vlogs,20,44.78202097039474,56.871337890625,49.53872455797698,21.844888278241335,27.742116044207318,False
9MOJH2YM9Lo,vlogs,20,65.68854081003289,81.189697265625,70.34976356907895,31.2802575285871,38.66176060267858,False
9OZMIP7wru8,vlogs,20,54.031095805921055,114.3642578125,67.55225380345395,7.887704859365619,22.8728515625,False
9PHOmuO54A8,vlogs,20,64.03035053453948,84.989501953125,65.82365594161185,26.679312722724784,35.412292480468665,False
9dbizTosnlo,vlogs,20,71.11712325246711,157.9736328125,76.45977718955592,8.384017670415664,31.5947265625,False
9k3lzWutHb4,vlogs,20,9.311022306743421,18.699951171875,21.13119474712171,23.277555766858555,46.74987792968751,False
A-MLsCeURmc,vlogs,20,53.96423982319079,79.286865234375,61.09106702302632,72.38606783070959,317.1474609375,False
A3V1QunvrrE,vlogs,20,29.525454872532894,60.703125,49.40995065789474,7.184786316000338,12.140625,False
A8fXE5PoQqg,vlogs,20,55.78898540296053,83.77490234375,58.13974480879934,9.07602056367992,13.2154296875,False
ADwZfmMMwWA,vlogs,20,31.674149362664473,62.5341796875,46.62032406455592,21.116099575109647,41.689453125,False
AIgJlsR2YbI,vlogs,20,46.18806537828947,71.7529296875,50.389404296875,16.10048564545378,37.96044921875,False
AJ-hoe_JeAM,vlogs,20,63.536569695723685,135.8271484375,71.85891755756579,7.841625021066062,27.1654296875,False
AMmiTiBLrBc,vlogs,20,62.7766755756579,169.300048828125,71.76539756373356,7.625744073109736,33.860009765625,False
AU8eXALrOGM,vlogs,20,64.23044305098684,108.70458984375,79.10584781044408,6.039082371947868,16.970166015625,False
AZcpA5bQXRE,vlogs,20,66.46540912828948,134.790771484375,66.773486328125,49.23363639132555,99.84501591435188,False
Aa7RRAHkgM4,vlogs,20,37.26408305921053,65.0966796875,45.02093955592105,37.26408305921053,65.0966796875,False
AiLehkdG9k0,vlogs,20,62.34574167351974,98.662841796875,65.51387746710526,7.169515819090577,19.732568359375,False
AtkO24-V3CM,vlogs,20,48.918701171875,81.57861328125,61.110785875822366,4.59926699983853,15.415625,False
AvZkBehQHsg,vlogs,20,51.37059261924342,80.604248046875,55.8404541015625,31.92490976790936,88.68828125,False
BJxkA9xngfE,vlogs,20,57.19479851973684,135.746337890625,75.57001567639803,38.12986567982456,90.49755859375,False
BK708o4iKnI,vlogs,20,68.08628443667763,131.22021484375,75.47916324013158,23.080096419212754,44.481428760593175,False
BQJywSBfSeY,vlogs,20,53.57460423519737,86.036865234375,57.932144325657895,17.858201411732455,28.678955078125,False
BWGCC3Ov-eg,vlogs,20,54.62708162006579,69.5732421875,59.53453561883224,18.836924696574414,23.990773168103445,False
BWyuLvkezhI,vlogs,20,57.22861842105263,76.057373046875,60.81005345394737,6.345739646008289,13.68662109375,False
B_qvkLXztWc,vlogs,20,56.02023797286184,90.826904296875,59.79688784950658,5.953580385715997,13.161669921875,False
Bbi0qSVHhWc,vlogs,20,39.811369243421055,60.6142578125,51.616820004111844,17.30167814555921,48.49140625,False
BpxvoQZoGPI,vlogs,20,61.08070775082237,129.2578125,75.5060701069079,32.14774092148546,68.030427631579,False
BxY4YSPShaM,vlogs,20,50.066740337171055,70.56787109375,65.0432373046875,26.35091596693213,37.14098478618424,False
CMdJtBUs2Ys,vlogs,20,70.6636898643092,94.591064453125,82.40334601151316,41.56687639077012,55.6418026194852,False
CUDtU3NhJYg,vlogs,20,29.768104954769736,42.48388671875,34.93140804893092,14.099097964638156,33.80908203125,False
Cc6-NORzsPM,vlogs,20,54.517912212171055,90.1513671875,63.25973478618421,5.008675332938595,13.92099609375,False
Ch31WOr1ATs,vlogs,20,43.07718698601974,116.4755859375,63.59113641036184,172.30874794407896,465.90234375,False
CixMXNxUGgU,vlogs,20,19.95289370888158,45.919921875,29.444484991776317,44.33976379751462,102.0442708333335,False
Cl8VJcWEwxM,vlogs,20,48.20360043174342,99.573486328125,57.00688348067434,4.412424147861574,13.45419921875,False
ClhbVW_myFs,vlogs,20,59.5286287006579,106.1328125,69.22015316611842,49.60719058388158,88.44401041666646,False
CpVkp-BFdB4,vlogs,20,64.5848452919408,85.581787109375,65.83256321957236,7.5345618084086405,16.489501953125,False
Cw2rzMWyKVY,vlogs,20,57.23545435855263,92.490478515625,71.3806640625,7.204763894690407,18.498095703125,False
CwlMOUXwODk,vlogs,20,50.30611379523026,79.4423828125,63.10989668996711,43.744446778461096,69.08033288043481,False
CxVGyXIiqEM,vlogs,20,61.70998663651316,90.274169921875,61.108072060032896,6.770021626731495,15.07099609375,False
DE8K6Q1s_IA,vlogs,20,47.12595086348684,68.532958984375,49.45780993009868,24.054361681207094,59.264973958333336,False
DL0IPWR3ebc,vlogs,20,53.24110814144737,81.194580078125,56.8863525390625,5.068548881924521,16.238916015625,False
DhydKxv7RV8,vlogs,20,40.8335603412829,74.038818359375,44.98342670641448,4.055649041528283,10.4033203125,False
DlHyGraT9xA,vlogs,20,72.07046669407895,100.31298828125,71.73757709703948,24.851885066923774,34.59068561422424,False
DnM38sAlD_s,vlogs,20,65.28096731085526,190.829833984375,77.81708855879934,7.452940198729529,38.165966796875,False
DzhPKTlZZKM,vlogs,20,68.6131656044408,81.80615234375,69.07428556743422,36.11219242338989,43.05586965460523,False
E9b4uwzsyQo,vlogs,20,55.94907740542763,105.85302734375,61.70689890008224,19.292785312216427,36.501043911638035,False
EBOAE7BkOTg,vlogs,20,75.51171875,101.689697265625,73.93978335731907,8.614721837024906,20.337939453125,False
EHd634KMsdw,vlogs,20,48.409128289473685,112.544921875,61.30326505962171,5.9551041048582,22.508984375,False
EKQHUjbYxEE,vlogs,20,59.9830900493421,69.065673828125,60.25559596011513,19.994363349780702,23.021891276041668,False
EQIFJe9E_YA,vlogs,20,66.68584241365132,91.38671875,64.6756193462171,7.522015565698507,18.27734375,False
EXZ4z_q8A_g,vlogs,20,43.34476511101974,84.78857421875,58.883002672697366,32.378737015025756,226.10286458333334,False
EcT2_RbCpKY,vlogs,20,45.34426398026316,79.896484375,54.09794279399671,20.6110290819378,36.31658380681814,False
EiARj29Daz8,vlogs,20,15.732473273026315,64.259521484375,40.61039653577303,34.96105171783625,142.79893663194412,False
EoCv278kudQ,vlogs,20,61.06481291118421,79.943359375,68.64607961554276,6.808450810717272,15.988671875,False
EpXoTdT53xA,vlogs,20,54.696340460526315,77.0498046875,59.848404091282895,34.18521278782895,48.15612792968751,False
Ezg8_QTB8Zs,vlogs,20,66.57197008634868,114.522216796875,73.27793996710527,38.04112576362782,65.44126674107143,False
F-eSShgjRpw,vlogs,20,65.96046206825658,126.024169921875,69.91359606291118,8.154579568996489,25.204833984375,False
FA8Ue-5LhxU,vlogs,20,20.072946648848685,34.110595703125,26.317881373355263,16.058357319078947,27.2884765625,False
Fgs0_Lvqsjs,vlogs,20,66.41049033717105,106.144775390625,69.48460886101974,6.986360078664435,14.60546875,False
FkNi9oOlXIc,vlogs,20,60.00815943667763,73.486572265625,61.655693616365134,26.090504102903317,31.950683593749996,False
FozEFd-ATNk,vlogs,20,45.43440326891447,81.829833984375,60.40375848067434,36.34752261513158,65.4638671875,False
FwMxbN0VpWc,vlogs,20,63.12266138980263,82.100341796875,68.65551500822369,7.0975246800667335,15.663232421875,False
G6ZqxxX8Yds,vlogs,20,58.25174753289474,93.4091796875,65.45245297080592,25.889665570175442,41.51519097222221,False
GN0VIHVg-yc,vlogs,20,64.0506527549342,128.198974609375,68.13035181949013,8.18966820090282,25.639794921875,False
GQSCwZJp4bE,vlogs,20,59.20821340460526,83.84912109375,58.92774208470395,22.34272203947369,31.64117777122641,False
GWMM8C3SOA0,vlogs,20,23.719520970394736,32.10546875,24.241122275904605,14.82470060649671,20.065917968749982,False
GXy5gc2OSc0,vlogs,20,40.97737201891447,114.875732421875,42.69966848273026,14.82733090049342,28.91328125,False
Gfmsnx10dZc,vlogs,20,49.4486662212171,73.3466796875,63.07209986636513,4.900077181079139,14.459375,False
H5zMj_ToABo,vlogs,20,60.0420564350329,83.154296875,69.85509482935855,6.621775090200985,15.575341796875,False
H7NlHluxFPs,vlogs,20,50.21887849506579,101.35302734375,73.1629150390625,3.476174428616893,18.905712890625,False
HM5tMPzvwx0,vlogs,20,47.14417146381579,77.825927734375,55.20880576685855,13.51284747505737,36.62396599264706,False
H_2wj2bkNMw,vlogs,20,56.68879780016447,74.439453125,56.63467310855263,19.841835751750967,39.71349158653846,False
HcleKeby4BI,vlogs,20,49.58817331414474,66.53857421875,56.74260896381579,16.52939110471491,22.179524739583332,False
HhM0BYCHL00,vlogs,20,56.98752312911184,113.1298828125,68.76976511101974,6.17560688170104,22.6259765625,False
HkKf2IY8KDw,vlogs,20,33.336130242598685,72.043701171875,59.276027960526314,11.905760800928098,25.729893275669603,False
HskAGu0XL3c,vlogs,20,52.19605777138158,107.156982421875,57.192930201480266,4.943860179537631,11.74990234375,False
I4KAk3K_GWg,vlogs,20,72.03028628700658,88.4609375,73.6079988178454,8.068574409028047,15.32958984375,False
IAuCb1gwEfU,vlogs,20,75.34445672286184,112.49462890625,77.20259817023026,8.541625687464753,18.0990234375,False
IIScvAPrlAg,vlogs,20,47.57078793174342,118.518798828125,59.09557077508224,4.2460073818541675,23.703759765625,False
IJXpt_VMO0w,vlogs,20,48.27346319901316,94.0263671875,61.79363435444079,23.400952357615513,62.832682291666664,False
IJ_aBmbjSIw,vlogs,20,59.4765625,86.045654296875,67.53316843133224,6.1139693003545,14.29384765625,False
IJqmDj1C_qA,vlogs,20,67.48037880345395,87.22900390625,69.35434955797697,7.98575128264943,16.41904296875,False
IgJNbG5ToKk,vlogs,20,40.75460012335526,83.15185546875,54.947419819078945,3.8108094923005766,16.63037109375,False
Iji-8HTqHj4,vlogs,20,43.81441457648026,79.43994140625,57.347585577713815,38.0994909360698,69.07820991847835,False
ImYUmPJpw-g,vlogs,20,35.3965486225329,74.09619140625,52.309904399671055,44.24568577816612,92.62023925781241,False
IuY-1JwPSB0,vlogs,20,65.23166375411184,98.23486328125,69.45296052631579,26.625168879229324,40.09586256377558,False
JTiDpnH5CxA,vlogs,20,54.060945209703945,89.34912109375,64.9122378700658,5.916691959533465,17.86982421875,False
JVj5uYFd00w,vlogs,20,75.88332648026316,112.27197265625,74.78772486636514,35.29457045593636,52.21952216569771,False
JWhF6yOx8dI,vlogs,20,61.95682565789474,135.75634765625,69.60314812911184,9.982999414568978,27.15126953125,False
JY9c884crk4,vlogs,20,54.138864617598685,85.158447265625,64.60323036595395,37.33714801213703,58.72996363146551,False
J_llh3_h8dQ,vlogs,20,47.1533845600329,118.994873046875,58.741029759457234,3.8129375323256505,13.63330078125,False
Jb7j7h6orQM,vlogs,20,19.26611328125,64.990966796875,26.29695980674342,2.636016693340336,12.998193359375,False
JjsOnjSHNWA,vlogs,20,69.97665244654605,120.54248046875,78.89121736225329,7.497642973806731,21.7751953125,False
Jk3j1Mh3SZE,vlogs,20,52.34377569901316,75.287841796875,61.79227359169408,5.691252550236996,15.057568359375,False
K7nePqpH5U8,vlogs,20,61.350637335526315,81.974609375,67.27555509868421,37.4965030719632,109.29947916666667,False
KE6cWMTTE8U,vlogs,20,48.942819695723685,89.346435546875,70.63313245271381,65.25709292763158,119.12858072916667,False
KOhECj6ig-o,vlogs,20,36.4677091899671,83.742919921875,54.320225123355264,3.1124897210067637,16.748583984375,False
KQ_ojKUpfYQ,vlogs,20,59.4599609375,125.9716796875,75.8897705078125,6.122495894155846,13.60380859375,False
KSFDMA4e8OY,vlogs,20,51.25597502055921,84.99755859375,65.59901187294408,5.304533594386124,16.99951171875,False
KdAAx9-7z3s,vlogs,20,67.95952405427632,120.439208984375,75.51820646587171,7.463163704277972,18.112255859375,False
KdSKo6E1NhU,vlogs,20,65.6016781455592,129.7890625,72.89199989720395,62.477788710056394,123.60863095238098,False
KvVZWelsIl8,vlogs,20,52.88355777138158,79.45703125,67.48092876233552,11.595668217173793,19.8642578125,False
LOPtYB8Nvfk,vlogs,20,13.003238075657896,71.234619140625,43.921890419407895,17.33765076754386,94.9794921875,False
LObP7fr0nh4,vlogs,20,38.02824321546053,92.1689453125,55.00428659539474,6.092246123545958,12.81220703125,False
LVqsAFvrGgE,vlogs,20,60.38634611430921,85.023193359375,67.84350971422697,7.1177294008034835,16.921923828125,False
Lb-ugeY0m2I,vlogs,20,46.60139545641447,72.484375,55.04421900699013,15.53379848547149,24.161458333333332,False
Lw7YLThHrVQ,vlogs,20,40.84462376644737,110.51123046875,69.02946263363486,54.45949835526316,147.34830729166666,False
M21ixJ8bCWo,vlogs,20,58.06117650082237,83.513427734375,67.79582005550986,23.698439388090762,34.08711336096935,False
MEEoRPdxAPY,vlogs,20,52.3565095600329,94.242919921875,65.78039293791119,23.269559804459064,41.8857421875,False
MMM6DhEBY2I,vlogs,20,32.66713353207237,72.025146484375,39.57602153577302,3.2733011002293693,10.761962890625,False
MVUdKH8DxjI,vlogs,20,57.955617804276315,79.39501953125,58.18354363692434,26.956101304314565,36.92791606104654,False
M_bSEF-yCME,vlogs,20,75.61636513157895,114.549072265625,76.97813013980263,8.669244297349367,19.63681640625,False
MinXO53Ib_A,vlogs,20,46.26392886513158,92.4296875,63.084421258223685,4.429152438306505,18.239013671875,False
MnOGiLeOypE,vlogs,20,37.74133943256579,93.07470703125,41.79061986019737,3.5581976211151445,7.416455078125,False
MnUjFKFR3eI,vlogs,20,72.55757863898026,119.954345703125,75.65333059210526,9.180211723260363,23.990869140625,False
MuBcNrIRi_U,vlogs,20,55.503816303453945,92.01708984375,64.76121247944079,6.741098630552795,18.40341796875,False
N7wdRhuzWrE,vlogs,20,40.22008634868421,48.74462890625,40.63332905016448,28.728633106203006,34.81759207589285,False
NIDcYJ9HiKM,vlogs,20,45.299509148848685,75.12353515625,62.28434930098684,25.1663939715826,41.73529730902778,False
NTL2Zozszgs,vlogs,20,38.56104800575658,72.038330078125,53.987006578947366,24.878095487584893,46.476341985887075,False
NXMMUdWiKFo,vlogs,20,62.75021844161184,79.679443359375,68.00223452919408,24.962402247550486,57.94868607954545,False
Nc9DKzkSyuc,vlogs,20,68.24369089226974,92.329345703125,66.87689273231908,38.99639479558271,52.75962611607143,False
Ng5KDoviAco,vlogs,20,47.85183233963816,63.75244140625,52.419609631990134,29.907395212273848,39.84527587890625,False
NjhGpTzYNe0,vlogs,20,54.04444644325658,79.693115234375,59.88494294819079,49.131314948415074,72.44828657670456,False
NqZ-3PhdpFc,vlogs,20,34.82735402960526,46.29541015625,36.73165090460526,7.656016143650688,10.432768485915492,False
Nr7QkvKShlc,vlogs,20,66.17154091282895,85.38134765625,68.13508686266448,9.509066477377631,17.07626953125,False
NrmT0o4gKRc,vlogs,20,43.4979826274671,70.751953125,52.91629574424342,15.948193085981242,54.654296875,False
NymtEatsPI4,vlogs,20,53.0654939350329,78.507568359375,67.88974866365132,5.75556098859888,15.701513671875,False
O2EoxahnZq0,vlogs,20,57.15248509457237,81.17041015625,69.75516807154605,19.108669038590403,40.195870535714285,False
O2ZnaHSQxVI,vlogs,20,49.334665398848685,88.01904296875,61.94174290707237,17.61952335673168,31.435372488839317,False
OHolK0VDjSM,vlogs,20,62.49550267269737,143.5732421875,63.26932051809211,5.970520195750201,12.606787109375,False
OPTk031PrOA,vlogs,20,49.525095086348685,130.02587890625,64.98970369037829,4.190604708691343,16.119140625,False
OQc0If1okhU,vlogs,20,54.77961811266447,129.090087890625,63.30451017680921,5.775786849258822,25.818017578125,False
OXe85UVUSfQ,vlogs,20,60.00815943667763,94.96826171875,61.92447702508224,24.00326377467105,37.9873046875,False
Oajj38LBBNo,vlogs,20,61.2582365337171,139.243896484375,71.13300524259868,37.12620395982856,84.3902402935606,False
Oh8KSzucd5I,vlogs,20,59.07938425164474,140.93115234375,61.152969520970395,7.21720492473,28.18623046875,False
OoeZjY_dXBM,vlogs,20,34.8591951069079,61.840087890625,44.611083984375,13.677726216364984,44.974609375,False
OpMvO5jsDzg,vlogs,20,55.11496453536184,99.447509765625,64.07649311266448,7.158941718273739,15.709326171875,False
OsC0R5gSKUI,vlogs,20,60.56541683799342,79.4736328125,64.30538779810855,7.336247669329144,15.8947265625,False
OvF9kRTXBWA,vlogs,20,55.92616673519737,117.7236328125,73.01727102179277,4.923601000014077,22.25537109375,False
PJJbPioyVhc,vlogs,20,68.25361071134868,84.120849609375,68.87451685855264,36.893843627756056,45.470729518581045,False
PT3jReHF3Eo,vlogs,20,59.419831928453945,79.9365234375,60.602715100740134,10.869979507016623,15.244775390625,False
PTXFb1Wklj8,vlogs,20,56.61848530016447,132.112548828125,61.64690583881579,7.453267940343022,26.422509765625,False
PZhd2upaNEo,vlogs,20,34.80272152549342,73.19189453125,40.40138389185855,2.9862913613609376,12.67333984375,False
Pmh5q5P9Fa0,vlogs,20,83.55950606496711,162.4599609375,86.00262643914473,9.59810665227757,32.4919921875,False
Q-cLuusNfmQ,vlogs,20,59.494873046875,83.936767578125,59.20585809004934,26.44216579861111,37.305230034722236,False
Q3Dr2h_gPdo,vlogs,20,53.52999074835526,145.283935546875,74.22210886101973,4.809797366639664,29.056787109375,False
QJkVf1NUOk4,vlogs,20,49.42525442023026,96.876953125,57.88511898643092,19.38245271381579,37.990962009803965,False
QQDZnxErqdo,vlogs,20,60.04435649671053,73.603759765625,66.03220086348684,24.507900610902258,30.042350924744863,False
QR6e1osAG5Q,vlogs,20,66.00583367598684,132.064208984375,71.06473324424343,8.230303386742294,26.412841796875,False
QSQa4KszJvc,vlogs,20,40.32682719983553,83.516845703125,60.75639134457237,15.588609878620971,31.076035610465116,False
QkhvOy5jfD0,vlogs,20,60.09468801398026,104.159423828125,72.77339638157895,5.607430018565172,17.619091796875,False
Qnr03oSkc1Q,vlogs,20,14.522872121710526,45.025146484375,26.505472604851974,4.496645626109545,9.005029296875,False
R-6gnoD1Ork,vlogs,20,65.92578125,105.8759765625,69.82867110402961,7.55190610763694,21.1751953125,False
R1WCu1JTEbg,vlogs,20,61.92048725328947,120.420166015625,76.53946597450658,6.016945781795132,24.084033203125,False
R6lVOmLoJ24,vlogs,20,24.567357113486842,47.700927734375,32.448085423519736,44.66792202452153,86.72895951704534,False
RKoBYwBnUrU,vlogs,20,68.28482216282895,108.816650390625,79.07626953125,6.897715742217969,21.042529296875,False
ROGgkGfiUb4,vlogs,20,41.75278834292763,62.953369140625,52.14642783717105,34.79399028577303,52.46114095052071,False
RQ25uZktqb4,vlogs,20,42.78600431743421,80.132080078125,45.73296669407895,8.557200863486841,16.026416015625,False
RQHfa9sCPaQ,vlogs,20,46.96818462171053,60.94775390625,51.65857961554276,12.52491833290963,22.94131324404762,False
RXOhh8MbMsY,vlogs,20,13.727551912006579,23.829345703125,18.707947419819078,19.610788445723685,34.041922433035666,False
RdyYVmr_Nw0,vlogs,20,72.83412571957237,105.834716796875,73.5609529194079,10.234408408717105,19.774658203125,False
RgsOUkhpnjY,vlogs,20,47.204294305098685,76.9423828125,60.590242084703945,34.68479475054825,126.78645833333333,False
RibgwOOYR54,vlogs,20,60.323190789473685,80.1630859375,63.44605006167763,7.011093357920532,15.984375,False
S-8oDl-h4WE,vlogs,20,16.600881476151315,32.857421875,29.62037546258224,33.20176295230263,65.71484375,False
S-UuLVkMqdg,vlogs,20,58.40271638569079,93.153076171875,64.83429147820723,6.440283964095265,18.630615234375,False
S4PUjj_b7tY,vlogs,20,47.999755859375,91.835693359375,61.793985145970396,7.8326368350130595,18.367138671875,False
S6Oj5DYrFP0,vlogs,20,64.97121710526316,100.869873046875,72.3612394634046,6.558382057157331,20.173974609375,False
S9tmAT2qgcc,vlogs,20,58.25391909950658,91.922119140625,63.15009123149671,5.7784733420690095,14.0935546875,False
SIyGLcpBEzw,vlogs,20,62.70040090460526,78.91552734375,67.25633480674342,31.35020045230263,39.457763671875,False
SKfm5Mxd-NY,vlogs,20,59.13587068256579,76.7353515625,58.65969366776316,8.710827850877193,15.3470703125,False
SNO6x-FOpp8,vlogs,20,36.079923930921055,63.91943359375,47.8075593647204,48.10656524122807,85.22591145833333,False
SOG4eWLptNw,vlogs,20,48.19779245476974,90.572265625,58.91643837376645,3.8748101261906025,8.825439453125,False
SdKMDwv6GZA,vlogs,20,27.82699424342105,68.1572265625,43.19467387952302,29.291572887811633,71.74444901315792,False
Si95ZgS_7hE,vlogs,20,50.62438322368421,83.979736328125,56.04995245682566,22.499725877192983,37.32432725694444,False
T3aMP-s7mEA,vlogs,20,59.763517680921055,91.880859375,67.01617624383223,7.525804369811005,18.376171875,False
T7k6fFQu66Q,vlogs,20,46.76673005756579,69.226806640625,55.908108038651314,19.141827562302332,55.69227430555556,False
T8-kcrF2NLk,vlogs,20,41.96119449013158,85.4658203125,49.00307745682566,19.51683464657283,39.75154433139535,False
TDrUxLCxAY8,vlogs,20,64.133056640625,116.660888671875,70.44550138774672,6.702456878304241,22.0671875,False
TH8lLgW3W40,vlogs,20,56.47937654194079,71.000732421875,63.58288317228618,82.59990479127505,223.435546875,False
TMtIr0LAds8,vlogs,20,61.99758429276316,128.392822265625,73.61954795435855,6.3172366147983405,21.41943359375,False
TUe13tOHvGw,vlogs,20,18.204872532894736,30.1640625,20.300723427220394,13.003480380639099,21.54575892857143,False
TYctIqaOyXA,vlogs,20,55.35532740542763,117.413818359375,59.42060803865132,4.566375932427141,13.6392578125,False
T_RM8gdvjOo,vlogs,20,45.0850251850329,57.61328125,48.12667943050987,5.10362812553618,10.372705078125,False
Tc5LpIAC4vc,vlogs,20,43.77194695723684,77.13671875,62.248291015625,19.473405960302035,142.9208984375,False
TotM8V8UETM,vlogs,20,46.350881476151315,66.956298828125,50.253761050575655,5.1974525382495695,13.391259765625,False
UB43WYdjfVQ,vlogs,20,47.65837016858553,93.410400390625,59.64400442023026,15.872549392221252,61.88585069444444,False
UBIFrQKOsHM,vlogs,20,60.31521124588816,117.621826171875,77.34331311677632,13.912495594454889,33.606236049107146,False
UCQHzrCN-BI,vlogs,20,51.86094263980263,84.61572265625,57.26564170435855,20.744377055921053,33.8462890625,False
UGRy_NEKlgg,vlogs,20,38.08102898848684,77.278076171875,44.52294921875,25.387352658991226,51.518717447916664,False
UQ1SOmnaOG8,vlogs,20,57.24754574424342,71.631591796875,57.89167094983553,11.33657770103206,14.30244140625,False
USQq32xDBLs,vlogs,20,57.47879831414474,89.844482421875,66.70020944695723,6.289726525245906,17.968896484375,False
USp8IWeIXjg,vlogs,20,47.205026726973685,77.423828125,62.79136898643092,5.063138977640168,13.743359375,False
UV5MmScWe0A,vlogs,20,69.81522409539474,129.063720703125,70.3173673930921,24.07421520530853,44.50473127693968,False
Us2rb1cgYQ0,vlogs,20,64.35318153782895,82.441162109375,69.73960731907894,7.447886672047154,16.488232421875,False
Uvf2hyxhKXY,vlogs,20,63.33690121299342,86.1103515625,70.9088533100329,7.089761752049878,17.023291015625,False
UvvRCDbjUgs,vlogs,20,64.99101819490132,89.882568359375,66.87721140008223,7.428826622545258,14.34755859375,False
V6eTTHcch4A,vlogs,20,57.70334344161184,75.6484375,62.000755550986845,24.398050986842104,60.51875,False
VARJThr_8Ws,vlogs,20,59.31126644736842,75.8388671875,61.23931306537829,6.658369337380586,13.208544921875,False
VV8WIdm2zx4,vlogs,20,62.02799907483553,96.830078125,65.37012104235197,7.240817843567098,15.351806640625,False
Vq_YMRYnZzE,vlogs,20,52.706144634046055,80.908935546875,58.18979106702302,5.0484424271523,12.625439453125,False
VwTZDak1iPk,vlogs,20,58.481843647203945,85.629150390625,66.19910181949014,25.426888542262585,37.23006538722825,False
W6P5SBrv8lE,vlogs,20,28.738936574835527,40.6865234375,32.535595703125,4.059271396190598,7.4857421875,False
W6q5vFEedcA,vlogs,20,63.07092927631579,80.401611328125,71.74518015008223,7.015671643682907,16.079296875,False
WFaTbs7ua1U,vlogs,20,56.49659488075658,105.69140625,74.90836245888158,5.584006214834936,17.845166015625,False
WHIx95TaaZ0,vlogs,20,52.163728412828945,110.817626953125,71.12464663856908,5.192984037105954,22.163525390625,False
We_vg9iRdjw,vlogs,20,36.68503289473684,62.659912109375,46.554832699424345,13.091952189292343,41.773274739583336,False
Wo2yToeCvNY,vlogs,20,47.81632915296053,142.5830078125,54.92050652754934,5.696149693842664,28.5166015625,False
WtpxIkNqiwI,vlogs,20,51.14658717105263,84.456298828125,57.88451377467105,18.59875897129187,30.711381392045453,False
XCPoGzqw1rI,vlogs,20,41.47084446957237,90.00146484375,61.43817074424342,36.06160388658466,78.26214334239128,False
XHe_-chR12g,vlogs,20,62.63527960526316,89.416015625,66.56208624588815,16.602930398701123,31.101222826086957,False
XjQ20Vp_tXk,vlogs,20,67.16264905427632,108.20947265625,69.3782560649671,8.954576096935984,21.64189453125,False
Y9--gaZvK-k,vlogs,20,56.7853361430921,86.401123046875,63.30232062088816,30.699096884534704,115.20149739583333,False
YDIGdfNIDW4,vlogs,20,34.3618806537829,61.368896484375,47.018866930509866,40.425741945626925,72.19870174632341,False
YE1qvo9ZXUs,vlogs,20,38.7592130962171,90.989013671875,44.88510999177632,1.771847074685783,5.0197265625,False
Yd9RxRRmzfk,vlogs,20,56.96372584292763,91.544189453125,60.57870965254934,12.505746788847118,18.308837890625,False
YfyC7PQZByQ,vlogs,20,46.949411492598685,97.813720703125,54.545047800164475,3.93891017723944,12.777978515625,False
Yjw1IwCPnYw,vlogs,20,79.72065172697368,115.52783203125,79.70703510485197,9.390418461401428,23.10556640625,False
YkH_HNqizLU,vlogs,20,52.95934416118421,129.34375,63.09960680509868,4.78907732618278,16.8384765625,False
Yt47D2e3OgE,vlogs,20,55.218415912828945,98.8603515625,66.3857087787829,18.71810708909456,33.51198358050846,False
Yy2TJ6aI2Do,vlogs,20,24.758326480263158,55.64501953125,46.19755345394737,49.516652960526315,111.2900390625,False
Z92VfZDrDOE,vlogs,20,52.977487664473685,90.758544921875,64.68703998766448,34.167874765037595,85.8076171875,False
ZV70mT8kgI0,vlogs,20,29.17665501644737,62.4453125,48.77374331825658,2.3925915368609485,12.4890625,False
ZVr5mULU99E,vlogs,20,55.78284333881579,80.846923828125,57.1220947265625,12.81939617156882,21.00181842672414,False
ZdtvArlMDsg,vlogs,20,54.4075349506579,80.085693359375,72.34644711143092,5.616751526936133,15.916162109375,False
Zllwbjy_OCk,vlogs,20,32.33935546875,54.634765625,35.188858192845395,3.63033310123143,9.880859375,False
ZuU-Dr4K_DA,vlogs,20,52.22530324835526,72.964599609375,58.478298468338814,16.66493085469751,36.22265625,False
_4Tg5n6t0is,vlogs,20,57.174509148848685,93.61962890625,65.84846448396381,23.822712145353616,39.00817871093749,False
_DwjdfbTVIo,vlogs,20,64.36871659128289,96.658935546875,72.85591205797698,7.298898748392868,18.71435546875,False
_E9YqfMeO7M,vlogs,20,48.34544613486842,68.3037109375,55.22046926398026,11.01043832652958,16.09044989224138,False
_GfhgcQ0BPY,vlogs,20,66.58439555921052,104.166748046875,71.15392937911184,17.3471928462991,26.491654829545453,False
_GpMQhfS0s8,vlogs,20,60.08908562911184,70.89501953125,63.93651315789474,32.48058682654695,38.32163217905403,False
_hdyLC2UQ7E,vlogs,20,74.29818564967105,100.05419921875,70.79434107730263,26.069538824445985,35.10673656798252,False
_p5wHP2_ero,vlogs,20,35.9491545024671,61.221435546875,42.47603824013158,28.759323601973687,48.977148437500034,False
_rx2O-43lHY,vlogs,20,56.2059904399671,104.963623046875,58.99374357524671,6.467657633291915,14.619140625,False
aDsOOjsAjJg,vlogs,20,50.508634868421055,85.1044921875,62.035679224917764,4.096990814389492,11.07197265625,False
aHs_BvCDfiE,vlogs,20,50.723195929276315,76.2529296875,67.65083778782895,5.598686778749623,13.4537109375,False
aPeRJXXb9r8,vlogs,20,68.13175884046052,95.332275390625,70.3963623046875,16.051873392164307,24.954176682692307,False
aPjm-wBwtLQ,vlogs,20,34.20142886513158,137.8935546875,67.89350457442434,31.09220805921052,125.3577769886362,False
aRErzya4ehI,vlogs,20,51.77562191611842,104.03955078125,61.58194644325658,3.9622656593013974,13.34423828125,False
aXmPUVTlHqI,vlogs,20,48.49040141858553,56.6884765625,51.540281918174344,7.522374263734255,11.294970703125,False
adb2Su_QOQA,vlogs,20,57.45654296875,76.126220703125,65.53888517680922,15.182976453674852,27.682262073863637,False
amHVGaHPQmw,vlogs,20,54.47617701480263,93.565673828125,57.93652986225329,5.7982147947715665,13.729833984375,False
b2kQqnRIkks,vlogs,20,34.88536955180921,62.248779296875,45.58543893914474,43.82183275332959,208.4765625,False
b6KNYVXo1CE,vlogs,20,36.33787777549342,52.16796875,53.25457699424342,12.97781349124765,18.631417410714256,False
bZmM7RTN55I,vlogs,20,63.86741879111842,86.85302734375,67.04247018914474,47.30919910453216,64.3355758101852,False
bbHx4M7CAGw,vlogs,20,58.80593390213816,87.8408203125,63.73675087376645,6.1372992863663445,14.89775390625,False
bihSYt6pa-A,vlogs,20,63.960205078125,93.236083984375,77.30268683182565,6.703263500165665,18.647216796875,False
bpnOQLzg_k4,vlogs,20,52.20280376233553,73.4912109375,64.04054019325658,5.623784456353005,14.6982421875,False
bxUVG02ac3Y,vlogs,20,49.02893708881579,78.56298828125,61.22953587582237,5.54680583787254,15.71259765625,False
c6u6hoOYjfA,vlogs,20,51.23963044819079,87.2705078125,71.04877287212172,5.900043543475608,14.48427734375,False
cBVL8OvOjd4,vlogs,20,52.77693256578947,107.089599609375,65.43281763980264,6.669129719289378,21.417919921875,False
cJCUztbXHYQ,vlogs,20,61.90784333881579,121.666015625,72.0478117290296,6.855369668121387,17.05927734375,False
cTcIgmc48Yc,vlogs,20,58.024324115953945,86.346923828125,69.22228489925986,6.044205807042464,17.269384765625,False
cYFgSWBttKg,vlogs,20,54.932218852796055,78.552490234375,62.81108783922697,19.618649590284303,28.05446079799103,False
cZ20j1DURhc,vlogs,20,58.1388517680921,100.56201171875,63.01747275904605,33.343427049067984,106.16953125,False
chuYzzygbig,vlogs,20,57.338468852796055,80.212158203125,62.15476331208882,10.898293281503612,16.042431640625,False
clTbcnIHHlY,vlogs,20,59.46348170230263,87.435791015625,62.36135639391448,7.462730631014256,17.487158203125,False
coabr-V35u0,vlogs,20,54.28578587582237,90.26611328125,61.19769222861842,26.055013877467104,67.604736328125,False
cz6EnE7_otM,vlogs,20,24.425215871710527,54.058837890625,35.30309544613487,28.735548084365327,63.59863281249989,False
d-Z1Tz8dPZI,vlogs,20,30.112111944901315,91.402099609375,31.28417326274671,15.442108689692983,46.8728715945513,False
dPFlrI1LBKM,vlogs,20,69.98283305921052,118.873046875,73.39182385896382,34.13796734595635,57.986852134146346,False
dZD-GnzYZeU,vlogs,20,45.37755705180921,79.16259765625,60.57343364514803,46.13304256735589,316.650390625,False
d_gZmZAUyj0,vlogs,20,56.03955078125,91.423828125,65.41334935238487,27.908105468749998,111.3359375,False
dlT0TWAhu6o,vlogs,20,63.69639185855263,108.018798828125,66.91570209703947,5.933641868514519,21.603759765625,False
dyufWGuxANM,vlogs,20,63.19123920641447,84.870361328125,69.22988795230263,6.93649776785303,14.381884765625,False
e0GJ1ROdSRM,vlogs,20,56.52706106085526,79.632080078125,60.23632298519737,38.98418004196915,54.91867591594817,False
e0bWrw8kJfw,vlogs,20,51.992033305921055,98.337890625,63.53771330180921,5.375458377993615,19.667578125,False
e4TVi7fFfKg,vlogs,20,36.2970548930921,89.938720703125,58.6183503803454,32.99732263008373,81.76247336647717,False
eI4fLi-VfHM,vlogs,20,63.76633172286184,140.100830078125,72.46012926603619,8.57995901752518,28.020166015625,False
eREXWXoVB1Q,vlogs,20,61.21218390213816,87.99755859375,66.62229132401316,36.00716700125774,51.763269761029434,False
eWoyI3R3VZM,vlogs,20,43.671142578125,75.033203125,50.66075503700658,3.8495308487301103,8.86171875,False
errYHwrihLk,vlogs,20,66.35331003289474,98.60791015625,69.33799085115132,14.490571389003106,19.72158203125,False
fIAMvKNVI1Y,vlogs,20,42.566740337171055,87.220947265625,56.47703407689145,56.75565378289474,116.29459635416667,False
fW9J88dSNfc,vlogs,20,45.632516961348685,95.887939453125,61.21344572368421,23.297032049524855,103.7671875,False
f_dZfS-mNrY,vlogs,20,58.058645148026315,125.261962890625,61.01473324424342,5.360430524258516,10.870263671875,False
ftiSXc3ET_k,vlogs,20,47.78528474506579,69.548095703125,57.34764211554276,7.232389727221002,13.554248046875,False
fx0hSbsc7b8,vlogs,20,42.8419767680921,79.779296875,65.76502492804276,77.89450321471293,145.0532670454546,False
fzNmBTYKo44,vlogs,20,53.630949321546055,75.25244140625,68.01558002672698,35.753966214364034,50.168294270833336,False
g-XMtLI57-U,vlogs,20,53.42044870476974,69.1064453125,60.52029708059211,29.678027058205405,38.392469618055465,False
g6Q1_ewS2Ns,vlogs,20,31.21165707236842,82.3330078125,54.72381656044408,3.8722524534560954,15.6474609375,False
g9H14QjVtR8,vlogs,20,61.20470548930921,127.48876953125,80.63433902138158,6.543469238848558,20.976953125,False
gJ6j73gTwqI,vlogs,20,46.957570929276315,64.207275390625,53.21779913651316,8.735876715454694,12.423046875,False
gJaXPqTGXYA,vlogs,20,62.896677117598685,88.81103515625,64.50893940172698,26.764543454297314,37.79192985372338,False
gRo18Se7JII,vlogs,20,52.748483758223685,76.87939453125,56.573001901726975,35.16565583881579,51.2529296875,False
gYvruH10r8E,vlogs,20,67.03469366776316,83.1015625,68.90535824424342,22.344897889254383,27.700520833333332,False
gc85zHi0Hgo,vlogs,20,47.36167506167763,76.233642578125,56.468868215460525,15.78722502055921,25.411214192708332,False
gcyxEORcYZI,vlogs,20,62.56739566200658,88.623046875,67.50138132195724,7.5332531246478664,15.01142578125,False
gmrUzTZnKik,vlogs,20,61.67240182976974,101.6103515625,63.00708521792763,16.56340888843202,27.266015625,False
gwHGuBgcQGQ,vlogs,20,63.13566509046053,142.9365234375,71.22105263157894,6.8136986440577365,14.778173828125,False
gztOE7GP_Ug,vlogs,20,51.951711554276315,73.09130859375,62.32352359169408,30.559830326044896,42.99488740808823,False
hDM-FkQB0UU,vlogs,20,34.10752467105263,60.22314453125,48.51829641241776,12.870764026812315,22.725714917452827,False
hERVjUq0fOU,vlogs,20,44.18386358963816,73.885498046875,56.63162777549342,4.39753491023257,14.777099609375,False
hIe0zsHOVeI,vlogs,20,36.96229954769737,60.994873046875,40.20949193050987,20.534610859831872,33.88604058159724,False
hRLbHzp99Dg,vlogs,20,52.189992804276315,73.73193359375,55.33653885690789,30.699995767221367,43.37172564338236,False
hg-3aJTmsuA,vlogs,20,63.37544973273026,86.63134765625,68.48014494243421,40.88738692434211,55.89119203629036,False
hlgj0sLCqLQ,vlogs,20,54.43044562088816,116.625,63.47272178248355,5.957905551055736,23.325,False
hndvmi_Y1cw,vlogs,20,66.09734786184211,98.29248046875,71.6307707134046,7.650422388279199,19.65849609375,False
hqMafo-sccA,vlogs,20,24.27149722450658,41.788818359375,29.119455437911185,15.6590304674236,26.96052797379031,False
htojfW08jt8,vlogs,20,54.60972193667763,81.0068359375,62.86835166529605,35.23207866882428,52.262474798387075,False
hu6S8UecnRs,vlogs,20,35.85352847450658,73.9384765625,43.14814067639803,2.4058063501666713,8.390234375,False
hxJ-l95m-no,vlogs,20,55.02663702713816,85.348876953125,59.34223761307566,21.16409116428391,32.8264911358172,False
i9h1Cr5ZCxI,vlogs,20,57.8574861225329,97.743408203125,66.22770867598685,6.64908030171866,19.548681640625,False
iJnxyjl9m6o,vlogs,20,55.66150544819079,172.15283203125,65.56562243009868,5.762713909983324,34.43056640625,False
iNlSuk1hwrc,vlogs,20,64.33443410773026,97.3935546875,65.39691740337172,7.489480132826469,13.994775390625,False
iWNKWXoIWrM,vlogs,20,49.91978053042763,143.030517578125,68.95754908511513,3.7636057286541216,14.272265625,False
iYDwrHRyH6c,vlogs,20,52.8307462993421,70.144287109375,59.35014391447368,5.718830162173044,14.028857421875,False
iYVDLyIKibc,vlogs,20,51.33823756167763,63.0546875,56.52186729029605,5.773069201690468,12.581640625,False
icZ61iP7qPc,vlogs,20,52.85548159950658,73.908935546875,57.075582082648026,19.220175127093302,26.8759765625,False
j4buo3l9MIc,vlogs,20,69.80692331414474,109.078369140625,73.38392783717106,24.532791922465755,76.45170454545455,False
j7mpcXahFkw,vlogs,20,48.61464329769737,79.86328125,57.46203356291118,4.816934632092182,11.94453125,False
jFOMBRA9V00,vlogs,20,59.874704461348685,81.03564453125,68.84988820929276,6.145771417845227,15.502294921875,False
jcdzv0VufgE,vlogs,20,67.90015933388158,99.2197265625,71.69094880756579,7.804159566456606,18.0521484375,False
jiEDV9ww1GU,vlogs,20,53.1691252055921,97.43115234375,59.67617315995066,24.639091625548247,75.510498046875,False
jlMl76DqO6A,vlogs,20,55.32152035361842,78.1962890625,69.62157046669408,85.11003131325911,120.30198317307702,False
jsEWjABwHaY,vlogs,20,56.04489617598684,75.816650390625,61.754415090460526,6.541053324469519,15.163330078125,False
jsbu7FeC970,vlogs,20,58.48539011101974,94.23046875,60.944423314144736,41.77527865072839,67.30747767857142,False
k84Q4hjbzdA,vlogs,20,69.67246607730263,119.685791015625,70.4413998252467,8.189842156703278,23.937158203125,False
k9FxJ-lBkPs,vlogs,20,27.437551398026315,41.36572265625,42.606688168174344,49.88645708732058,75.2104048295456,False
k9teU0bf6mo,vlogs,20,61.59836297286184,88.2275390625,62.42067357113487,7.505312548118844,17.6455078125,False
kClOWvGZi5k,vlogs,20,40.06477436266447,78.07080078125,59.60586065995066,66.77462393777414,130.1180013020836,False
kHbrEHrFPWk,vlogs,20,57.87746710526316,90.309326171875,60.43095831620066,18.179893325732653,32.215234375,False
kdxfISZkUNc,vlogs,20,13.976755242598685,17.611083984375,23.10797697368421,19.966793203712406,25.158691406250025,False
kkxvpLSLXAo,vlogs,20,48.26444284539474,78.739013671875,53.93920127467105,11.502687260142544,21.031168619791668,False
klRAACZNKEo,vlogs,20,37.148835834703945,97.333740234375,49.165456671463815,2.8539593030510573,10.511279296875,False
l-Lhj7Vr4fU,vlogs,20,57.98667506167763,150.743896484375,70.32684133429277,52.715159146979666,137.03990589488663,False
l23lYSy3TE0,vlogs,20,52.15403988486842,65.95263671875,56.75426989103618,24.835257088032584,31.40601748511908,False
lQTdZOKJeV0,vlogs,20,51.470510382401315,65.54638671875,57.38972681949013,18.382325136571897,23.409423828125025,False
lgos2g6rV8c,vlogs,20,83.33200555098684,237.982421875,87.89430381373356,8.299384543708115,37.957080078125,False
lhfv8q6cDJA,vlogs,20,62.592824835526315,80.681884765625,63.67703793174342,23.619933900198614,30.44599425117926,False
ljWUhGZOGjs,vlogs,20,65.68022717927632,182.470458984375,68.3984709087171,7.783345935511335,36.494091796875,False
m-ku9RKRSIA,vlogs,20,55.42923776726974,85.20458984375,62.66004702919408,62.31955523574561,203.701171875,False
mFWr4wNL8Ks,vlogs,20,58.24351099917763,148.266845703125,63.402902703536185,7.819752440412187,29.653369140625,False
mX6qjNKvV7M,vlogs,20,55.48499177631579,78.47412109375,62.766167249177634,6.558082169832464,15.69482421875,False
mYPin0oiSy4,vlogs,20,54.04453638980263,116.8466796875,70.67060932360198,28.44449283673823,61.49825246710531,False
mtvVWNBs-zY,vlogs,20,50.75244140625,127.865234375,62.73519865337171,6.3151475199092895,25.573046875,False
n0JLigY2MIM,vlogs,20,43.01071648848684,55.011962890625,46.22368935032895,4.828121443624271,11.002392578125,False
nBULoKRjsOg,vlogs,20,53.94594212582237,72.178466796875,56.77555638363487,28.392601118853882,37.98866673519733,False
nNXo-JD0h9s,vlogs,20,59.44287109375,78.6689453125,62.9065519634046,28.996522484756095,38.37509527439023,False
nYuExDtWS1U,vlogs,20,63.871145148026315,99.673583984375,70.02911569695723,7.162148566969228,19.934716796875,False
nZzsKTFxqvs,vlogs,20,58.566804584703945,90.0400390625,61.47958984375,6.931376678506561,18.0080078125,False
nlOT60RuNf4,vlogs,20,30.9208984375,53.751220703125,38.70894325657895,47.57061298076923,82.69418569711534,False
noAkdMsJfGQ,vlogs,20,52.70203279194079,139.719482421875,60.69014956825658,5.925534536860116,27.943896484375,False
nqmrFegVTEA,vlogs,20,52.87235300164474,71.904296875,54.91655401932566,5.597364841506777,12.91630859375,False
nuELvro9WBQ,vlogs,20,70.86989874588816,209.779296875,86.97698139391447,6.66486761447793,41.955859375,False
nvavqW7pRw4,vlogs,20,50.47264340049342,216.668212890625,75.22842053865132,5.544638208442137,43.333642578125,False
oIQJvIiUnCM,vlogs,20,58.514494243421055,71.509521484375,60.64551809210526,30.007432945344128,36.671549479166615,False
oJam96xOED0,vlogs,20,77.74351099917763,111.2265625,76.89063784950658,25.914503666392545,37.075520833333336,False
oM69wmG521Y,vlogs,20,54.57726408305921,75.2578125,59.73816174958882,20.59519399360725,28.399174528301977,False
oQbKmCH_YIw,vlogs,20,62.1262849506579,79.173583984375,65.1054353412829,25.885952062774123,32.988993326822936,False
oR1FnxSjBYU,vlogs,20,47.60460783305921,106.1884765625,53.42567331414474,4.4588448122674365,11.1541015625,False
og2BYnhsf4Q,vlogs,20,53.37975431743421,85.212646484375,55.204296875,38.128395941024436,60.86617606026792,False
ogSIiOMRC40,vlogs,20,44.97719212582237,103.5615234375,58.79432822779605,22.488596062911185,51.78076171875,False
omBWSU_uxlw,vlogs,20,63.68418482730263,78.959228515625,64.4732331928454,24.031767859359487,29.79593528891503,False
opY90nNtJOY,vlogs,20,51.60401675575658,65.06103515625,56.00006681743421,38.22519759685673,48.193359375,False
ovG-4C4k_CA,vlogs,20,37.36924342105263,83.350341796875,47.874637643914475,2.8549797234786185,13.924951171875,False
ozEOf31-d5Y,vlogs,20,39.76206568667763,94.42919921875,63.28999151932566,3.6232817323723894,15.13701171875,False
p-nd7uueog8,vlogs,20,55.58677271792763,83.89599609375,65.5439517372533,18.842973802687336,28.43932070974577,False
p4nmsBsiSAg,vlogs,20,59.34078176398026,75.05859375,62.01756399054276,7.178018277246069,14.06767578125,False
pCTi6BYGj2k,vlogs,20,52.97261770148026,91.697021484375,68.62306100945723,5.163613975964922,15.42421875,False
pfmKBxIKVgw,vlogs,20,63.90648129111842,73.2109375,62.05500873766447,13.50283675497337,16.56880580357143,False
przSYPzQ-OU,vlogs,20,60.55088404605263,102.85791015625,67.16256167763157,37.8443025287829,64.28619384765622,False
pwYrwhpdY4A,vlogs,20,36.80345394736842,64.1669921875,48.65308131167763,14.155174595141702,24.67961237980768,False
q1SPT9SrpGY,vlogs,20,41.933503803453945,87.912353515625,57.58987458881579,4.129454090095121,17.582470703125,False
q9Svsb5eT_8,vlogs,20,61.24141652960526,96.1044921875,67.67306743421052,21.117729837794922,33.13948006465511,False
qLk_nW3K-Fs,vlogs,20,45.56612356085526,72.34033203125,53.650236430921055,38.82549220582798,139.86979166666666,False
qRs6m8NZkbc,vlogs,20,48.59187397203947,90.946044921875,54.372129420230266,15.603393387483584,50.25763494318182,False
qVGhMB7CQMQ,vlogs,20,59.92317280016447,89.43603515625,64.7532560649671,23.969269120065793,35.77441406250003,False
qixDTptkwvg,vlogs,20,62.222502055921055,87.376953125,63.11242033305921,7.463365659309991,14.68916015625,False
qqP46ErdbH4,vlogs,20,61.440378289473685,100.283447265625,69.53915501644737,6.682045545396643,20.056689453125,False
r1uJgOyGxuU,vlogs,20,56.93982576069079,100.127197265625,68.92519402754934,28.469912880345394,50.0635986328125,False
rUqPHjp8DmM,vlogs,20,56.81400339226974,78.85791015625,67.2790373149671,58.35623445821585,291.1005859375,False
rj9EidZ-8Ng,vlogs,20,43.89003392269737,78.395263671875,50.41536929481908,3.8496349968177563,12.941259765625,False
rjStpAsYO0w,vlogs,20,51.2666015625,77.24365234375,56.15202508223684,17.37850900423729,26.18428893008472,False
rlK3sQtFIF8,vlogs,20,60.71483090049342,79.651123046875,62.48202482524671,36.79686721242026,48.27340790719698,False
rnr-3giSYZ0,vlogs,20,56.90810032894737,88.5224609375,66.10912057976974,29.95163175207756,46.590768914473685,False
ruW1ybmf5Y0,vlogs,20,38.74500154194079,82.634033203125,60.330689761513156,48.431251927426,103.29254150390616,False
s1Uc6prtY_A,vlogs,20,36.26960834703947,66.52294921875,50.44129060444079,13.353933295151942,38.5390625,False
sGvKQl7TKF4,vlogs,20,50.51223273026316,82.539794921875,58.56889134457237,9.44195067969996,16.507958984375,False
sNgrF5WEWwI,vlogs,20,30.570106907894736,52.46630859375,43.15074527138158,50.95017817982457,87.44384765624979,False
sUeI-MIKi-E,vlogs,20,57.881540398848685,95.06298828125,63.0707763671875,41.34395742774906,67.90213448660712,False
sXlia6MGXDQ,vlogs,20,60.35721628289474,71.52392578125,59.66942459909539,7.036399807631424,12.971435546875,False
scQQhkvwFVU,vlogs,20,59.8851896587171,71.910400390625,59.52574655633224,9.467813329377242,14.382080078125,False
smDNqTLsozk,vlogs,20,69.3360659950658,101.61474609375,70.17853104440789,7.94402655739926,16.2892578125,False
tD0O7BPeH5k,vlogs,20,65.85199938322368,150.259033203125,74.49036158511514,8.123717709889693,30.051806640625,False
tGOxevJ99qY,vlogs,20,52.89561060855263,72.999755859375,61.16646150287829,5.377290764280207,13.279296875,False
tWBnjnN1gkU,vlogs,20,64.46565326891448,78.79443359375,68.07235685649671,33.05930936867409,40.407401842948694,False
tYt9L2jVNbw,vlogs,20,72.31711297286184,144.2802734375,78.04801603618421,35.27664047456675,70.38062118902438,False
tZD_pq3iNuA,vlogs,20,63.176423725328945,117.943359375,73.06238563939145,7.2994275082685345,22.632568359375,False
tfdct-wgeBI,vlogs,20,68.06113795230263,88.284912109375,70.73463841488487,8.216527932163677,17.656982421875,False
toZCpKnsKxw,vlogs,20,61.9559904399671,100.383544921875,65.38316072162829,24.296466839202786,39.36609604779405,False
tqALj8TtaK4,vlogs,20,48.36546566611842,81.150390625,64.19027806332237,42.94708401864035,277.2451171875,False
tuSe3Ll_-Hc,vlogs,20,49.796630859375,97.543701171875,52.61485659950658,6.481786186180848,19.508740234375,False
tz1SsUWmuUA,vlogs,20,58.529296875,117.426025390625,69.6139250102796,23.395361842105263,89.9724609375,False
uCAiHhxQ_c0,vlogs,20,62.08133737664474,91.03955078125,68.50102153577302,8.20039344203124,18.20791015625,False
uFIfzUG6O6o,vlogs,20,57.66243061266447,77.501708984375,58.57673596833882,14.818451822278181,26.95711616847826,False
uGZlWxT96UQ,vlogs,20,62.97865696957237,82.448486328125,66.18061908922698,7.619130371369297,16.489697265625,False
ueKkURCQAGQ,vlogs,20,51.073884662828945,61.01611328125,53.38516909950658,17.024628220942983,20.338704427083332,False
umor6nrsxBA,vlogs,20,30.711155941611842,46.126953125,31.24806614925987,10.968269979147086,16.47391183035714,False
v7mPOyjo7bQ,vlogs,20,71.04810855263158,93.513427734375,74.7282869037829,24.499347776769515,32.24600956357768,False
vMBIUfSEvFk,vlogs,20,69.59687243009868,125.083984375,74.77114771792763,8.039810495950041,20.918408203125,False
vOwwfcQ6P4M,vlogs,20,59.8826326069079,94.26171875,66.04680047286185,38.63395652058574,60.8140120967742,False
vdaaeEBuF9E,vlogs,20,47.71028217516447,82.501220703125,62.81639597039474,8.369378164505934,16.500244140625,False
vmKlgszlLxw,vlogs,20,8.890560752467104,20.94873046875,13.048283305921053,11.113200940583882,26.185913085937475,False
vooXvPq8I4s,vlogs,20,39.7891267475329,67.15234375,50.05904605263158,3.681300486277161,13.43046875,False
vt_trYMPe98,vlogs,20,57.951608758223685,101.81201171875,67.3472900390625,46.36128700657895,81.449609375,False
vyuhUmPx3Q4,vlogs,20,34.61415501644737,55.53759765625,40.31070492393092,16.482930960213036,26.446475074404745,False
vz0hfyu04fs,vlogs,20,63.440275493421055,85.58642578125,65.12316509046053,8.054669313547612,16.138232421875,False
vzIuF1bE9M4,vlogs,20,55.84571597450658,83.000244140625,64.67163856907895,19.265869272414808,39.348307291666664,False
wEllttU-_KQ,vlogs,20,71.78826583059211,95.248291015625,76.14125205592106,59.823554858826775,79.37357584635397,False
wL9coPncshg,vlogs,20,54.7056306537829,82.207763671875,63.83641935649671,5.860518397261505,16.441552734375,False
wSsh6KZ2rPw,vlogs,20,43.52915553042763,72.671142578125,60.39250231291118,4.593968033200656,14.534228515625,False
x8dtbDUPEac,vlogs,20,59.628610711348685,81.9189453125,64.35568719161184,10.930421692251462,15.07509765625,False
xXsRWCcVmbY,vlogs,20,42.765714946546055,85.08447265625,62.08708367598684,16.448351902517718,32.724797175480795,False
xcqLis5gwBA,vlogs,20,51.04714483963816,80.135986328125,52.545083778782896,5.856891933302207,16.027197265625,False
xitmTnH_hYM,vlogs,20,18.05703895970395,76.81298828125,29.64945646587171,6.335803143755773,26.95192571271935,False
xmadIOQ47nE,vlogs,20,62.36369243421053,87.91552734375,68.37158460115131,7.398126406397904,17.58310546875,False
xpgraI4i1yg,vlogs,20,61.47292608963816,157.05810546875,66.82908742804277,7.779005843903622,31.41162109375,False
xtBttbCRyXE,vlogs,20,66.4366390830592,156.549560546875,80.39862381784539,8.68215692610894,31.309912109375,False
xvE6ssuTzfM,vlogs,20,43.15006938733553,82.66748046875,53.29111842105263,8.630013877467105,16.53349609375,False
xze98OyMwiY,vlogs,20,53.926115337171055,70.60205078125,62.08716462787829,20.34947748572493,26.64228331367926,False
y0ZlIs_DSgg,vlogs,20,59.067961040296055,92.53125,64.22279502467106,9.649815952904298,18.50625,False
yJ0X8GQgIiA,vlogs,20,51.6036955180921,103.638671875,55.973598118832236,6.376913069209461,20.727734375,False
yU0ejzuYGkM,vlogs,20,47.798288445723685,69.32861328125,55.70663934004934,7.530668903802297,13.647705078125,False
ybwvs5h_iFo,vlogs,20,54.0828279194079,88.314453125,69.30339997944078,5.978588758669964,15.9087890625,False
ycoFmUmRbfE,vlogs,20,52.80507298519737,92.76806640625,65.02483681126645,7.130141472965323,18.55361328125,False
yuYv9EqN_6E,vlogs,20,14.494885896381579,31.464111328125,19.369601922286183,18.118607370476976,39.3301391601563,False
z2UwRgdmDsw,vlogs,20,77.97174393503289,115.583984375,84.73767860814145,9.298087600355075,23.116796875,False
zBmhD4z8cfo,vlogs,20,73.66935649671052,98.575927734375,76.56572651110197,8.728932195184127,19.715185546875,False
zD1U6iPBMxM,vlogs,20,40.83201840049342,88.3310546875,63.43317228618421,6.324471583595537,17.6662109375,False
zKQAp7828Ck,vlogs,20,64.62758275082237,107.245849609375,76.79463918585526,7.012038902769007,21.449169921875,False
zTW8nTMcQ7k,vlogs,20,40.84922388980263,56.252197265625,47.31755756578947,29.17801706414473,40.1801409040178,False
zWcQ-Pketoc,vlogs,20,56.55434056332237,112.679443359375,67.85478515625,24.58884372318364,48.991062330163025,False
zdr_Arnbn3Y,vlogs,20,55.732370476973685,90.262939453125,62.95374049136513,44.58589638157895,72.21035156250011,False
zeqV2FTtYnU,vlogs,20,31.23373252467105,84.336669921875,40.59132786800987,5.035126258029095,16.867333984375,False
zgnniAfpU6M,vlogs,20,61.9208984375,120.21728515625,72.49893092105263,7.6357658315286985,24.04345703125,False
znIcnzv7kHM,vlogs,20,53.88137335526316,77.009033203125,61.041811009457234,6.033748973376713,15.401806640625,False
