feature,F0semitoneFrom27.5Hz_sma3nz_amean,F0semitoneFrom27.5Hz_sma3nz_meanFallingSlope,F0semitoneFrom27.5Hz_sma3nz_meanRisingSlope,F0semitoneFrom27.5Hz_sma3nz_pctlrange0-2,F0semitoneFrom27.5Hz_sma3nz_percentile20.0,F0semitoneFrom27.5Hz_sma3nz_percentile50.0,F0semitoneFrom27.5Hz_sma3nz_percentile80.0,F0semitoneFrom27.5Hz_sma3nz_stddevFallingSlope,F0semitoneFrom27.5Hz_sma3nz_stddevNorm,F0semitoneFrom27.5Hz_sma3nz_stddevRisingSlope,F1amplitudeLogRelF0_sma3nz_amean,F1amplitudeLogRelF0_sma3nz_stddevNorm,F1bandwidth_sma3nz_amean,F1bandwidth_sma3nz_stddevNorm,F1frequency_sma3nz_amean,F1frequency_sma3nz_stddevNorm,F2amplitudeLogRelF0_sma3nz_amean,F2amplitudeLogRelF0_sma3nz_stddevNorm,F2bandwidth_sma3nz_amean,F2bandwidth_sma3nz_stddevNorm,F2frequency_sma3nz_amean,F2frequency_sma3nz_stddevNorm,F3amplitudeLogRelF0_sma3nz_amean,F3amplitudeLogRelF0_sma3nz_stddevNorm,F3bandwidth_sma3nz_amean,F3bandwidth_sma3nz_stddevNorm,F3frequency_sma3nz_amean,F3frequency_sma3nz_stddevNorm,HNRdBACF_sma3nz_amean,HNRdBACF_sma3nz_stddevNorm,MeanUnvoicedSegmentLength,MeanVoicedSegmentLengthSec,StddevUnvoicedSegmentLength,StddevVoicedSegmentLengthSec,VoicedSegmentsPerSec,alphaRatioUV_sma3nz_amean,alphaRatioV_sma3nz_amean,alphaRatioV_sma3nz_stddevNorm,equivalentSoundLevel_dBp,hammarbergIndexUV_sma3nz_amean,hammarbergIndexV_sma3nz_amean,hammarbergIndexV_sma3nz_stddevNorm,jitterLocal_sma3nz_amean,jitterLocal_sma3nz_stddevNorm,logRelF0-H1-A3_sma3nz_amean,logRelF0-H1-A3_sma3nz_stddevNorm,logRelF0-H1-H2_sma3nz_amean,logRelF0-H1-H2_sma3nz_stddevNorm,loudnessPeaksPerSec,loudness_sma3_amean,loudness_sma3_meanFallingSlope,loudness_sma3_meanRisingSlope,loudness_sma3_pctlrange0-2,loudness_sma3_percentile20.0,loudness_sma3_percentile50.0,loudness_sma3_percentile80.0,loudness_sma3_stddevFallingSlope,loudness_sma3_stddevNorm,loudness_sma3_stddevRisingSlope,mfcc1V_sma3nz_amean,mfcc1V_sma3nz_stddevNorm,mfcc1_sma3_amean,mfcc1_sma3_stddevNorm,mfcc2V_sma3nz_amean,mfcc2V_sma3nz_stddevNorm,mfcc2_sma3_amean,mfcc2_sma3_stddevNorm,mfcc3V_sma3nz_amean,mfcc3V_sma3nz_stddevNorm,mfcc3_sma3_amean,mfcc3_sma3_stddevNorm,mfcc4V_sma3nz_amean,mfcc4V_sma3nz_stddevNorm,mfcc4_sma3_amean,mfcc4_sma3_stddevNorm,shimmerLocaldB_sma3nz_amean,shimmerLocaldB_sma3nz_stddevNorm,slopeUV0-500_sma3nz_amean,slopeUV500-1500_sma3nz_amean,slopeV0-500_sma3nz_amean,slopeV0-500_sma3nz_stddevNorm,slopeV500-1500_sma3nz_amean,slopeV500-1500_sma3nz_stddevNorm,spectralFluxUV_sma3nz_amean,spectralFluxV_sma3nz_amean,spectralFluxV_sma3nz_stddevNorm,spectralFlux_sma3_amean,spectralFlux_sma3_stddevNorm
F0semitoneFrom27.5Hz_sma3nz_amean,1.0,0.06951752092572284,-0.12179519341984024,0.06270274832823744,0.8793605066305904,0.9608666914794929,0.8865270804707768,0.0355584283608773,-0.3480757925679115,-0.11394088194504685,0.20084480482350997,-0.22133505255214359,-0.3435539138507102,0.5021486627264151,0.5635148186026956,-0.2380576923125234,0.4054240944802774,-0.4612039359596126,-0.043243569921218215,0.18681574124236766,0.456477576732224,-0.3365669153442524,0.4138320820979298,-0.4744985450165173,-0.1060706834997221,0.2812566233117386,0.255495397796949,-0.34343121883229255,0.5981821698231614,-0.24547894242747598,-0.23586029450022233,0.33228046397443034,-0.13960988473407715,0.39608401162672174,0.07756443116713599,0.3306054531328625,0.6521278202781043,-0.5857013169340659,0.2623338607897354,-0.28347060616179437,-0.5713034950929322,0.5752601207090644,-0.030981842523652395,-0.020892998879494147,-0.4184072999518446,0.2901545657843504,0.27098412113859277,-0.16088751541960894,0.21563247425995505,0.3777788147302299,0.45899651297962785,0.38078557410306163,0.45794504220607474,0.27023750533609153,0.3509204098121012,0.4088060746382335,0.4349966823073991,-0.041031919308989695,0.3240626334186346,-0.6116838295131112,0.6018543572581956,-0.45049122957239146,0.2403349258697079,-0.7188672493214192,-0.26681679231041067,-0.6705492555265019,-0.32774405745117347,-0.5579272940165874,0.01464922235253143,-0.48244115802575693,0.1799241933466796,-0.6450903610293859,0.12364581152913753,-0.5806516433775215,-0.06981266343460778,-0.13814260828625305,-0.05426085673939245,0.19906187992488994,0.01776856672694567,0.4122892133159917,0.09753746494183914,0.277283553671558,-0.28762219461852473,0.2156226916949788,0.30147106833786685,0.06593601249175812,0.2894093200738554,-0.02721527166714308
F0semitoneFrom27.5Hz_sma3nz_meanFallingSlope,0.06951752092572284,1.0,0.6000243972555891,0.5665418725721845,-0.15713097572789436,0.12034856527657439,0.2934449764884701,0.8217641634522964,0.6113028035280647,0.4671239715306231,-0.43179100104226803,0.42815736366075274,-0.23400687023203298,0.2697520222214026,0.22415017968972112,-0.02567857447182983,-0.34766780878022147,0.30459751800764684,0.2428473810359005,-0.13699868931874262,0.10393909119916929,0.08782328837584238,-0.3446397476868125,0.29486197262027963,0.02882313157383533,0.010409217025724905,-0.006353477315121841,0.061893366708889536,-0.32484474688291265,0.538629067085671,0.2307803764610233,-0.44232637175576706,0.22779908460630308,-0.22413229262137951,-0.049306918840396896,-0.05413131372808214,0.2137314379895544,-0.24299256030289434,0.10628287936051,0.09348019654561633,-0.17176938435915298,0.21495625602969223,0.4019695208736085,0.22939913915572813,-0.3040202636995276,0.4242389626491451,-0.11859875414776665,0.28993439822181555,-0.18508770536536312,0.15555111112108086,0.004983383231796267,0.0866978197092526,0.09909476938208311,0.17240386581823383,0.1420235965861472,0.14069145712003325,0.11862011814254453,-0.07641716512257858,0.19655706071844484,-0.23934659991851556,0.24041763312141254,-0.16488361014448363,-0.011697713040357447,-0.11514757301819692,-0.09943998299062351,-0.09207321341340985,-0.06288752380835551,-0.16955770937310213,0.052893434705529416,-0.10388140507570556,0.0712304207577211,0.07163525325056587,-0.15475911354986271,0.11790824460831797,-0.1278576469304681,0.2644596162615526,-0.3404910894425754,-0.30807679392882886,-0.12572864195893685,-0.2979400640787265,0.165357200040414,0.19620339287794863,-0.17551551010660213,0.2733569300344796,0.12045899059572958,0.10224514224418811,0.1642612906076546,-0.030328087437271934
F0semitoneFrom27.5Hz_sma3nz_meanRisingSlope,-0.12179519341984024,0.6000243972555891,1.0,0.4783556152996793,-0.2932778606706354,-0.046026114628515385,0.09740490584400342,0.38536207351103646,0.6444110244027685,0.8734454143209816,-0.4027088189174164,0.40953184962463873,-0.081104572815737,0.10569351012815059,0.08249445141964563,-0.03218146375477853,-0.3822747887199492,0.3679805910533272,0.2523221987688023,-0.16106672410030962,0.009184183796975704,0.08711073965739989,-0.383024278808078,0.36703229432720424,0.06124502714357311,-0.031251736407987694,-0.013157788590721437,0.09785828747089037,-0.3806000095070921,0.5257615057442855,0.2262494075280103,-0.4691603110606506,0.18698398625431611,-0.28912993636281914,-0.01290886080588005,-0.1603788340988724,0.01621552102841125,-0.10201755363587243,0.0209358785101769,0.17382211568995315,0.010197578039346773,0.07721188190766856,0.3192099847235384,0.2461980434192675,-0.17161299356808643,0.37769071062302717,-0.14997789504602896,0.32230462679254274,-0.23436912242967653,0.02276365897423405,-0.12608771666670504,-0.025069000215383563,-0.059812827022370875,0.06694711636027013,0.014560887921119238,-0.0012255869848637937,-0.007888637742558558,-0.03962329861785812,0.08819559067236246,-0.048512676284817785,0.0695625683911729,-0.024732826251739,-0.04299944305880994,0.09562430986334818,0.0018126077062802595,0.12257400550368067,0.07301787704793575,-0.03978913529778128,0.09273994935555774,0.008629331743938417,0.034787445933028925,0.20577967786689333,-0.19391324008786348,0.23912909576569055,-0.1111882507986428,0.2487800066760786,-0.3020401113773414,-0.344587740733324,-0.1347733054920599,-0.37355839436385885,0.20175707818640795,0.09103660914069824,-0.09527790752844909,0.1658789078888235,-0.010997165615566544,0.15804283450722917,0.045541369369844514,0.034944524734226705
F0semitoneFrom27.5Hz_sma3nz_pctlrange0-2,0.06270274832823744,0.5665418725721845,0.4783556152996793,1.0,-0.33075105617753864,0.12795601177581178,0.4359082750429625,0.30925469663999233,0.761871032993631,0.34396109258330276,-0.35213612527526805,0.3490694210453564,-0.2839327839025178,0.30519138527140466,0.2749874961227121,-0.035590706797304666,-0.27473256657978823,0.2339766115545436,0.2592065266429437,-0.2209338481928152,0.12405831032925126,0.09950749298836782,-0.27485213840203,0.23133661054730298,0.04084593547227256,-0.07915105506605986,0.025583012960471,0.061500775816637945,-0.3838017978958146,0.6435611481579666,0.22471903351253641,-0.31691851104133206,0.23060092225722653,-0.09796487495903698,-0.07928777311474584,-0.07274160353490211,0.2205449668363503,-0.2576173449285841,0.1780943725392445,0.1143400404411654,-0.15903168737686776,0.20577863351115563,0.4699186534584088,0.1322683974701262,-0.32094453210994855,0.4407922774808973,-0.1361710048221843,0.27417870268146183,-0.19253519568429645,0.2055127062470233,0.031933973896027465,0.1315203377087125,0.1330243392704685,0.205399053787731,0.1920939768347387,0.18960802923388592,0.1524165514303282,-0.09195178484996624,0.25293611322369813,-0.27144810726883783,0.2725154941105863,-0.14087680755871906,-0.04192633497183419,-0.13398486423521008,-0.10357330609558807,-0.11862051495823778,-0.06951618387263585,-0.24850216659149132,0.04507544293083769,-0.16270977776991055,0.0566765951779258,0.1132050101456248,-0.20143124314465718,0.13243969452111218,-0.14690702711212872,0.24855630528221953,-0.35482032733833213,-0.3226811266515938,-0.15292636688387384,-0.30746217395094183,0.13978217177457553,0.21481956694783455,-0.1800895612039177,0.3288242886408452,0.17237526862362051,0.11959785907666032,0.22700926657678247,-0.028228336209371055
F0semitoneFrom27.5Hz_sma3nz_percentile20.0,0.8793605066305904,-0.15713097572789436,-0.2932778606706354,-0.33075105617753864,1.0,0.7997771425798231,0.6135289369251378,-0.07674016564985761,-0.6284517624102739,-0.22424226598576408,0.3431891573092072,-0.3606905260395667,-0.1646871698276862,0.32243793317597025,0.38389422930126993,-0.17675365906974055,0.49736767520485226,-0.5311408486307388,-0.15514970062155897,0.280931220621418,0.3587009908492869,-0.3284268553156125,0.5047316861326235,-0.5424892958349016,-0.11086621500988943,0.2951079351772737,0.2337527098939981,-0.3261422748228737,0.7281646315712919,-0.49345820871257834,-0.32216299556049116,0.4425011809178541,-0.2182115830561986,0.4109323161730823,0.09806683020329948,0.3057986000129121,0.4825850132098909,-0.41071590422947934,0.15829739751413574,-0.27924898369677,-0.4343763125549036,0.4313740583011985,-0.2027377628728099,-0.033390837554201185,-0.2185876368920994,0.09094573632713403,0.3131278235700952,-0.2227887463838504,0.2755663939237543,0.24876450730597288,0.40854010052945555,0.28345981895249445,0.3666925314985227,0.14664292617042182,0.22876609226459474,0.2879309210211433,0.338659578649992,0.027694410823074986,0.18026386955430335,-0.41245883919376075,0.41945897012813393,-0.3192242863227188,0.2258603153630041,-0.6003845815326525,-0.19526394149144058,-0.5560725259548989,-0.26641537473853877,-0.40152553425347887,0.006686230963723233,-0.36950553425743565,0.15064461833312834,-0.653641782714652,0.1873720116995679,-0.5966789996145089,-0.021524850722217763,-0.2213531698538543,0.11679776087681486,0.3157145642016264,0.06810219435801287,0.5256394747871821,0.04975023191138229,0.13750892428753503,-0.1849881799018052,0.05029753023531253,0.20441949039654933,0.033413631753345996,0.16247615894668768,0.006814467531985967
F0semitoneFrom27.5Hz_sma3nz_percentile50.0,0.9608666914794929,0.12034856527657439,-0.046026114628515385,0.12795601177581178,0.7997771425798231,1.0,0.8877523012498378,0.06036362391787341,-0.2568692486309106,-0.06124238414356305,0.1580723765474165,-0.17363938326292494,-0.32113851181074293,0.46832206922130987,0.5548937488487687,-0.26608165977724124,0.3621275180762999,-0.414445938212055,0.00575517696541346,0.154205822171695,0.4364932058415831,-0.3438091275437854,0.36961212938839105,-0.42608032567394644,-0.07713706047072769,0.2848069590101675,0.23546166578770591,-0.3371760748188691,0.5394763979080234,-0.1746089264957354,-0.22886964078318506,0.2611102924374332,-0.14625255185252276,0.33779179907299794,0.09684860996083092,0.25630020031927436,0.6312262227380893,-0.5571970662704867,0.28317601873773574,-0.21961734051887455,-0.5586163299243756,0.5529342114667269,-0.03316812130622671,0.00870598337313607,-0.43404486878980536,0.33247954389174716,0.267787863493604,-0.11835260798948032,0.20418737080126312,0.394632976935342,0.44040373144057776,0.37804613228716333,0.4353676842514036,0.30486711400046046,0.3701452912539111,0.4163791047230398,0.42141640355972404,-0.08670804314242404,0.3303052648590641,-0.6080390635242358,0.5664596882905112,-0.4248682637910993,0.184637217754998,-0.687041329484991,-0.2601019225064056,-0.623073043436618,-0.2944074210220354,-0.5447883196292983,0.015972582957220902,-0.45073255372721,0.1650276769445164,-0.6026939106899054,0.10814397537555262,-0.5278794204642033,-0.08167726313867063,-0.1417439555308194,-0.09194167081500708,0.10951307464869581,-0.041385949012152604,0.3116269975098779,0.12691446533529374,0.27692409294134523,-0.2661400537407892,0.25412943981038955,0.30921909617496174,0.05037193747430353,0.31260470168998994,-0.0644175602305824
F0semitoneFrom27.5Hz_sma3nz_percentile80.0,0.8865270804707768,0.2934449764884701,0.09740490584400342,0.4359082750429625,0.6135289369251378,0.8877523012498378,1.0,0.13619351414797048,0.014881799790402245,0.03241243397731917,0.0027757771255501997,-0.020313255105814117,-0.41916003781809547,0.5512297757938653,0.6139815519237622,-0.2732301782040857,0.21301941254122062,-0.2754182681871372,0.10191481198238832,0.048823971312842954,0.4450145043022074,-0.2946738831128303,0.2201009706522075,-0.2868500387963103,-0.05729326106539029,0.21743064877862506,0.2197415031207225,-0.29652271555240733,0.3379310239241526,0.05708102191973977,-0.09813919602501782,0.12599107423882935,-0.03284570462071663,0.26061800092987936,0.060497428524958125,0.2373309158149914,0.6637552450379395,-0.6086689495161096,0.3221035505516522,-0.18680290473411254,-0.5712850355481888,0.5814968831639786,0.14448855413946665,-0.0008615145157385444,-0.5298302278481821,0.4430396562272303,0.16827687821532164,-0.04789740863601026,0.1256350195590482,0.43678935269501207,0.4047341150660404,0.40068024989028045,0.44352969663819286,0.3541628277791214,0.4089183426535017,0.4499731632164582,0.4290585232194808,-0.11980642536842649,0.40136396727849105,-0.6640159055694805,0.6259609565169119,-0.4600007125704298,0.16601862847127014,-0.6723839214131507,-0.2695091395610374,-0.6182633868153101,-0.30511596251616574,-0.587024658086408,0.022561284135946276,-0.4752717766006772,0.1583560335271435,-0.49993757432672015,0.03511148866929129,-0.43155138258030357,-0.10372448722360667,-0.030339533144428103,-0.21965743961030457,0.0014882592331856642,-0.07017418135539225,0.1853478914476647,0.12354325052630927,0.3386179573016913,-0.31337422455580827,0.3506309280442687,0.34657226398875507,0.07858759655834423,0.3697298833721562,-0.07456145755702973
F0semitoneFrom27.5Hz_sma3nz_stddevFallingSlope,0.0355584283608773,0.8217641634522964,0.38536207351103646,0.30925469663999233,-0.07674016564985761,0.06036362391787341,0.13619351414797048,1.0,0.3618996489987898,0.37560243535320204,-0.24477699113050916,0.2393597312253906,-0.10073939889530685,0.16564334369902003,0.08676293284079754,0.07311788583225196,-0.20369231772705257,0.17364904725948266,0.09881493945845214,0.019476867776744032,0.04207898498072346,0.12592162465060153,-0.20115837601792444,0.16356376386983734,-0.010487501519399443,0.04858664903854682,-0.011165741490519158,0.1254518264422806,-0.1196256529469183,0.28246556977197734,0.14071319985539862,-0.23259091416888492,0.19650066095479746,-0.07648074472003384,-0.17947799017138333,-0.013349557403289277,0.09196268834114064,-0.17379184464864914,-0.05336112337017182,0.04600606438533685,-0.0761155165285313,0.16767588902182312,0.2120771215470396,0.22627203655993794,-0.11079729114311232,0.23365461706146515,-0.047931783684460404,0.21483001756885256,-0.21352476619345842,-0.0208974935134156,-0.04258060018884402,-0.034493978858693854,0.00953653457893296,-0.009810059224942123,-0.03135993409890077,-0.020043458268671304,0.05269234084532574,0.08066289263477563,0.053680594559588825,-0.0658904434548327,0.1492492640947857,-0.05052407963168019,0.03028340988131986,-0.07698433563239784,-0.0973735912981368,-0.06407320176538216,-0.03833442934093687,-0.039987099916246674,0.10649195523945888,-0.02542873597255998,0.11402188184718086,-0.013179899039236184,-0.13729970794497318,0.02500185111564065,-0.11811974233259971,0.17251461038288898,-0.148282881850456,-0.11621362532901684,-0.0036139447246929315,-0.10366823738053099,0.16819978841223923,0.10441639099984866,-0.16265411519373676,0.04346210062945658,-0.02679138648790038,0.15248435250422185,-0.023639282728254614,0.10066185818954194
F0semitoneFrom27.5Hz_sma3nz_stddevNorm,-0.3480757925679115,0.6113028035280647,0.6444110244027685,0.761871032993631,-0.6284517624102739,-0.2568692486309106,0.014881799790402245,0.3618996489987898,1.0,0.4904079227501257,-0.5267491846881083,0.5352962098133973,-0.1183982082330146,0.11282376699775952,0.07157991230283284,0.02181398146929628,-0.5296373889777916,0.5105587509007876,0.3577270689105449,-0.297138644437999,-0.03125718324632483,0.20038721512538243,-0.5320956819577078,0.5115569220295605,0.12565886057919448,-0.16825345712226009,-0.06301922861911954,0.183484787371911,-0.6433863034627338,0.7830451890126912,0.38968534756173584,-0.5151506211795203,0.3524966867999287,-0.3001314877942484,-0.1326766452074068,-0.2571019891312537,-0.06980047420758928,-0.038060426472339114,0.04820379735393474,0.27347134818739904,0.09422977908031378,-0.002939252358658432,0.4268730896128211,0.17240855573532854,-0.1681493848026587,0.401059804898061,-0.22508768133891222,0.39608596099973925,-0.353220849027242,0.01970807942588883,-0.2084936321285419,-0.05396264926387024,-0.09893495729069979,0.07707759218070794,0.01498098939409861,-0.012951930968461348,-0.053114928542241854,-0.058680737514244186,0.11782233203652336,-0.028466996382013148,0.04694148749709995,0.01937972727207825,-0.11555488866828602,0.19530263990575172,0.019204561911695745,0.2053129973977059,0.08452076838946643,0.026050157809999443,0.024378922111657885,0.08765201437304938,-0.015599782391999027,0.3941307888642243,-0.2239711110671192,0.41118396800240137,-0.1279697286088388,0.2934883546166962,-0.3561195828720579,-0.4892980149940502,-0.16093183723893223,-0.5562737965721274,0.15797746849876868,0.13058590687959912,-0.08874231155399033,0.2392689625575096,0.01541514179500656,0.13173155518837928,0.0844594712230012,0.007695479313490787
F0semitoneFrom27.5Hz_sma3nz_stddevRisingSlope,-0.11394088194504685,0.4671239715306231,0.8734454143209816,0.34396109258330276,-0.22424226598576408,-0.06124238414356305,0.03241243397731917,0.37560243535320204,0.4904079227501257,1.0,-0.24593149187783825,0.24919511054683682,-0.0724961328372281,0.1020723739224838,0.019859129634696403,0.06312090873876433,-0.23931122297311863,0.22832194306342068,0.10624253978761393,-0.03516934266453232,-0.007610025985303751,0.1486016954115876,-0.23879999404638252,0.22383706088525154,0.0053789346177422,0.0031859987530579747,-0.009052439235028555,0.15516167300662265,-0.23505286838825332,0.35077992350222365,0.1338271078943592,-0.30186870587168063,0.13919387027526003,-0.16193435339516757,-0.05878211904498355,-0.08982485791215437,-0.01688698492413872,-0.10894573425339743,-0.039526944431788696,0.10051921681343477,0.028815749707755235,0.11052603108537468,0.1943332664011187,0.209015430638216,-0.08900760276731794,0.29761271214630736,-0.10197637216059048,0.2590246126525811,-0.20449967463653795,-0.05464009887747079,-0.09039727833862012,-0.050659045338728954,-0.05629386286768714,-0.03623723036927759,-0.06266208462518295,-0.060756660540714054,0.010150544691542267,0.062363467018990607,0.03710975539739146,0.02287144451258296,0.07925059553486653,0.008122842114727304,0.04666455336969244,0.0776273952256855,-0.012135439630375729,0.09807877057824546,0.0533789435539613,0.02637298775872262,0.13744677357073612,0.0452499438861138,0.07288640547978088,0.12934746691048224,-0.20116781371683723,0.15492161908687802,-0.1247809740192441,0.1685131040250631,-0.1409565524321344,-0.21989647014146063,-0.044056769431709025,-0.239815824485306,0.22005433817583353,0.04054400116620386,-0.12422502626820031,0.03447215105074024,-0.04965962883593224,0.1765472095216012,-0.040533854406707696,0.10346315988876957
F1amplitudeLogRelF0_sma3nz_amean,0.20084480482350997,-0.43179100104226803,-0.4027088189174164,-0.35213612527526805,0.3431891573092072,0.1580723765474165,0.0027757771255501997,-0.24477699113050916,-0.5267491846881083,-0.24593149187783825,1.0,-0.9940328178327276,0.1285770164950905,-0.07866647992638456,-0.013022585980977526,-0.02623592975629546,0.9563649398071801,-0.9091604612267805,-0.2729268557672125,0.2806265135477296,0.09498250094602786,-0.12384573951695971,0.9504905236734791,-0.8870602611472722,-0.15269755539898655,0.1661836269668307,0.20749973483062542,-0.11222639551578915,0.5017926265068515,-0.487088042434823,-0.8177073831123355,0.6980069460999443,-0.6786997298631247,0.5218577644238831,0.25638898591953985,0.00889237021065816,-0.07186104335590035,0.043592408428102816,0.08250246308905189,-0.011519685929815355,0.0660156994010151,-0.0305826557890403,-0.21849943632108232,0.006102528894092966,0.21787776519895052,-0.25932360701539153,0.20736707489772385,-0.21120604762124956,0.42908395764444124,0.05271488699405941,0.2737289811348168,0.16189872498996602,0.14803449697487137,0.026627441020109045,0.07314661911077323,0.07333223601948907,0.11200989125302943,-0.020709807081955363,-0.010050701866646932,0.14218498557690928,-0.043829741724360535,0.25936261346013784,-0.049370190690348974,-0.10991836341282682,0.0023958221466719356,-0.13848897208593836,-0.05289881402918884,-0.022819353508953595,0.03540619340363693,-0.08123299539566213,0.06782986228059766,-0.35148206837496715,0.15061960920139197,-0.46581058172171314,0.08406042566246671,-0.2454510072709912,0.3428205338029211,0.40277489878011474,-0.05631468152561522,0.4593218233189662,-0.06381964631846612,-0.22354881043738048,0.08409637758944266,-0.11958702478699951,0.03584185557968744,-0.01651757081888047,0.009971268643634531,-0.05339412095686113
F1amplitudeLogRelF0_sma3nz_stddevNorm,-0.22133505255214359,0.42815736366075274,0.40953184962463873,0.3490694210453564,-0.3606905260395667,-0.17363938326292494,-0.020313255105814117,0.2393597312253906,0.5352962098133973,0.24919511054683682,-0.9940328178327276,1.0,-0.10430537775144119,0.05891992601282505,0.008260669300970441,0.010429816898443713,-0.9583096367979987,0.9258729564047171,0.27736143305704647,-0.27296253166992734,-0.09029207426832182,0.10940624610510465,-0.952420052828508,0.9041204221528719,0.16293648716670966,-0.1586036199768531,-0.19457432032717786,0.10265476659826384,-0.5015669439957113,0.4792073290986521,0.7841567237601205,-0.7266427386436272,0.6431596081831745,-0.5565566322345094,-0.2248726414590265,-0.042395674183012655,0.0314938413636368,-0.01342797565365922,-0.08519624740973805,0.03882511176689105,-0.03460769558992608,0.005496192536120827,0.22769659757522837,-0.019323754686108346,-0.20763437271456184,0.25687786802060975,-0.1747366714506155,0.1980321001490956,-0.40620042157403596,-0.06127567228185304,-0.28247824203165645,-0.16617428970959505,-0.17094973065999094,-0.02146288862919868,-0.07847209699371985,-0.08661810713588898,-0.1276009298803251,0.00045014693273228,0.0005798089282588295,-0.1278345881469878,0.023168233474194513,-0.24179918959722785,0.03036529729889507,0.1552427292247204,0.015803614490530624,0.18350644701743393,0.07333968470411896,0.062315829333971555,-0.030811377592428652,0.12093715360140016,-0.07484011887305064,0.3856492304319754,-0.1469473128897144,0.497903392450654,-0.0740447324161595,0.2404434577289834,-0.3348803484467457,-0.42654382418896314,0.04419719077942629,-0.4978252866192617,0.0580059094247543,0.22401122904714352,-0.07498326032492109,0.12097523316110334,-0.042011451261953624,0.0044949534889805395,-0.01260331357539135,0.03335149530135301
F1bandwidth_sma3nz_amean,-0.3435539138507102,-0.23400687023203298,-0.081104572815737,-0.2839327839025178,-0.1646871698276862,-0.32113851181074293,-0.41916003781809547,-0.10073939889530685,-0.1183982082330146,-0.0724961328372281,0.1285770164950905,-0.10430537775144119,1.0,-0.718221493963419,-0.4302918295802598,-0.16605884825441483,-0.01577478908764535,0.09981083391050521,0.36940551673416455,-0.1218903028376473,-0.2958412644032684,-0.2309121756889847,-0.037582192486972935,0.14908887784681762,0.3935165874580174,0.03727762558201301,0.05221674058134711,-0.05409356528158395,0.17824592200590744,-0.2702135811969601,-0.08750792409847595,0.021488484335028184,-0.06971865321449545,-0.11284623760938473,0.010581136963877538,-0.4204080802841301,-0.6789151816962068,0.563205094789769,-0.2526073297055643,0.37883555090197135,0.6761869790230045,-0.5795965917341919,-0.14716075736143125,0.08622810507085399,0.6408763698340648,-0.4395335010985206,0.13173004886809975,-0.05627528956650664,-0.1060336487214957,-0.37808245967806564,-0.3535502701531357,-0.3454445426390542,-0.4347754792746976,-0.26397676240546775,-0.35985427496335837,-0.40507372098954314,-0.359981544023139,0.08265800003424756,-0.32354606230274385,0.623766644376384,-0.582982410803716,0.5790871432162054,-0.3695823082230411,0.5097442166000118,0.17623115635652375,0.5071807558089777,0.2362838897351946,0.14205049269480813,0.12004923594396258,0.09369517584326031,0.016770795373797286,0.11694675907517127,-0.020662525954103242,0.1007204610897671,-0.000954926107649252,-0.07114573864386646,0.1434621992950207,0.07507098272685767,-0.15243440821175844,0.0152551263590734,-0.11174740343476461,-0.4839185797187994,0.44338771865192644,-0.30405394552600234,-0.30846429152039456,0.07236328370378176,-0.30528921683534305,0.10073971553482282
F1bandwidth_sma3nz_stddevNorm,0.5021486627264151,0.2697520222214026,0.10569351012815059,0.30519138527140466,0.32243793317597025,0.46832206922130987,0.5512297757938653,0.16564334369902003,0.11282376699775952,0.1020723739224838,-0.07866647992638456,0.05891992601282505,-0.718221493963419,1.0,0.6310280461837147,0.09755019566668582,0.09478777302061236,-0.18393441311721073,-0.14292595498571112,0.18983281389714507,0.47082252732380836,0.08951821851192307,0.11364539660008804,-0.22599590362813576,-0.19053166269706936,0.0719468522824402,0.17275754436724367,-0.056285883163649464,0.009074259930989832,0.24656827949522472,0.03954483384117681,0.07108543065538775,0.09913237289381611,0.20957043570702963,-0.0585628187114853,0.42908743351308637,0.6940728088593625,-0.6982797481856947,0.21854118217302834,-0.3697739812435211,-0.6503148917631145,0.719819847845562,0.15745513770654887,0.00801608276248755,-0.6129978382971398,0.5231012145605518,0.016208980479150314,0.042682490294685155,0.05908833798632149,0.3392456122542747,0.353942898552422,0.35208822247345495,0.43785237828906937,0.21884662655095855,0.3157090637734301,0.37389981695370816,0.3874435926060197,0.008838560221478829,0.35360405348612595,-0.6584173352431224,0.7134447213747485,-0.5977578072383324,0.4337774078507897,-0.5888964018998332,-0.2273061397017396,-0.5734441674113192,-0.2751830411712396,-0.22614467990109202,-0.0409072138640613,-0.1603188052815251,0.06190987556030135,-0.23571703335274918,0.01705402615596842,-0.1969688853236677,-0.03281630839650976,0.06046524083778592,-0.14029428139319544,0.01155336097305336,0.20527247985284794,0.13690697948615357,0.09604874274745899,0.5584048886343436,-0.5572772230411153,0.2641202471898806,0.27338499034659447,0.06502260593378746,0.26892944103433425,0.007571354969802782
F1frequency_sma3nz_amean,0.5635148186026956,0.22415017968972112,0.08249445141964563,0.2749874961227121,0.38389422930126993,0.5548937488487687,0.6139815519237622,0.08676293284079754,0.07157991230283284,0.019859129634696403,-0.013022585980977526,0.008260669300970441,-0.4302918295802598,0.6310280461837147,1.0,-0.4959498522248475,0.12083318686976206,-0.17194569893660536,0.21847052701436642,0.0015071938670708747,0.8807521091115789,-0.3622804472734181,0.1252411824456461,-0.17720452165622624,-0.0765844679995207,0.0969638382877544,0.653334220594805,-0.3724736109899517,0.12536308290750106,0.21184783996692239,0.001522851298798423,0.11002531191616856,0.06182870160510291,0.22695262083908213,-3.832825054787971e-05,0.24291160241968793,0.4905317047970431,-0.48338151237713883,0.23711637857643322,-0.1769232472022644,-0.3915341791556309,0.4616277560801494,0.23067575766557802,-0.013268269187739577,-0.4652337417268844,0.4555875242860645,0.08594770448163189,-0.02448903156970869,0.00480340960394111,0.30843717266283543,0.2339953935344225,0.2989618476240925,0.3179173710326194,0.2517608741128901,0.2910273270095557,0.3175260446229395,0.26023046727756516,-0.08735414994767975,0.3174279442815331,-0.5742791037522064,0.5486096738092602,-0.45799224474464306,0.229638544770166,-0.5060926832778024,-0.1176446572582379,-0.5066414450348689,-0.21428517405795253,-0.4429642938193415,-0.0707254180687675,-0.37705397972322346,0.03920236503890592,-0.3272234279746288,0.16342443129162845,-0.2854176238200098,0.07529784976078509,0.014901437231854291,-0.18016089263584426,0.03496401907999818,0.07403762336829023,0.1601580280803459,-0.035580529757927436,0.4592738041375605,-0.3714277084601929,0.2793086157571515,0.24638019280355694,0.10182544059847222,0.27666878145082713,-0.018522193761565327
F1frequency_sma3nz_stddevNorm,-0.2380576923125234,-0.02567857447182983,-0.03218146375477853,-0.035590706797304666,-0.17675365906974055,-0.26608165977724124,-0.2732301782040857,0.07311788583225196,0.02181398146929628,0.06312090873876433,-0.02623592975629546,0.010429816898443713,-0.16605884825441483,0.09755019566668582,-0.4959498522248475,1.0,-0.015313398060642943,-0.02161642351741274,-0.41302227622782944,0.10578426153523574,-0.5697156373658478,0.7431354118525361,-0.004809211780655115,-0.05362466142706319,-0.06093892828356233,-0.19637759792996926,-0.6178152683237534,0.6173391020155257,-0.17712577455709436,0.0038792208945093664,0.023028467381719566,-0.010718156969451517,0.05143398907120611,0.013964393632433096,-0.09568531221683403,0.1233216419272161,0.09149684822544235,-0.10625956974540496,-0.07140253417083582,-0.13149190431601146,-0.1570156544517742,0.07511850048161457,-0.05214161609119,-0.014788922214064429,-0.018966222766106284,-0.052457502088949615,-0.08016497646138397,0.07018751070183923,0.03728419887131194,-0.03069195559787958,0.09702666376005423,-0.018216120538440753,0.07900511715750393,-0.07791921364189519,-0.03656554526233352,-0.003244589182102169,0.10214334054446816,0.1416790159593073,-0.04545460692418589,0.07447199196315549,-0.004798733674642575,0.01008911303847016,0.0901098542986351,-0.009087201847893309,-0.15009868305413754,-0.011160093917469673,-0.05662559353115084,0.3260206124758572,0.08919017338895908,0.29150304024193235,0.04668450656578551,0.21119915675440512,-0.1755640233798695,0.18291570798002244,-0.11002023175671141,0.14376877580169753,0.05162294249099255,0.017692287308995622,0.1400479199271021,0.01144810125315537,0.14874867163539574,0.04789289364722195,-0.15825346968722848,-0.07301006123279255,-0.0153277712779438,-0.05641531519281263,-0.0644250247406688,0.0440311500635223
F2amplitudeLogRelF0_sma3nz_amean,0.4054240944802774,-0.34766780878022147,-0.3822747887199492,-0.27473256657978823,0.49736767520485226,0.3621275180762999,0.21301941254122062,-0.20369231772705257,-0.5296373889777916,-0.23931122297311863,0.9563649398071801,-0.9583096367979987,-0.01577478908764535,0.09478777302061236,0.12083318686976206,-0.015313398060642943,1.0,-0.9841188613444669,-0.274203149292237,0.28191198516315985,0.16845123124976122,-0.1412105937767957,0.9986722902163121,-0.9715140936719875,-0.16757423508238106,0.19760676110376812,0.19831242585873196,-0.14688540371848782,0.546855869845032,-0.45488110252007485,-0.8245972535398699,0.7090893690206325,-0.6743740922992095,0.5740363855487384,0.2792023971316456,0.092827628202237,0.14544920926156188,-0.12376808604136973,0.1773701424407194,-0.08233420143050833,-0.1347857330720608,0.13677445094045887,-0.19982434203001045,0.006858997805535168,0.035651581466264896,-0.1267512240443976,0.24095491762562682,-0.21100027400518662,0.4666937141642419,0.19123510189966653,0.3979196897797569,0.2831437266268184,0.2866576352105857,0.14200120116803452,0.2020673559799506,0.21650228983754344,0.2422614167052186,-0.06491343474289053,0.10917924204101175,-0.06288178130447564,0.12505385971053884,0.10384314000021158,0.003095035070918923,-0.3050283532464975,-0.0832908022420462,-0.322635025787554,-0.15489829995050983,-0.14968892635408163,0.03447365677553695,-0.18339618457120915,0.10834813032648413,-0.44695114926832935,0.16086380321400282,-0.5503702824687846,0.048595287622638164,-0.25580958488868183,0.26722448431106643,0.3761360660560014,-0.06891105181969549,0.472199381053392,-0.02756781004025937,-0.0963131957789062,-0.016785160818420134,-0.00529410078035958,0.14868090590437227,-0.029050044988979555,0.1252563256018262,-0.09807621950451346
F2amplitudeLogRelF0_sma3nz_stddevNorm,-0.4612039359596126,0.30459751800764684,0.3679805910533272,0.2339766115545436,-0.5311408486307388,-0.414445938212055,-0.2754182681871372,0.17364904725948266,0.5105587509007876,0.22832194306342068,-0.9091604612267805,0.9258729564047171,0.09981083391050521,-0.18393441311721073,-0.17194569893660536,-0.02161642351741274,-0.9841188613444669,1.0,0.27343799781645745,-0.262855835283147,-0.17742006948588326,0.10907339078168413,-0.984356796773995,0.9919130974809888,0.17452282341224395,-0.18075859839030134,-0.16717181658527616,0.12182903528383993,-0.5193712755962702,0.4032448450634076,0.7632551786397626,-0.7211939368738247,0.6119284124011205,-0.6114788232917445,-0.23777084845440513,-0.16388854157096286,-0.26728286122950884,0.2188390285195636,-0.19965724254813133,0.1412245761122962,0.24130526640120584,-0.220960482225438,0.19819295965652944,-0.028557316372561828,0.04883740182198519,0.06362301130866002,-0.19374916765563355,0.17496537351192942,-0.4317922316912966,-0.23834178184297689,-0.4299076128421986,-0.31523071146963605,-0.3467070808643679,-0.1686874794931976,-0.24331940761951187,-0.26920906382617305,-0.28980238872139835,0.05440100919114725,-0.1529967048577834,0.14459996049709617,-0.19955740835582214,-0.027329852692118954,-0.04605514698222319,0.4180110232142957,0.13318076362077405,0.43279666305838305,0.21072257647770493,0.21699615917448278,-0.02677829881883218,0.24334987326785168,-0.12236192923192382,0.4860099689677787,-0.15402677735021217,0.5832550445336899,-0.028353016292450343,0.24110696318610983,-0.22127723525347942,-0.3805104576274813,0.04525214405540498,-0.4999843766158425,0.010259248331472667,0.03236148679613859,0.07615526239331796,-0.029453752439829187,-0.18287103589078038,0.020119117458398623,-0.15768622435245128,0.0859788331056591
F2bandwidth_sma3nz_amean,-0.043243569921218215,0.2428473810359005,0.2523221987688023,0.2592065266429437,-0.15514970062155897,0.00575517696541346,0.10191481198238832,0.09881493945845214,0.3577270689105449,0.10624253978761393,-0.2729268557672125,0.27736143305704647,0.36940551673416455,-0.14292595498571112,0.21847052701436642,-0.41302227622782944,-0.274203149292237,0.27343799781645745,1.0,-0.5626801885662266,0.08429163065403819,-0.21935651764574005,-0.2979396514693708,0.3294304298501587,0.4886113172086344,-0.1833389961006096,0.18802152308002812,-0.08881326456951644,-0.17739957137755136,0.30827541628509575,0.23400038479277094,-0.2173942426766869,0.21549238671601237,-0.11370517776709406,-0.052248665618871856,-0.25496067590039545,-0.13518262378812473,0.06994009608062916,0.06167865145068994,0.31483287033101964,0.2854995524397692,-0.2266321334352202,0.1909407095956697,0.10053151833782314,0.09217795567097825,0.1085996145567258,-0.12154320163331314,0.19804113214815047,-0.24923620850335745,0.018572203387913187,-0.20585146543529625,-0.07042114081604788,-0.13942009221330415,0.1025048690507967,0.020326771013499813,-0.024061433840845553,-0.11068352591443012,-0.14321583766254195,0.05341910356477231,0.0703809247575598,-0.10528588959463021,0.14449605886379788,-0.23726483787096644,0.11299620414692836,0.09713317292206881,0.1259506267157266,0.06777910244628509,-0.3442666659125194,-0.05498282728251831,-0.2738415168808962,-0.0024293273903174834,0.17599138886248797,-0.05986413218112467,0.20356578039041429,-0.051160937984347885,0.0875563617100038,-0.27534197422512563,-0.28936359954682145,-0.15180172902113312,-0.2825588164642169,-0.004035863393195794,0.07473825035990579,0.02631761553764038,0.1654196085302234,0.0055982847256562124,0.08291677877080247,0.07857066513483964,-0.02737843596274097
F2bandwidth_sma3nz_stddevNorm,0.18681574124236766,-0.13699868931874262,-0.16106672410030962,-0.2209338481928152,0.280931220621418,0.154205822171695,0.048823971312842954,0.019476867776744032,-0.297138644437999,-0.03516934266453232,0.2806265135477296,-0.27296253166992734,-0.1218903028376473,0.18983281389714507,0.0015071938670708747,0.10578426153523574,0.28191198516315985,-0.262855835283147,-0.5626801885662266,1.0,0.19200986523304855,-0.029932853305780504,0.3083201151507821,-0.325332293044463,-0.32130403840533533,0.47353266007627853,0.09312957503419318,-0.12863256082151867,0.350472625681771,-0.2764978872187396,-0.2738074081877312,0.22533556528609627,-0.2051911696905139,0.12065062520147127,0.04780490528995421,0.17955584680028733,0.0821730731104837,-0.15135166111517065,-0.10164680264805082,-0.25570126329493964,-0.21714181225126314,0.371673667872557,-0.16868053454049434,0.037326765579493826,-0.09581109752642518,0.030690425799183726,0.22985025937606268,-0.201322570921712,0.2266358537368965,-0.06428436242955038,0.16986252673197164,0.052466815985352015,0.07691975884987157,-0.1299257914317263,-0.06489330768502248,-0.025999398769934033,0.08245662001834142,0.18399790720193065,-0.05187192707364622,-0.10073599884801047,0.24075651372595117,-0.16662743546341208,0.30849751514777896,-0.119775350196885,-0.07231272425114894,-0.09234687607302029,-0.0254363429659183,0.3142886180628343,0.08668191811014175,0.2749946534144242,0.051678251402232034,-0.38500140018195184,0.08267636768514006,-0.36711825452404623,0.041377865599408155,-0.1621152809514602,0.31100114163629183,0.2781809404384264,0.1092029187646059,0.34501109018434767,-0.035550243423973,-0.07886151093156493,-0.06951934311919337,-0.19308313289172394,-0.05769240923111169,0.02425052755635026,-0.11478536235450829,0.09283811218497384
F2frequency_sma3nz_amean,0.456477576732224,0.10393909119916929,0.009184183796975704,0.12405831032925126,0.3587009908492869,0.4364932058415831,0.4450145043022074,0.04207898498072346,-0.03125718324632483,-0.007610025985303751,0.09498250094602786,-0.09029207426832182,-0.2958412644032684,0.47082252732380836,0.8807521091115789,-0.5697156373658478,0.16845123124976122,-0.17742006948588326,0.08429163065403819,0.19200986523304855,1.0,-0.4397166048905077,0.17666264308383087,-0.1914809750588848,-0.08294573155100589,0.15679083755321407,0.8102187123299164,-0.46667708258513957,0.24464015498784036,0.07619087910741366,-0.06953772067308193,0.17929134844504827,0.004097626475093933,0.2294006073823981,0.008384686072024288,0.13906487511343452,0.22429963497940825,-0.2878083228963155,0.12295982880995894,-0.11632996848497659,-0.19072814658596876,0.3721508851410897,0.19313899649502617,0.004365145401143233,-0.260859575942314,0.33302856111079926,0.16464677359497346,-0.09252141643678626,0.01446277825865468,0.12975837534613316,0.1611028163552099,0.2037132596079882,0.1994827532116166,0.07727324995985733,0.11557007364677223,0.14890083940807447,0.16283476582934878,0.03500581301675851,0.20340596928613466,-0.3882782805105259,0.4470646464542669,-0.3319504814782216,0.26423415191845495,-0.2941360624658582,-0.016124172475784408,-0.29488918883515913,-0.10328508288940627,-0.2643144922723672,-0.04149726498483046,-0.22517655158125638,0.021447380848493576,-0.37557755845945345,0.18942869955604466,-0.33636734417196407,0.10867087178278129,-0.04221512037288159,0.009821889338667142,0.1287423485691989,0.07060952959481646,0.23920482813356952,-0.07362262865790224,0.24115603519245685,-0.2165498283814066,0.1113808930274401,0.11737336358747015,0.1750236856771936,0.13252082457540987,0.08219666822932588
F2frequency_sma3nz_stddevNorm,-0.3365669153442524,0.08782328837584238,0.08711073965739989,0.09950749298836782,-0.3284268553156125,-0.3438091275437854,-0.2946738831128303,0.12592162465060153,0.20038721512538243,0.1486016954115876,-0.12384573951695971,0.10940624610510465,-0.2309121756889847,0.08951821851192307,-0.3622804472734181,0.7431354118525361,-0.1412105937767957,0.10907339078168413,-0.21935651764574005,-0.029932853305780504,-0.4397166048905077,1.0,-0.13854633370848704,0.09696378000077813,-0.1889324273305135,-0.2536444636883605,-0.4223711197883637,0.6764115431455164,-0.32237635977911855,0.1677464728366831,0.1344857091417758,-0.103096502026695,0.14992987153685572,-0.04982618314948001,-0.11784285613124504,0.06571963297920304,0.01192144413392958,-0.03138116347378837,-0.03604373381762221,-0.0361728302205735,-0.023094435625742052,-0.03299077231256779,0.06545124391205692,0.024424247940357496,0.05320280288299238,-0.0518434031214184,-0.21223029803035348,0.18275797303048044,-0.06405716939156272,-0.02386957246605868,0.027753179029823584,-0.05535865082111519,0.05002368000117189,-0.05899465136312765,-0.027959342263769286,-0.0052385288128257365,0.06676098590724612,0.0956634014238216,-0.05066063236346519,0.14461351737961195,-0.04701163108757415,0.06285890767167111,0.06695307036747249,0.11103801147402456,-0.042331075447086544,0.10360542765788452,0.00208368808915424,0.17865756193780957,0.053127711928664306,0.14314049006180402,0.05958422762153641,0.25467190639090087,-0.20611666718070093,0.22960124891718114,-0.11730986332367016,0.16548720357478824,0.05100571835257599,-0.11028891349111092,0.10348525474144116,-0.14408869209857478,0.16869361851707476,0.02799759402746457,-0.1457331437245278,-0.012361770289649358,0.008765947950030618,-0.05356298716005585,-0.03450185412502832,0.0331261730848508
F3amplitudeLogRelF0_sma3nz_amean,0.4138320820979298,-0.3446397476868125,-0.383024278808078,-0.27485213840203,0.5047316861326235,0.36961212938839105,0.2201009706522075,-0.20115837601792444,-0.5320956819577078,-0.23879999404638252,0.9504905236734791,-0.952420052828508,-0.037582192486972935,0.11364539660008804,0.1252411824456461,-0.004809211780655115,0.9986722902163121,-0.984356796773995,-0.2979396514693708,0.3083201151507821,0.17666264308383087,-0.13854633370848704,1.0,-0.9778374327331383,-0.18104328511565757,0.20997986935218302,0.18829416112813585,-0.15168978954667325,0.5447502542173354,-0.451908681500688,-0.8253201619083053,0.7045952545010551,-0.6754646109301139,0.5704258246406104,0.28322846451942824,0.10726363308979024,0.16331474029698387,-0.13808121635737672,0.18128850788758424,-0.10144664965213103,-0.16184908079396088,0.16213707422743107,-0.20316472372976307,0.004675323003658112,0.011346193646365738,-0.11050759326329941,0.24262527085324107,-0.21417804122325781,0.4749494025683517,0.20047103651509113,0.4097104403065205,0.29405834561284183,0.2978758517634666,0.14883437344971812,0.21034688191924236,0.22661683954665396,0.2525082225184175,-0.06478890568667957,0.11859313368830027,-0.08521815187205727,0.14555539200892056,0.08000881799490268,0.020340988611367395,-0.3160544321171806,-0.08858881495103622,-0.33330618946183915,-0.1602205361454319,-0.13436533546796486,0.033390642107664265,-0.1674997202609767,0.10589867589142726,-0.4586556941401471,0.16510582025819445,-0.5609412452450073,0.050187148324713854,-0.2566077135256007,0.26737087278033633,0.3768286890939289,-0.06799114222876165,0.473648141340697,-0.025975430109841,-0.0897529784730757,-0.02214405808497347,0.0001972934066253367,0.15561521478836549,-0.032760919288314205,0.13137994194739408,-0.10053052259301613
F3amplitudeLogRelF0_sma3nz_stddevNorm,-0.4744985450165173,0.29486197262027963,0.36703229432720424,0.23133661054730298,-0.5424892958349016,-0.42608032567394644,-0.2868500387963103,0.16356376386983734,0.5115569220295605,0.22383706088525154,-0.8870602611472722,0.9041204221528719,0.14908887784681762,-0.22599590362813576,-0.17720452165622624,-0.05362466142706319,-0.9715140936719875,0.9919130974809888,0.3294304298501587,-0.325332293044463,-0.1914809750588848,0.09696378000077813,-0.9778374327331383,1.0,0.20374811584911262,-0.20759666337817997,-0.13693209147242036,0.12586504378128283,-0.5089507957119359,0.39281521275335995,0.7550003559989555,-0.7049121848849801,0.6045147886495267,-0.5988796365731229,-0.24299831386297888,-0.19841292931662616,-0.31018196650043395,0.2556538850702206,-0.20551744829326793,0.18742687659067075,0.30657677547397477,-0.2821441835458565,0.205723570992879,-0.026811852448545084,0.1056133257186178,0.024373996464085886,-0.19556298258976562,0.17798072663202338,-0.44626318514300783,-0.2571042958657414,-0.454916837017941,-0.33737156623911724,-0.3709784509361172,-0.18066319964939614,-0.259639457009444,-0.2901837325510201,-0.31315668021612114,0.0488330730106401,-0.17344935760265023,0.1955567500168659,-0.24709140782326983,0.028965420372466855,-0.08767380271334033,0.4443372275414198,0.1494729184466306,0.45803032500569946,0.22512825950623014,0.1752825556024545,-0.026408902889836466,0.20051440096837442,-0.11821416483021573,0.5114878188464091,-0.1611741565209802,0.6044411449515682,-0.030799021787128622,0.24020353427255955,-0.220742136196113,-0.37981283885765205,0.04227312723099999,-0.5014960785848672,0.006190693050113139,0.016244557679510527,0.09137528635693888,-0.0411682561201526,-0.19812522154000686,0.02850290918962126,-0.17016879638858431,0.08832767798171563
F3bandwidth_sma3nz_amean,-0.1060706834997221,0.02882313157383533,0.06124502714357311,0.04084593547227256,-0.11086621500988943,-0.07713706047072769,-0.05729326106539029,-0.010487501519399443,0.12565886057919448,0.0053789346177422,-0.15269755539898655,0.16293648716670966,0.3935165874580174,-0.19053166269706936,-0.0765844679995207,-0.06093892828356233,-0.16757423508238106,0.17452282341224395,0.4886113172086344,-0.32130403840533533,-0.08294573155100589,-0.1889324273305135,-0.18104328511565757,0.20374811584911262,1.0,-0.3170065540266848,-0.07729743525064504,0.1612749695036896,-0.09028468983449907,0.10389237464387815,0.10211337331477502,-0.155025560957506,0.09350800695699649,-0.14335915984300446,-0.010455468793837816,-0.1771568285157767,-0.14540247984313345,0.06098764577059772,-0.06759016688026735,0.17333699575792622,0.18672601261910735,-0.08761650795722646,0.01983124249695057,0.04569786614071898,0.09992742275461897,0.06793908979152931,-0.04982279096925397,0.10376300181744205,-0.10915650342572547,-0.09564384793354555,-0.15455487085084427,-0.08871103850800964,-0.1665668224420304,-0.04146226372416072,-0.09554134038781881,-0.11641289605517938,-0.12106998820801954,0.004265931576584325,-0.03442429246764885,0.1520881353286866,-0.13628994496531027,0.167625870224219,-0.13142377336559877,0.10082119779421071,0.023193754065266376,0.1164857591159038,0.05299755700122203,-0.03462310528321608,0.059138237849550634,0.005802568762108727,0.009284445832057814,0.23779007467394747,-0.0974181794277576,0.24292149110481556,-0.0483649815433519,0.05892879319464279,-0.094199409046073,-0.14360263538193718,-0.0645848832578816,-0.15666615458522345,-0.025722489729332602,0.005461253018173278,0.05937984826635435,-0.013272085239023634,-0.08315734289858424,0.08387082048198113,-0.04628227266005455,0.03691365550711302
F3bandwidth_sma3nz_stddevNorm,0.2812566233117386,0.010409217025724905,-0.031251736407987694,-0.07915105506605986,0.2951079351772737,0.2848069590101675,0.21743064877862506,0.04858664903854682,-0.16825345712226009,0.0031859987530579747,0.1661836269668307,-0.1586036199768531,0.03727762558201301,0.0719468522824402,0.0969638382877544,-0.19637759792996926,0.19760676110376812,-0.18075859839030134,-0.1833389961006096,0.47353266007627853,0.15679083755321407,-0.2536444636883605,0.20997986935218302,-0.20759666337817997,-0.3170065540266848,1.0,0.1779937989344609,-0.3529888446964198,0.3140894641193495,-0.20350797029423284,-0.22386138943514935,0.11675403478245298,-0.1767749716262094,0.0705699765808998,0.09960557289623702,0.03114961340300164,0.08300104386712137,-0.11058894048101653,0.03949892058851548,-0.06357926440660006,-0.12822563718322588,0.20892615192277464,-0.0962006481866935,0.07042626440571151,-0.09059775462627999,0.02315752142460507,0.20617491419711947,-0.10710751449340951,0.17007154096439842,0.07235576341195893,0.15112946788404885,0.10214727212815013,0.10095629892214024,0.057760586122533,0.07057879019215518,0.08141616927065737,0.10486734696916925,0.0023324767222621,0.054831806916867204,-0.1340553612088167,0.1582515358729311,-0.09493503239942143,0.07396927327270182,-0.11395438572972183,-0.05752187324371113,-0.07478308698173591,-0.02309345624788271,0.05251160126963847,0.03227645273004831,0.043784835090591404,0.04855085413603206,-0.41943687874683905,0.11295750178420232,-0.3889540271226833,0.024108736837949816,-0.14513959628237588,0.11881177525527468,0.1079888956991587,-0.07374260468312879,0.15778152840998275,-0.01724097965247069,-0.06776495778518413,-0.00610117656199404,-0.009393351010728858,0.05440426999748629,-0.00639665619009067,0.03382625665231095,-0.033632918570367126
F3frequency_sma3nz_amean,0.255495397796949,-0.006353477315121841,-0.013157788590721437,0.025583012960471,0.2337527098939981,0.23546166578770591,0.2197415031207225,-0.011165741490519158,-0.06301922861911954,-0.009052439235028555,0.20749973483062542,-0.19457432032717786,0.05221674058134711,0.17275754436724367,0.653334220594805,-0.6178152683237534,0.19831242585873196,-0.16717181658527616,0.18802152308002812,0.09312957503419318,0.8102187123299164,-0.4223711197883637,0.18829416112813585,-0.13693209147242036,-0.07729743525064504,0.1779937989344609,1.0,-0.43730763473809475,0.32463312483741663,-0.058521448091743124,-0.11634190285599504,0.2538230811543123,-0.035854877487378485,0.24966520057216401,-0.020936622026606736,-0.08258444312116721,-0.15141449527731551,0.011407664549170094,0.00017672808782655014,0.1321707148119897,0.24944963526070796,0.041845257564478246,0.20118427986307894,0.05836200514700657,0.15170135058033596,0.07280732346505375,0.23392504635867237,-0.1225353978837352,-0.06261001021168182,-0.09231605775351154,-0.0033922510139361554,0.011315299195893863,0.0030262211111610937,-0.12779480333198917,-0.09499038153547389,-0.07348088499123134,0.004735959765463052,0.13929651479382407,0.01815666826878864,-0.002401157443473595,0.14636330390306454,0.018109071114753954,0.11338493369306499,-0.0027778283270852027,0.11567293534074938,-0.005669616749836012,0.04525259812311389,-0.2377533030860832,-0.01914519158069089,-0.2266228688879925,0.022006285892250926,-0.28418078102054056,0.17515990805146595,-0.2544109558672918,0.12591374562178537,-0.046021699336281675,0.1377773722843423,0.17407744693252322,0.08232367795843348,0.2571734760991186,-0.10739594625393764,0.04489448514665741,-0.07213091458774154,-0.06190483053432285,-0.03964037681225661,0.2374092026768936,-0.036389716648838326,0.1774156460353159
F3frequency_sma3nz_stddevNorm,-0.34343121883229255,0.061893366708889536,0.09785828747089037,0.061500775816637945,-0.3261422748228737,-0.3371760748188691,-0.29652271555240733,0.1254518264422806,0.183484787371911,0.15516167300662265,-0.11222639551578915,0.10265476659826384,-0.05409356528158395,-0.056285883163649464,-0.3724736109899517,0.6173391020155257,-0.14688540371848782,0.12182903528383993,-0.08881326456951644,-0.12863256082151867,-0.46667708258513957,0.6764115431455164,-0.15168978954667325,0.12586504378128283,0.1612749695036896,-0.3529888446964198,-0.43730763473809475,1.0,-0.2573009704158949,0.10481397904743729,0.1221954752211944,-0.10769045024401969,0.12567467003241134,-0.08723893670905515,-0.12441777833745243,-0.012155966074793093,-0.07060210311430583,0.004266632449703252,-0.11248875895543985,0.03432091704398937,0.08613821545752803,-0.08967571091074321,0.035106941082442514,0.02638948853383525,0.13235422021611817,-0.07568838207496043,-0.17663298653961182,0.17156165825192823,-0.11329963435575467,-0.12748672987738305,-0.05670623987668074,-0.13275580856306993,-0.053322237103057495,-0.14361947679426448,-0.13112818557064315,-0.11314534481061525,-0.02330333226545986,0.1529715791198336,-0.11605623765779498,0.2475687928994352,-0.15207271866769545,0.17843649873828774,-0.018719404242239605,0.10777060339276531,-0.06433082785185999,0.11036644056241725,0.02765394055788274,0.1596299492263952,0.08297764753470624,0.14269148619517316,0.054257922585103015,0.3788271611637781,-0.24544949502808935,0.3576605512654918,-0.10932156462878093,0.18016552278372844,0.03310142076617592,-0.1021396497636777,0.1353227274198416,-0.13647226098126114,0.1326231467540972,0.03117709756255174,-0.13908200133680496,-0.10980568772556233,-0.08106338690004682,0.01315009608492306,-0.12143217130768408,0.09982517973696495
HNRdBACF_sma3nz_amean,0.5981821698231614,-0.32484474688291265,-0.3806000095070921,-0.3838017978958146,0.7281646315712919,0.5394763979080234,0.3379310239241526,-0.1196256529469183,-0.6433863034627338,-0.23505286838825332,0.5017926265068515,-0.5015669439957113,0.17824592200590744,0.009074259930989832,0.12536308290750106,-0.17712577455709436,0.546855869845032,-0.5193712755962702,-0.17739957137755136,0.350472625681771,0.24464015498784036,-0.32237635977911855,0.5447502542173354,-0.5089507957119359,-0.09028468983449907,0.3140894641193495,0.32463312483741663,-0.2573009704158949,1.0,-0.7842333276532752,-0.37335181756115743,0.5953060548156534,-0.24320600691625674,0.46669251509662135,0.012090863748793023,0.09061208284252337,0.0172278728977549,-0.1183318334629533,-0.013310743175264612,-0.0790051527322308,0.018139139415306354,0.13129218255423789,-0.3694365289364659,0.07385507484008443,0.18710519864300343,-0.2142371283706808,0.43301836207531036,-0.3422660901360369,0.21109185250353993,-0.0451372767702952,0.2502123358801386,0.09164871937724432,0.1504970503504982,-0.13797632722695632,-0.0612329701651567,0.005083864469822863,0.17813364257423808,0.23620226427141028,-0.007514940022018651,-0.009285128976569,0.14181273106552705,0.009230897429725254,0.1179579907453341,-0.25015790093645096,-0.07565010815258692,-0.22594200028110345,-0.09727050799077633,-0.19489805086395343,0.08728139512742869,-0.2046968789474401,0.1802887653860695,-0.5242494207782705,0.11792242034887197,-0.4838220916835908,-0.019459419125868092,-0.4787943801790374,0.47787686698959836,0.3664301468605554,0.16563261572263643,0.548076639773409,0.00400730845870812,-0.09859064350993457,-0.03405309532903017,-0.2211385898537288,-0.024185630434094524,0.1476091857501377,-0.08696457564709396,0.187457073080417
HNRdBACF_sma3nz_stddevNorm,-0.24547894242747598,0.538629067085671,0.5257615057442855,0.6435611481579666,-0.49345820871257834,-0.1746089264957354,0.05708102191973977,0.28246556977197734,0.7830451890126912,0.35077992350222365,-0.487088042434823,0.4792073290986521,-0.2702135811969601,0.24656827949522472,0.21184783996692239,0.0038792208945093664,-0.45488110252007485,0.4032448450634076,0.30827541628509575,-0.2764978872187396,0.07619087910741366,0.1677464728366831,-0.451908681500688,0.39281521275335995,0.10389237464387815,-0.20350797029423284,-0.058521448091743124,0.10481397904743729,-0.7842333276532752,1.0,0.34933556042489544,-0.48654967265078536,0.3024898268004512,-0.2790586030002185,-0.0647754116951387,-0.04112137562371055,0.1719854229517031,-0.16731661384320115,0.09707376242671283,0.06093947764918405,-0.15079780420099687,0.16148613862880037,0.4956136772712786,0.10375894778245444,-0.3481340950339607,0.4981639730102369,-0.3177833859011884,0.40122550032683524,-0.27528029388995806,0.14166547190923345,-0.13332539412396033,0.03568682180965226,0.011452257862145857,0.1808178334866835,0.1404441596290461,0.11113901214600719,-0.014755629070477637,-0.1444866044557317,0.176224199018935,-0.20781415895350686,0.17868466789420154,-0.1580296358385266,0.013292399826928342,-0.013308087964794673,-0.019190632900548385,-0.007894689679328815,-0.003399959306846769,-0.06786766790170008,-0.027804307273387556,-0.01577694481315949,-0.05788979897526236,0.2615052524610829,-0.13238939374837966,0.2651336503091828,-0.06466229880906371,0.41753873179941203,-0.44196874904038097,-0.3555771932199697,-0.16444099102699872,-0.4047488959922266,0.060189697773266104,0.22060770243115474,-0.1419247860929823,0.31022253842137476,0.0984477947460979,0.04292462488463145,0.1721729654616793,-0.06716908324199432
MeanUnvoicedSegmentLength,-0.23586029450022233,0.2307803764610233,0.2262494075280103,0.22471903351253641,-0.32216299556049116,-0.22886964078318506,-0.09813919602501782,0.14071319985539862,0.38968534756173584,0.1338271078943592,-0.8177073831123355,0.7841567237601205,-0.08750792409847595,0.03954483384117681,0.001522851298798423,0.023028467381719566,-0.8245972535398699,0.7632551786397626,0.23400038479277094,-0.2738074081877312,-0.06953772067308193,0.1344857091417758,-0.8253201619083053,0.7550003559989555,0.10211337331477502,-0.22386138943514935,-0.11634190285599504,0.1221954752211944,-0.37335181756115743,0.34933556042489544,1.0,-0.3176570042246002,0.892459602011656,-0.18192143421409776,-0.499390618428249,0.06425049757701723,-0.00727393866435608,-0.002982002819030021,-0.15384562415111702,-0.03766954479752878,0.039715422144232695,-0.02490245909943152,0.09447231695485389,0.028068951603163538,-0.047272047571055104,0.09980054681005243,-0.24633025685021107,0.1679843609604547,-0.598459130993013,-0.1699334907535071,-0.35828024531234876,-0.2682504831237211,-0.16798337754862866,-0.20725205968434443,-0.1915677168400595,-0.16521144226633622,-0.17162541908629333,0.1962496855241816,-0.07093707489993156,0.002106366802193704,-0.020346859954472604,-0.16407577352574573,0.0752523892777429,0.08660296419151955,0.011572218625271117,0.08823152772182923,0.034486540027792056,0.0007360190800041344,-0.08496905188006883,0.029774738664231172,-0.10959130893285844,0.2695331869057099,-0.11075502901951668,0.3721017701654325,-0.04983719118593085,0.14895797629997537,-0.21404446462101995,-0.21768849337854335,0.2137864585928645,-0.21813612568917978,-0.016024464062648236,0.14739427181314096,-0.050792250923897,-0.04235068474797046,-0.14650837576752374,0.1135074769207501,-0.13172498636199007,0.2360436077840047
MeanVoicedSegmentLengthSec,0.33228046397443034,-0.44232637175576706,-0.4691603110606506,-0.31691851104133206,0.4425011809178541,0.2611102924374332,0.12599107423882935,-0.23259091416888492,-0.5151506211795203,-0.30186870587168063,0.6980069460999443,-0.7266427386436272,0.021488484335028184,0.07108543065538775,0.11002531191616856,-0.010718156969451517,0.7090893690206325,-0.7211939368738247,-0.2173942426766869,0.22533556528609627,0.17929134844504827,-0.103096502026695,0.7045952545010551,-0.7049121848849801,-0.155025560957506,0.11675403478245298,0.2538230811543123,-0.10769045024401969,0.5953060548156534,-0.48654967265078536,-0.3176570042246002,1.0,-0.16473029405546913,0.8600262781429213,-0.1716551213540822,0.1805744043766861,0.04393996832085016,-0.08697180219081348,0.017815897626769387,-0.14932424411114142,-0.011330097119325344,0.09804020429002205,-0.2979254300358644,0.061326816504733206,0.1769629405114347,-0.21857394022374876,0.22177928420753923,-0.24121144292169455,0.06253751281092232,-0.01178626135940094,0.16078804032465224,0.06589734322383502,0.1749658526518064,-0.12233390644149149,-0.014541323747836121,0.037597231309074164,0.10434625750187855,0.1966179976390197,-0.010252593359142985,0.053121941145974114,0.09276555328411416,0.07897661472000059,0.10001814227557816,-0.2598487985392093,-0.0654171098468371,-0.2977291529647004,-0.1421176790577071,-0.13876804228889025,-0.03327266891542356,-0.18964784498963677,0.050424760753966305,-0.4140041504819925,0.13987602280104802,-0.4651020181526265,0.048002552318578,-0.34220802487807817,0.3384276757007441,0.4577139763523104,0.18955512050724474,0.6028812080387168,-0.09297842023077915,-0.08246135706771099,-0.03093129932264019,-0.18980775095199953,-0.03713505875963756,0.11843796564752548,-0.06814232113298165,0.17914887448799094
StddevUnvoicedSegmentLength,-0.13960988473407715,0.22779908460630308,0.18698398625431611,0.23060092225722653,-0.2182115830561986,-0.14625255185252276,-0.03284570462071663,0.19650066095479746,0.3524966867999287,0.13919387027526003,-0.6786997298631247,0.6431596081831745,-0.06971865321449545,0.09913237289381611,0.06182870160510291,0.05143398907120611,-0.6743740922992095,0.6119284124011205,0.21549238671601237,-0.2051911696905139,0.004097626475093933,0.14992987153685572,-0.6754646109301139,0.6045147886495267,0.09350800695699649,-0.1767749716262094,-0.035854877487378485,0.12567467003241134,-0.24320600691625674,0.3024898268004512,0.892459602011656,-0.16473029405546913,1.0,-0.01677349442166063,-0.5350973714625646,0.06406874745421942,-0.0019487401686252212,-0.0741892153727157,-0.144129319304768,-0.022949969887488087,0.04680899944576051,0.04359256737331723,0.11471399670554527,0.06372762854096876,-0.002780674147116682,0.1039101237046331,-0.16131152392873496,0.1690269457594979,-0.5905129092682521,-0.16822849901644787,-0.28423561351514454,-0.22761582217963058,-0.11526829105849118,-0.22555014681716978,-0.19706436004467315,-0.15061439033041413,-0.08892937005611325,0.28438227837222635,-0.030140514055896912,0.027884471940885475,0.042548967756542676,-0.12058949770686528,0.10410784968051381,0.013236303807899343,-0.03548431577100814,0.01103330735500099,-0.020964467018304334,-0.025355731341300636,-0.035519049976789514,-0.00887428844480637,-0.03082296104162627,0.1673141450967916,-0.13830442722894642,0.26721940736875216,-0.08748843652417518,0.14128854641454663,-0.1542058353084777,-0.14731416509432932,0.23230680270476664,-0.09896205801756518,0.024010252702851752,0.12941860842373548,-0.11119391469073249,-0.05531415125316101,-0.13304330850606738,0.18957322051842027,-0.13263554682167944,0.3099522623613646
StddevVoicedSegmentLengthSec,0.39608401162672174,-0.22413229262137951,-0.28912993636281914,-0.09796487495903698,0.4109323161730823,0.33779179907299794,0.26061800092987936,-0.07648074472003384,-0.3001314877942484,-0.16193435339516757,0.5218577644238831,-0.5565566322345094,-0.11284623760938473,0.20957043570702963,0.22695262083908213,0.013964393632433096,0.5740363855487384,-0.6114788232917445,-0.11370517776709406,0.12065062520147127,0.2294006073823981,-0.04982618314948001,0.5704258246406104,-0.5988796365731229,-0.14335915984300446,0.0705699765808998,0.24966520057216401,-0.08723893670905515,0.46669251509662135,-0.2790586030002185,-0.18192143421409776,0.8600262781429213,-0.01677349442166063,1.0,-0.2727445117312425,0.16129117328892503,0.17036239710578147,-0.22667543903779153,0.08852385095593722,-0.10801223195048426,-0.1131480761627859,0.20276094206967102,-0.13100798194386692,0.07611165787527159,0.03263308081063045,-0.0345117465045518,0.16932524918869835,-0.10949095159740847,-0.04962801733569941,0.07726958525875566,0.21023785446798515,0.12751734622075425,0.25154786501201,-0.03724316952441492,0.06268693853764902,0.12323453611547099,0.21544063339950623,0.174306165433479,0.1090844989828992,-0.06968932014108482,0.2067248249134503,0.0175506627679939,0.08030575245691944,-0.3638907822648962,-0.1300821861728287,-0.3987942243716104,-0.19720742591577775,-0.22685846386337785,-0.02547197292707709,-0.2386677466923877,0.07691950694855973,-0.3990238612136022,0.08660386970357284,-0.44119161455938594,-0.011264304542062436,-0.20861998708494206,0.1515675967851978,0.3507429549458276,0.12486438262120918,0.511440165792482,0.029700946426519867,0.030552404353019275,-0.1321270663157791,-0.050601775866823503,0.04396012772350378,0.1813781667793675,0.02670539042991607,0.17389774731894192
VoicedSegmentsPerSec,0.07756443116713599,-0.049306918840396896,-0.01290886080588005,-0.07928777311474584,0.09806683020329948,0.09684860996083092,0.060497428524958125,-0.17947799017138333,-0.1326766452074068,-0.05878211904498355,0.25638898591953985,-0.2248726414590265,0.010581136963877538,-0.0585628187114853,-3.832825054787971e-05,-0.09568531221683403,0.2792023971316456,-0.23777084845440513,-0.052248665618871856,0.04780490528995421,0.008384686072024288,-0.11784285613124504,0.28322846451942824,-0.24299831386297888,-0.010455468793837816,0.09960557289623702,-0.020936622026606736,-0.12441777833745243,0.012090863748793023,-0.0647754116951387,-0.499390618428249,-0.1716551213540822,-0.5350973714625646,-0.2727445117312425,1.0,-0.09327845256456649,0.04140603994278502,0.04826167371913781,0.26296148777484457,0.05232887335755332,-0.08169203796667049,-0.03624808243009443,0.011931790996364648,-0.11241193087712985,-0.0956817704414439,0.008402956374865994,0.0674137316405839,-0.09528672462106623,0.5624115822811003,0.27022401848512806,0.296473631343667,0.3081559574459173,0.16332724617564542,0.3163751206676941,0.28216438693975615,0.24674319700543096,0.14129624315200312,-0.3041331623367641,0.16640232399277013,-0.10234061620633095,0.012598403852092528,-0.006648226453797336,-0.04903916165648479,0.02973937218043322,0.05255295712279449,0.060324810258837055,0.012405825746169134,0.0007415636474383658,-0.01214591056914089,0.025400500318158582,0.000559673001243382,-0.0065207440311698455,0.07567165977489601,-0.031146503116057676,0.03947703760317173,-0.010506210855649128,0.055944278401341155,-0.15451344848810947,-0.24828260906583755,-0.15853474034861356,-0.009927022809623695,-0.07323946091081167,0.0846833640039293,0.2569713536252686,0.2728649187780159,-0.24246794994138784,0.28183263163017336,-0.32103013922842766
alphaRatioUV_sma3nz_amean,0.3306054531328625,-0.05413131372808214,-0.1603788340988724,-0.07274160353490211,0.3057986000129121,0.25630020031927436,0.2373309158149914,-0.013349557403289277,-0.2571019891312537,-0.08982485791215437,0.00889237021065816,-0.042395674183012655,-0.4204080802841301,0.42908743351308637,0.24291160241968793,0.1233216419272161,0.092827628202237,-0.16388854157096286,-0.25496067590039545,0.17955584680028733,0.13906487511343452,0.06571963297920304,0.10726363308979024,-0.19841292931662616,-0.1771568285157767,0.03114961340300164,-0.08258444312116721,-0.012155966074793093,0.09061208284252337,-0.04112137562371055,0.06425049757701723,0.1805744043766861,0.06406874745421942,0.16129117328892503,-0.09327845256456649,1.0,0.5492820344561344,-0.45401865281719617,-0.03841399857885396,-0.9614157724063961,-0.5365849647765661,0.4687350741281131,-0.10793665921093576,-0.12392757646892098,-0.3031244481966845,0.0683713775410996,-0.05734150234571576,-0.11313138425861678,0.05904828485753835,0.13210610388217528,0.15524384242992034,0.0942542411227909,0.23179657584769484,0.029515181197031504,0.12709875869615175,0.16742673857807333,0.14343418105179523,0.03684445136709049,0.05440149940579392,-0.45211235812274403,0.49798529071742315,-0.6485333359671892,0.6002282956674441,-0.411897905773788,-0.1192458550912873,-0.5131237138226855,-0.21714112113202727,-0.20807948990649533,-0.015914872815259634,-0.2759853354471495,0.03276932400747824,-0.24205614169752218,0.03495967284508438,-0.2837093587853826,0.016051406908081142,-0.04438831972335131,0.017161080422744796,0.4909800017832818,0.430857423975254,0.45012911079687606,-0.11760125047562112,0.30997023866010526,-0.2957926544108475,-0.06953916320093485,0.039039252072620684,-0.033936995886379516,-0.011020147206687092,0.08186490802782864
alphaRatioV_sma3nz_amean,0.6521278202781043,0.2137314379895544,0.01621552102841125,0.2205449668363503,0.4825850132098909,0.6312262227380893,0.6637552450379395,0.09196268834114064,-0.06980047420758928,-0.01688698492413872,-0.07186104335590035,0.0314938413636368,-0.6789151816962068,0.6940728088593625,0.4905317047970431,0.09149684822544235,0.14544920926156188,-0.26728286122950884,-0.13518262378812473,0.0821730731104837,0.22429963497940825,0.01192144413392958,0.16331474029698387,-0.31018196650043395,-0.14540247984313345,0.08300104386712137,-0.15141449527731551,-0.07060210311430583,0.0172278728977549,0.1719854229517031,-0.00727393866435608,0.04393996832085016,-0.0019487401686252212,0.17036239710578147,0.04140603994278502,0.5492820344561344,1.0,-0.7899161935614255,0.2730032358320899,-0.4966634927070586,-0.9417549972730519,0.7357784840142969,-0.02189299023833535,-0.014306632212206098,-0.7689940287282621,0.48579979286911634,-0.08587549780195938,0.0478934542748607,0.155646441442059,0.4941157688907794,0.44163339220247144,0.4139432091446058,0.5148633474963714,0.38645155925222746,0.46509717125538363,0.5168615879395806,0.44076604884610177,-0.1570461024001306,0.38125739487205396,-0.8034429733621226,0.6741452754010253,-0.6706859378036462,0.30171733071490253,-0.8309910620571233,-0.36117906341358147,-0.7994258146016029,-0.41472917863206027,-0.4275524526805549,-0.02635142384011352,-0.3553685428342145,0.10560673207102363,-0.36742277676590596,0.03383155764972243,-0.33861744511504077,-0.07711069234716678,0.00714414443187154,-0.28601498091686417,0.06106846739706787,0.07260463302340553,0.176829688672471,0.09707602948761129,0.5438816513097667,-0.4450720117583006,0.3435612959997389,0.3633676105594295,-0.09993553077527081,0.3613555272449275,-0.15465573698052953
alphaRatioV_sma3nz_stddevNorm,-0.5857013169340659,-0.24299256030289434,-0.10201755363587243,-0.2576173449285841,-0.41071590422947934,-0.5571970662704867,-0.6086689495161096,-0.17379184464864914,-0.038060426472339114,-0.10894573425339743,0.043592408428102816,-0.01342797565365922,0.563205094789769,-0.6982797481856947,-0.48338151237713883,-0.10625956974540496,-0.12376808604136973,0.2188390285195636,0.06994009608062916,-0.15135166111517065,-0.2878083228963155,-0.03138116347378837,-0.13808121635737672,0.2556538850702206,0.06098764577059772,-0.11058894048101653,0.011407664549170094,0.004266632449703252,-0.1183318334629533,-0.16731661384320115,-0.002982002819030021,-0.08697180219081348,-0.0741892153727157,-0.22667543903779153,0.04826167371913781,-0.45401865281719617,-0.7899161935614255,1.0,-0.1905248195766278,0.3883982731165387,0.7050244956451526,-0.7950335662893181,-0.049689407591670315,-0.07821313477426095,0.5842778284762475,-0.47956093606710326,0.004366035768700336,-0.05511327501356737,-0.08025555140200953,-0.33342529339603505,-0.4086947540168267,-0.37091538586689926,-0.45777692857245217,-0.19969157065369014,-0.2960032170302557,-0.3757044597066966,-0.4386590226638248,-0.06808186393629634,-0.37971903716551353,0.6220008678319792,-0.7210452522253106,0.5461559438441533,-0.3924702030836829,0.6963376176645528,0.34805650258697923,0.6524885031475122,0.34866050482472977,0.3486613089341825,-0.032343167122192824,0.2783481230959494,-0.168415886754171,0.3581880483228533,0.02453616576034011,0.29491014899543355,0.10872175500505818,-0.017551933118510936,0.1321404848170894,-0.053124450170891936,-0.16528812631538234,-0.21982919621135968,-0.1527273816496816,-0.49160993892212307,0.5889041684319166,-0.22679540573344506,-0.26143887158093,-0.08479600709437367,-0.24674703314688598,-0.046352896946675735
equivalentSoundLevel_dBp,0.2623338607897354,0.10628287936051,0.0209358785101769,0.1780943725392445,0.15829739751413574,0.28317601873773574,0.3221035505516522,-0.05336112337017182,0.04820379735393474,-0.039526944431788696,0.08250246308905189,-0.08519624740973805,-0.2526073297055643,0.21854118217302834,0.23711637857643322,-0.07140253417083582,0.1773701424407194,-0.19965724254813133,0.06167865145068994,-0.10164680264805082,0.12295982880995894,-0.03604373381762221,0.18128850788758424,-0.20551744829326793,-0.06759016688026735,0.03949892058851548,0.00017672808782655014,-0.11248875895543985,-0.013310743175264612,0.09707376242671283,-0.15384562415111702,0.017815897626769387,-0.144129319304768,0.08852385095593722,0.26296148777484457,-0.03841399857885396,0.2730032358320899,-0.1905248195766278,1.0,0.05583579465462998,-0.25538970461042265,0.12764720925087739,0.09589050047433689,-0.12011655355432863,-0.29741991546744856,0.16284632283963857,0.01442273721940124,0.001216276622628293,0.43092091401656524,0.9334050602371153,0.7538318862491695,0.8574055570266691,0.8194356593859674,0.8200658212214078,0.9078423482541932,0.9311091261113628,0.7044676412499504,-0.4547525302379972,0.813669670758863,-0.35536361817378265,0.2236524249489684,-0.15111635013113375,-0.09699615063115707,-0.21769445447773678,-0.05796388799019265,-0.2226498743742725,-0.12429132123219208,-0.2424236373296654,-0.08124403022808692,-0.17694785520033576,0.024359770951666092,-0.09585732683247557,0.09547956026671532,-0.0959379636117643,0.011586822710389754,-0.2068210332523432,-0.00023293179938245037,-0.3495286699975537,-0.5002931809061081,-0.23432449675867098,0.07290963915142948,-0.15985114128516947,0.14290402048305356,0.9006998480890333,0.9569138749220499,-0.3647341305612322,0.9730255611097249,-0.47666803893824045
hammarbergIndexUV_sma3nz_amean,-0.28347060616179437,0.09348019654561633,0.17382211568995315,0.1143400404411654,-0.27924898369677,-0.21961734051887455,-0.18680290473411254,0.04600606438533685,0.27347134818739904,0.10051921681343477,-0.011519685929815355,0.03882511176689105,0.37883555090197135,-0.3697739812435211,-0.1769232472022644,-0.13149190431601146,-0.08233420143050833,0.1412245761122962,0.31483287033101964,-0.25570126329493964,-0.11632996848497659,-0.0361728302205735,-0.10144664965213103,0.18742687659067075,0.17333699575792622,-0.06357926440660006,0.1321707148119897,0.03432091704398937,-0.0790051527322308,0.06093947764918405,-0.03766954479752878,-0.14932424411114142,-0.022949969887488087,-0.10801223195048426,0.05232887335755332,-0.9614157724063961,-0.4966634927070586,0.3883982731165387,0.05583579465462998,1.0,0.5437862308768545,-0.46714847962357137,0.15302701402839178,0.12438531324234024,0.3080462035847003,-0.061591561294562516,0.043474482794472295,0.12439854043212155,-0.09116815421617742,-0.11686490676186813,-0.1353864745625578,-0.07928573535015487,-0.1879840113422875,-0.03336762987387752,-0.11453556594503712,-0.14506749121466225,-0.11029780647901796,-0.012103903173943083,-0.029765207132047965,0.43970012412987153,-0.46180565244252714,0.6544106462048808,-0.5998631344186416,0.3460154283205102,0.10144698625449786,0.43309132335697786,0.18119852127383135,0.09897281868962274,-0.006460246354317017,0.15074434931532432,-0.012518313000930856,0.24087786856732196,-0.04043613511417215,0.2798356617825741,-0.020477998465447587,0.0635858572723127,-0.025885024100736904,-0.468535494313143,-0.37072412029833285,-0.4168859935443496,0.11609195408879543,-0.2397963485003091,0.2199890008612401,0.09025614047134888,-0.021889986319650646,0.06136148419935384,0.028229180975094793,-0.05762673047306349
hammarbergIndexV_sma3nz_amean,-0.5713034950929322,-0.17176938435915298,0.010197578039346773,-0.15903168737686776,-0.4343763125549036,-0.5586163299243756,-0.5712850355481888,-0.0761155165285313,0.09422977908031378,0.028815749707755235,0.0660156994010151,-0.03460769558992608,0.6761869790230045,-0.6503148917631145,-0.3915341791556309,-0.1570156544517742,-0.1347857330720608,0.24130526640120584,0.2854995524397692,-0.21714181225126314,-0.19072814658596876,-0.023094435625742052,-0.16184908079396088,0.30657677547397477,0.18672601261910735,-0.12822563718322588,0.24944963526070796,0.08613821545752803,0.018139139415306354,-0.15079780420099687,0.039715422144232695,-0.011330097119325344,0.04680899944576051,-0.1131480761627859,-0.08169203796667049,-0.5365849647765661,-0.9417549972730519,0.7050244956451526,-0.25538970461042265,0.5437862308768545,1.0,-0.750406865645949,0.08043372729503317,0.03732039678628049,0.8075372604633032,-0.4755333436159928,0.06170098216770968,-0.011455167923049816,-0.20591708450512375,-0.4886079019197166,-0.4327955328246299,-0.4111607947555989,-0.4829656990170389,-0.4030873803338896,-0.46526205508687296,-0.5047363810096358,-0.40825631117283767,0.19252445578448935,-0.3558480758445285,0.8073771858011467,-0.6438688912450725,0.6933875879096368,-0.3078215406014426,0.7446411592451347,0.33037967222164716,0.7202446722131975,0.3812419891443812,0.2386660294122459,0.00949043470088509,0.18160878652011364,-0.07203400017544288,0.35793121972808917,-0.051514476470810824,0.3394945400690063,0.05468662765094815,0.015176864827590762,0.2666424849944946,-0.06342367119641586,-0.021737243864995436,-0.14930319978111173,-0.0772555415052857,-0.45677894959498416,0.3613568250002259,-0.33010367475299,-0.347474518077825,0.15174274568714272,-0.34790179519345593,0.19865236504411174
hammarbergIndexV_sma3nz_stddevNorm,0.5752601207090644,0.21495625602969223,0.07721188190766856,0.20577863351115563,0.4313740583011985,0.5529342114667269,0.5814968831639786,0.16767588902182312,-0.002939252358658432,0.11052603108537468,-0.0305826557890403,0.005496192536120827,-0.5795965917341919,0.719819847845562,0.4616277560801494,0.07511850048161457,0.13677445094045887,-0.220960482225438,-0.2266321334352202,0.371673667872557,0.3721508851410897,-0.03299077231256779,0.16213707422743107,-0.2821441835458565,-0.08761650795722646,0.20892615192277464,0.041845257564478246,-0.08967571091074321,0.13129218255423789,0.16148613862880037,-0.02490245909943152,0.09804020429002205,0.04359256737331723,0.20276094206967102,-0.03624808243009443,0.4687350741281131,0.7357784840142969,-0.7950335662893181,0.12764720925087739,-0.46714847962357137,-0.750406865645949,1.0,-0.011868452463583833,0.09472443649740399,-0.6181115626896766,0.5526971545595113,0.02388812624432753,0.022971045686304172,0.09233493415333593,0.2713009201985651,0.3735514058653145,0.3321345486820785,0.40821193197693584,0.13584548410029598,0.23873811019377422,0.3155562582746899,0.393957606496479,0.11208895924766746,0.3179837940717655,-0.6272446194493795,0.7740106003982875,-0.595273754818081,0.5275234155869337,-0.6528461297338675,-0.2927385387843392,-0.5917618470935431,-0.2941291762269821,-0.16549125859687758,0.061224965217302765,-0.09959759606585274,0.12443206734838863,-0.39847947233659836,-0.004983009156379059,-0.3329131899115562,-0.08721652790468538,-0.007865691587842363,-0.05341132566200443,0.08698237411417954,0.17876033695503923,0.23724701056008005,0.14455764336054072,0.42990967237415945,-0.4713480001448871,0.16002323689526143,0.1993723678663328,0.11459148813649639,0.18475912703795058,0.07873228560022799
jitterLocal_sma3nz_amean,-0.030981842523652395,0.4019695208736085,0.3192099847235384,0.4699186534584088,-0.2027377628728099,-0.03316812130622671,0.14448855413946665,0.2120771215470396,0.4268730896128211,0.1943332664011187,-0.21849943632108232,0.22769659757522837,-0.14716075736143125,0.15745513770654887,0.23067575766557802,-0.05214161609119,-0.19982434203001045,0.19819295965652944,0.1909407095956697,-0.16868053454049434,0.19313899649502617,0.06545124391205692,-0.20316472372976307,0.205723570992879,0.01983124249695057,-0.0962006481866935,0.20118427986307894,0.035106941082442514,-0.3694365289364659,0.4956136772712786,0.09447231695485389,-0.2979254300358644,0.11471399670554527,-0.13100798194386692,0.011931790996364648,-0.10793665921093576,-0.02189299023833535,-0.049689407591670315,0.09589050047433689,0.15302701402839178,0.08043372729503317,-0.011868452463583833,1.0,0.016744385546142444,-0.08368450268018378,0.19157742308389208,-0.04377030921797498,0.13334605124349877,-0.058899916694911035,0.06595248087453978,0.0179697562319342,0.07115776008841417,0.03827335237751214,0.06994637778109888,0.06745400678674972,0.057973491550844296,0.0736452219661232,-0.042175551041666266,0.11691360638883216,-0.06169166690033468,0.10383523708073848,-0.012578018061810563,-0.013883693707197628,0.030931252470779227,-0.0005586928100093842,0.01308300551586054,-0.029915434666797396,-0.11333039705182639,-0.02251330398531495,-0.0851082511040074,-0.019999720215323015,0.12199248195251983,-0.04827390776357418,0.1192296458611829,0.01312354191702167,0.5099814129405544,-0.24165643396285022,-0.12338179405343186,-0.10784580322364906,-0.13813130206839802,0.06057383510943342,0.07607789229159292,-0.07838162650853898,0.2034594961729947,0.12045638371425167,0.08355460377873995,0.14219010174010868,-0.016652566021711394
jitterLocal_sma3nz_stddevNorm,-0.020892998879494147,0.22939913915572813,0.2461980434192675,0.1322683974701262,-0.033390837554201185,0.00870598337313607,-0.0008615145157385444,0.22627203655993794,0.17240855573532854,0.209015430638216,0.006102528894092966,-0.019323754686108346,0.08622810507085399,0.00801608276248755,-0.013268269187739577,-0.014788922214064429,0.006858997805535168,-0.028557316372561828,0.10053151833782314,0.037326765579493826,0.004365145401143233,0.024424247940357496,0.004675323003658112,-0.026811852448545084,0.04569786614071898,0.07042626440571151,0.05836200514700657,0.02638948853383525,0.07385507484008443,0.10375894778245444,0.028068951603163538,0.061326816504733206,0.06372762854096876,0.07611165787527159,-0.11241193087712985,-0.12392757646892098,-0.014306632212206098,-0.07821313477426095,-0.12011655355432863,0.12438531324234024,0.03732039678628049,0.09472443649740399,0.016744385546142444,1.0,0.03865834678397881,0.13920231348683812,-0.01841818573168913,0.17611321917804534,-0.23469079683050983,-0.12764780940993584,-0.14868267270639893,-0.12890007484689237,-0.0825218784320131,-0.1291980393342171,-0.13919165720860896,-0.11804945769151202,-0.09054065000567375,0.1477808251396877,-0.06039882706512727,0.1109880600772844,-0.014335546454426336,0.11023621789198083,-0.017908352449398788,-0.04489508526140478,-0.03832971626448779,0.015405957667923943,-0.012460517177839189,-0.06357095738099232,0.09431074725020172,-0.04084021784500458,0.07998870180830417,-0.07193905021462275,-0.11713361780971625,-0.031184407806461357,-0.10446933786753503,-0.13417206648185026,0.06563407927670954,-0.050728590530833305,-0.01723316562033212,0.011764984245602501,0.12489320068297904,-0.03897702336877595,-0.057982151812376974,-0.11241975059024163,-0.15187402653373303,0.17690710721737518,-0.1471926939400116,0.16436886319625726
logRelF0-H1-A3_sma3nz_amean,-0.4184072999518446,-0.3040202636995276,-0.17161299356808643,-0.32094453210994855,-0.2185876368920994,-0.43404486878980536,-0.5298302278481821,-0.11079729114311232,-0.1681493848026587,-0.08900760276731794,0.21787776519895052,-0.20763437271456184,0.6408763698340648,-0.6129978382971398,-0.4652337417268844,-0.018966222766106284,0.035651581466264896,0.04883740182198519,0.09217795567097825,-0.09581109752642518,-0.260859575942314,0.05320280288299238,0.011346193646365738,0.1056133257186178,0.09992742275461897,-0.09059775462627999,0.15170135058033596,0.13235422021611817,0.18710519864300343,-0.3481340950339607,-0.047272047571055104,0.1769629405114347,-0.002780674147116682,0.03263308081063045,-0.0956817704414439,-0.3031244481966845,-0.7689940287282621,0.5842778284762475,-0.29741991546744856,0.3080462035847003,0.8075372604633032,-0.6181115626896766,-0.08368450268018378,0.03865834678397881,1.0,-0.7255522651604609,0.24317604314271063,-0.09464637041245828,-0.14345673109441026,-0.47972363682204733,-0.33193062588700367,-0.4024339529583238,-0.3921340616944609,-0.44296520237887715,-0.4606965829080039,-0.4732463668802579,-0.324754659258473,0.26782324424374354,-0.39903422858383913,0.7896074926660784,-0.5680607922436233,0.63111853294652,-0.18097496623790657,0.5974076958445989,0.2573933256873266,0.5709985745259936,0.2912134041261414,0.19118169902987397,0.030044088049987604,0.10776831744981044,-0.018744011750739264,0.19347323070702196,-0.06309207388137716,0.16862254974915733,0.01633343933099796,-0.009559040383760656,0.3240498858787916,0.17783716005080868,0.071449835193756,0.11511818299198275,-0.026507863986366162,-0.4852876422393822,0.3450986680007571,-0.4164881581727728,-0.3493150104771436,0.11575404559648267,-0.3886015165925632,0.2418038862367016
logRelF0-H1-A3_sma3nz_stddevNorm,0.2901545657843504,0.4242389626491451,0.37769071062302717,0.4407922774808973,0.09094573632713403,0.33247954389174716,0.4430396562272303,0.23365461706146515,0.401059804898061,0.29761271214630736,-0.25932360701539153,0.25687786802060975,-0.4395335010985206,0.5231012145605518,0.4555875242860645,-0.052457502088949615,-0.1267512240443976,0.06362301130866002,0.1085996145567258,0.030690425799183726,0.33302856111079926,-0.0518434031214184,-0.11050759326329941,0.024373996464085886,0.06793908979152931,0.02315752142460507,0.07280732346505375,-0.07568838207496043,-0.2142371283706808,0.4981639730102369,0.09980054681005243,-0.21857394022374876,0.1039101237046331,-0.0345117465045518,0.008402956374865994,0.0683713775410996,0.48579979286911634,-0.47956093606710326,0.16284632283963857,-0.061591561294562516,-0.4755333436159928,0.5526971545595113,0.19157742308389208,0.13920231348683812,-0.7255522651604609,1.0,-0.2101858976410062,0.3356435410128986,-0.08265731592257013,0.25299802535577753,0.1617947681622697,0.23758595652875691,0.22749611106431006,0.22687254588521963,0.23191614358436402,0.2515962433191803,0.22935424990310774,-0.06837064112798374,0.3196729002833824,-0.5076226641837652,0.48703032229138876,-0.38697335811269656,0.1722329427855019,-0.4048183661781979,-0.16122953698819048,-0.34137374073976107,-0.14910736124722962,-0.1592919510925839,0.016318306164759367,-0.05832575725063029,0.07200073675447045,-0.11441879828877476,-0.021550096059258363,-0.05363659903592196,-0.0662704575486559,0.11658988159557597,-0.28927995480517965,-0.27422921581957843,-0.0817781362947245,-0.19796711911108664,0.16942607316917196,0.3887622576572201,-0.3409318702343774,0.29323606664707913,0.18606663415048297,0.11957311633476858,0.22771945413786462,-0.023804948760075457
logRelF0-H1-H2_sma3nz_amean,0.27098412113859277,-0.11859875414776665,-0.14997789504602896,-0.1361710048221843,0.3131278235700952,0.267787863493604,0.16827687821532164,-0.047931783684460404,-0.22508768133891222,-0.10197637216059048,0.20736707489772385,-0.1747366714506155,0.13173004886809975,0.016208980479150314,0.08594770448163189,-0.08016497646138397,0.24095491762562682,-0.19374916765563355,-0.12154320163331314,0.22985025937606268,0.16464677359497346,-0.21223029803035348,0.24262527085324107,-0.19556298258976562,-0.04982279096925397,0.20617491419711947,0.23392504635867237,-0.17663298653961182,0.43301836207531036,-0.3177833859011884,-0.24633025685021107,0.22177928420753923,-0.16131152392873496,0.16932524918869835,0.0674137316405839,-0.05734150234571576,-0.08587549780195938,0.004366035768700336,0.01442273721940124,0.043474482794472295,0.06170098216770968,0.02388812624432753,-0.04377030921797498,-0.01841818573168913,0.24317604314271063,-0.2101858976410062,1.0,-0.45611383690755447,0.15772249035913313,-0.0033366425245035356,0.1099021770594634,0.03169021356924145,0.023416783056682586,-0.003281330226161767,-0.0003729776348504234,0.001636686068856471,0.07761208279503175,0.018484450854794676,-0.02581589717650556,-0.023563359248803803,0.04267632089642363,0.014240681732914566,-0.013577843562811281,0.021719686401293407,-0.0071177038715782405,0.02016199117218835,0.002217679521572743,0.08198929611375834,0.01756305580324867,0.07826299379095229,0.013094848779770397,-0.11826164243309756,0.1095596183329898,-0.10689729417079301,0.05840935703842175,-0.17624949871788306,0.13546536899168343,0.11078508610898573,0.008055341796052504,0.13476771053230738,-0.058529226411304515,0.02521060735204358,-0.022624823004282455,-0.03332524428161638,0.011996420584225925,-0.01850221392311478,0.003753222008319315,-0.025766625894594514
logRelF0-H1-H2_sma3nz_stddevNorm,-0.16088751541960894,0.28993439822181555,0.32230462679254274,0.27417870268146183,-0.2227887463838504,-0.11835260798948032,-0.04789740863601026,0.21483001756885256,0.39608596099973925,0.2590246126525811,-0.21120604762124956,0.1980321001490956,-0.05627528956650664,0.042682490294685155,-0.02448903156970869,0.07018751070183923,-0.21100027400518662,0.17496537351192942,0.19804113214815047,-0.201322570921712,-0.09252141643678626,0.18275797303048044,-0.21417804122325781,0.17798072663202338,0.10376300181744205,-0.10710751449340951,-0.1225353978837352,0.17156165825192823,-0.3422660901360369,0.40122550032683524,0.1679843609604547,-0.24121144292169455,0.1690269457594979,-0.10949095159740847,-0.09528672462106623,-0.11313138425861678,0.0478934542748607,-0.05511327501356737,0.001216276622628293,0.12439854043212155,-0.011455167923049816,0.022971045686304172,0.13334605124349877,0.17611321917804534,-0.09464637041245828,0.3356435410128986,-0.45611383690755447,1.0,-0.2459287644691848,0.002216696366273066,-0.09317627121418832,-0.05727879655394887,-0.031191468559331432,0.01496138714990701,-0.008927221449657269,-0.0046916555871061045,-0.0003266987550887325,0.017351182744832834,0.04300932297988873,0.051588698773863684,-0.04362030990190444,0.08386087771105474,-0.08782898528830248,-0.028941528728422414,-0.029514400296016614,0.020403685490899843,0.010946274415044869,-0.06524403896329373,0.013032828162768054,-0.023369978546954162,0.028272691714783717,0.11988701334410737,-0.1764585751829993,0.14101400510400236,-0.14936027005124197,0.20522937543879535,-0.2325364611302069,-0.25707237207138817,-0.10311751813634282,-0.24588674446692457,0.1927664032417513,0.022497156942625062,-0.06504587789113364,0.07597539972498422,0.005162306676414711,0.1288001848529398,0.017506601237582763,0.07259128833245458
loudnessPeaksPerSec,0.21563247425995505,-0.18508770536536312,-0.23436912242967653,-0.19253519568429645,0.2755663939237543,0.20418737080126312,0.1256350195590482,-0.21352476619345842,-0.353220849027242,-0.20449967463653795,0.42908395764444124,-0.40620042157403596,-0.1060336487214957,0.05908833798632149,0.00480340960394111,0.03728419887131194,0.4666937141642419,-0.4317922316912966,-0.24923620850335745,0.2266358537368965,0.01446277825865468,-0.06405716939156272,0.4749494025683517,-0.44626318514300783,-0.10915650342572547,0.17007154096439842,-0.06261001021168182,-0.11329963435575467,0.21109185250353993,-0.27528029388995806,-0.598459130993013,0.06253751281092232,-0.5905129092682521,-0.04962801733569941,0.5624115822811003,0.05904828485753835,0.155646441442059,-0.08025555140200953,0.43092091401656524,-0.09116815421617742,-0.20591708450512375,0.09233493415333593,-0.058899916694911035,-0.23469079683050983,-0.14345673109441026,-0.08265731592257013,0.15772249035913313,-0.2459287644691848,1.0,0.48509748861136126,0.6052988644624848,0.5548660909729387,0.41390682712306764,0.4891942254978301,0.5235234117476129,0.47849543491453483,0.3468504926099402,-0.46081045508197443,0.2873843282804875,-0.20932353109457333,0.13531340569450526,-0.09784440253189992,0.034182251793509096,-0.11502121531201893,-0.012977639244920888,-0.11527042656207032,-0.05284317909827698,-0.0008684627418404498,0.005633116676930785,0.0062861133838749235,0.05767407061891128,-0.14805359713819916,0.16342784723512854,-0.19867870570409638,0.09105578721939338,-0.18677663687879476,0.2586786920999397,-0.0278846623555662,-0.2706054841303098,0.04099918840232959,-0.057966258684226404,-0.1082399055573506,0.07796130123215292,0.3794051605987743,0.4738958647876609,-0.48684982933682364,0.47330966578767175,-0.5557318085729087
loudness_sma3_amean,0.3777788147302299,0.15555111112108086,0.02276365897423405,0.2055127062470233,0.24876450730597288,0.394632976935342,0.43678935269501207,-0.0208974935134156,0.01970807942588883,-0.05464009887747079,0.05271488699405941,-0.06127567228185304,-0.37808245967806564,0.3392456122542747,0.30843717266283543,-0.03069195559787958,0.19123510189966653,-0.23834178184297689,0.018572203387913187,-0.06428436242955038,0.12975837534613316,-0.02386957246605868,0.20047103651509113,-0.2571042958657414,-0.09564384793354555,0.07235576341195893,-0.09231605775351154,-0.12748672987738305,-0.0451372767702952,0.14166547190923345,-0.1699334907535071,-0.01178626135940094,-0.16822849901644787,0.07726958525875566,0.27022401848512806,0.13210610388217528,0.4941157688907794,-0.33342529339603505,0.9334050602371153,-0.11686490676186813,-0.4886079019197166,0.2713009201985651,0.06595248087453978,-0.12764780940993584,-0.47972363682204733,0.25299802535577753,-0.0033366425245035356,0.002216696366273066,0.48509748861136126,1.0,0.7555870257378803,0.8438896632059403,0.8346512589254164,0.91729520446986,0.9864862140391917,0.986438600698368,0.6890166293215721,-0.5787521090211033,0.772730413152849,-0.5468755720651614,0.3508106417746354,-0.3314935260112389,-0.03502847468451129,-0.3675412008268208,-0.12723551000782626,-0.38644977471233377,-0.20325264885824973,-0.29921538013009924,-0.06655391523842569,-0.23562036970626893,0.042156701963323606,-0.16101868254430887,0.0947952743071026,-0.17687282742175678,-0.003510063788813189,-0.19618120024995736,-0.11343036821482762,-0.2953107491780095,-0.49505805072754483,-0.18777585418409168,0.06532422881183543,-0.022908412809758624,0.0500723511240245,0.9146954585247231,0.9334056248609711,-0.4667693654306788,0.9662295514804098,-0.6006881159169308
loudness_sma3_meanFallingSlope,0.45899651297962785,0.004983383231796267,-0.12608771666670504,0.031933973896027465,0.40854010052945555,0.44040373144057776,0.4047341150660404,-0.04258060018884402,-0.2084936321285419,-0.09039727833862012,0.2737289811348168,-0.28247824203165645,-0.3535502701531357,0.353942898552422,0.2339953935344225,0.09702666376005423,0.3979196897797569,-0.4299076128421986,-0.20585146543529625,0.16986252673197164,0.1611028163552099,0.027753179029823584,0.4097104403065205,-0.454916837017941,-0.15455487085084427,0.15112946788404885,-0.0033922510139361554,-0.05670623987668074,0.2502123358801386,-0.13332539412396033,-0.35828024531234876,0.16078804032465224,-0.28423561351514454,0.21023785446798515,0.296473631343667,0.15524384242992034,0.44163339220247144,-0.4086947540168267,0.7538318862491695,-0.1353864745625578,-0.4327955328246299,0.3735514058653145,0.0179697562319342,-0.14868267270639893,-0.33193062588700367,0.1617947681622697,0.1099021770594634,-0.09317627121418832,0.6052988644624848,0.7555870257378803,1.0,0.8988987002390904,0.8705429380340317,0.5689078167739093,0.7113543156985058,0.8049567768015783,0.9148001710216399,-0.17195615664380318,0.7677532230466052,-0.4206968533199095,0.414340564783581,-0.2643058719305196,0.146280041440193,-0.4182277357788591,-0.18273689602606333,-0.39569464254793263,-0.21875903138198133,-0.22089729904214983,0.0068275357980627045,-0.17613532868056078,0.14787136119765215,-0.30520907487186366,0.1032682103256137,-0.30366409342549644,-0.006536286850284145,-0.19166403696067716,0.19759131669578117,-0.08942376719947946,-0.25438566438682514,0.05316920838840045,0.15484815606891514,-0.02677246485084569,-0.06911605052380794,0.622464704884156,0.8022084688568124,-0.20516851798832045,0.748243522985766,-0.2783854690911276
loudness_sma3_meanRisingSlope,0.38078557410306163,0.0866978197092526,-0.025069000215383563,0.1315203377087125,0.28345981895249445,0.37804613228716333,0.40068024989028045,-0.034493978858693854,-0.05396264926387024,-0.050659045338728954,0.16189872498996602,-0.16617428970959505,-0.3454445426390542,0.35208822247345495,0.2989618476240925,-0.018216120538440753,0.2831437266268184,-0.31523071146963605,-0.07042114081604788,0.052466815985352015,0.2037132596079882,-0.05535865082111519,0.29405834561284183,-0.33737156623911724,-0.08871103850800964,0.10214727212815013,0.011315299195893863,-0.13275580856306993,0.09164871937724432,0.03568682180965226,-0.2682504831237211,0.06589734322383502,-0.22761582217963058,0.12751734622075425,0.3081559574459173,0.0942542411227909,0.4139432091446058,-0.37091538586689926,0.8574055570266691,-0.07928573535015487,-0.4111607947555989,0.3321345486820785,0.07115776008841417,-0.12890007484689237,-0.4024339529583238,0.23758595652875691,0.03169021356924145,-0.05727879655394887,0.5548660909729387,0.8438896632059403,0.8988987002390904,1.0,0.8725396435161826,0.682728739507771,0.8050610771780636,0.8740984006965478,0.8134757641066152,-0.28408856341842226,0.9114351877873003,-0.46647693990366246,0.4101869577149866,-0.2949694056089878,0.09284573884801325,-0.3615507664886255,-0.13847816724867906,-0.35117587445888704,-0.18080962601424166,-0.23754468177403731,-0.029725338218687294,-0.18091741971327835,0.10020749512188154,-0.22664408953179743,0.11562453870638366,-0.2234844448940373,0.020556168185019718,-0.16257873481628737,0.06975301483462602,-0.21257821844945504,-0.33946940507568996,-0.07699102280254247,0.10503021908206762,-0.02304918070924689,-0.022827656856462257,0.7595877554639634,0.8650287215470223,-0.23759077359488384,0.8555755200570688,-0.33343163306891394
loudness_sma3_pctlrange0-2,0.45794504220607474,0.09909476938208311,-0.059812827022370875,0.1330243392704685,0.3666925314985227,0.4353676842514036,0.44352969663819286,0.00953653457893296,-0.09893495729069979,-0.05629386286768714,0.14803449697487137,-0.17094973065999094,-0.4347754792746976,0.43785237828906937,0.3179173710326194,0.07900511715750393,0.2866576352105857,-0.3467070808643679,-0.13942009221330415,0.07691975884987157,0.1994827532116166,0.05002368000117189,0.2978758517634666,-0.3709784509361172,-0.1665668224420304,0.10095629892214024,0.0030262211111610937,-0.053322237103057495,0.1504970503504982,0.011452257862145857,-0.16798337754862866,0.1749658526518064,-0.11526829105849118,0.25154786501201,0.16332724617564542,0.23179657584769484,0.5148633474963714,-0.45777692857245217,0.8194356593859674,-0.1879840113422875,-0.4829656990170389,0.40821193197693584,0.03827335237751214,-0.0825218784320131,-0.3921340616944609,0.22749611106431006,0.023416783056682586,-0.031191468559331432,0.41390682712306764,0.8346512589254164,0.8705429380340317,0.8725396435161826,1.0,0.5883525736531344,0.7849536096666514,0.9059201525098918,0.8140033749865433,-0.15163918935174117,0.7869773737470175,-0.4904054937908721,0.4750499425741309,-0.34861896393239533,0.18513385096656898,-0.46942015447487095,-0.1932964083991974,-0.47393683748437093,-0.2559973153937895,-0.30626253564650524,-0.02905332294534997,-0.2622094196187533,0.12563630333689027,-0.2936907274603707,0.06845764839779778,-0.28949325629502193,-0.03898635188956031,-0.1881557459841493,0.10619834395564033,-0.09401025573804385,-0.2221155957184276,0.04862938218493823,0.13369465771252054,0.01035519967720287,-0.07667625615715505,0.6949018772002428,0.8431447496611082,-0.21929304426583443,0.8077773585219299,-0.25802219281574473
loudness_sma3_percentile20.0,0.27023750533609153,0.17240386581823383,0.06694711636027013,0.205399053787731,0.14664292617042182,0.30486711400046046,0.3541628277791214,-0.009810059224942123,0.07707759218070794,-0.03623723036927759,0.026627441020109045,-0.02146288862919868,-0.26397676240546775,0.21884662655095855,0.2517608741128901,-0.07791921364189519,0.14200120116803452,-0.1686874794931976,0.1025048690507967,-0.1299257914317263,0.07727324995985733,-0.05899465136312765,0.14883437344971812,-0.18066319964939614,-0.04146226372416072,0.057760586122533,-0.12779480333198917,-0.14361947679426448,-0.13797632722695632,0.1808178334866835,-0.20725205968434443,-0.12233390644149149,-0.22555014681716978,-0.03724316952441492,0.3163751206676941,0.029515181197031504,0.38645155925222746,-0.19969157065369014,0.8200658212214078,-0.03336762987387752,-0.4030873803338896,0.13584548410029598,0.06994637778109888,-0.1291980393342171,-0.44296520237887715,0.22687254588521963,-0.003281330226161767,0.01496138714990701,0.4891942254978301,0.91729520446986,0.5689078167739093,0.682728739507771,0.5883525736531344,1.0,0.9369590816220623,0.8497085342309045,0.4951449925172701,-0.8015942439818079,0.6155724346475691,-0.47786571771409897,0.2133840517496752,-0.2374506497739579,-0.17863562408658729,-0.24277928820195668,-0.06713587428433233,-0.2685026014161176,-0.1399232599109987,-0.2348927321210048,-0.06399420541680685,-0.1738165442181277,0.01020244745221925,-0.0626486468096744,0.09535409614331815,-0.09723673322278681,0.013642261105514596,-0.160562909011953,-0.2325770246198665,-0.35800289160487203,-0.6180501284764114,-0.2944814363295471,0.03401287217519124,-0.050199541341460985,0.12004367091027843,0.8913841783055644,0.811744169705985,-0.5537136412142349,0.884502260478388,-0.7550770915077984
loudness_sma3_percentile50.0,0.3509204098121012,0.1420235965861472,0.014560887921119238,0.1920939768347387,0.22876609226459474,0.3701452912539111,0.4089183426535017,-0.03135993409890077,0.01498098939409861,-0.06266208462518295,0.07314661911077323,-0.07847209699371985,-0.35985427496335837,0.3157090637734301,0.2910273270095557,-0.03656554526233352,0.2020673559799506,-0.24331940761951187,0.020326771013499813,-0.06489330768502248,0.11557007364677223,-0.027959342263769286,0.21034688191924236,-0.259639457009444,-0.09554134038781881,0.07057879019215518,-0.09499038153547389,-0.13112818557064315,-0.0612329701651567,0.1404441596290461,-0.1915677168400595,-0.014541323747836121,-0.19706436004467315,0.06268693853764902,0.28216438693975615,0.12709875869615175,0.46509717125538363,-0.2960032170302557,0.9078423482541932,-0.11453556594503712,-0.46526205508687296,0.23873811019377422,0.06745400678674972,-0.13919165720860896,-0.4606965829080039,0.23191614358436402,-0.0003729776348504234,-0.008927221449657269,0.5235234117476129,0.9864862140391917,0.7113543156985058,0.8050610771780636,0.7849536096666514,0.9369590816220623,1.0,0.9598407460170568,0.6268263671166199,-0.6607203746194817,0.7192124519362852,-0.5286004853796292,0.32174705582618895,-0.31311511229159833,-0.04787512932693551,-0.33392699972148376,-0.10194098844213578,-0.3615807092927022,-0.1846638517874236,-0.2798705396688039,-0.07072358942421614,-0.2203066309859274,0.026649205196798018,-0.138703468282208,0.10481752319161944,-0.16598417353417547,0.01291143701277995,-0.2046758170490709,-0.11623778038944693,-0.29033319993876955,-0.5067880625109724,-0.19345339831259456,0.046545788708780136,-0.032927821269614396,0.06832549101636162,0.9083223308450015,0.9057361298119968,-0.5326486352528508,0.9497480428873565,-0.6704276078260336
loudness_sma3_percentile80.0,0.4088060746382335,0.14069145712003325,-0.0012255869848637937,0.18960802923388592,0.2879309210211433,0.4163791047230398,0.4499731632164582,-0.020043458268671304,-0.012951930968461348,-0.060756660540714054,0.07333223601948907,-0.08661810713588898,-0.40507372098954314,0.37389981695370816,0.3175260446229395,-0.003244589182102169,0.21650228983754344,-0.26920906382617305,-0.024061433840845553,-0.025999398769934033,0.14890083940807447,-0.0052385288128257365,0.22661683954665396,-0.2901837325510201,-0.11641289605517938,0.08141616927065737,-0.07348088499123134,-0.11314534481061525,0.005083864469822863,0.11113901214600719,-0.16521144226633622,0.037597231309074164,-0.15061439033041413,0.12323453611547099,0.24674319700543096,0.16742673857807333,0.5168615879395806,-0.3757044597066966,0.9311091261113628,-0.14506749121466225,-0.5047363810096358,0.3155562582746899,0.057973491550844296,-0.11804945769151202,-0.4732463668802579,0.2515962433191803,0.001636686068856471,-0.0046916555871061045,0.47849543491453483,0.986438600698368,0.8049567768015783,0.8740984006965478,0.9059201525098918,0.8497085342309045,0.9598407460170568,1.0,0.7364767058627781,-0.4743926444664279,0.7946438469610996,-0.5500699107568663,0.39251147783840246,-0.35260798425940737,0.024962563598351528,-0.4064556918545897,-0.14566000220879263,-0.421229086653274,-0.2220382649172741,-0.31088587378552834,-0.06236792425826849,-0.25098927829669493,0.06418259847114614,-0.20135637575928048,0.0905725374040681,-0.21057930175008158,-0.01507003925257376,-0.207853182457788,-0.05128289472421108,-0.24955413426254644,-0.42982472474752537,-0.12916986213731957,0.07971767175430039,-0.015537770570113161,0.02027796598760915,0.8787776023951684,0.9390479906357616,-0.4204055323619497,0.9521087960436252,-0.5255777621644294
loudness_sma3_stddevFallingSlope,0.4349966823073991,0.11862011814254453,-0.007888637742558558,0.1524165514303282,0.338659578649992,0.42141640355972404,0.4290585232194808,0.05269234084532574,-0.053114928542241854,0.010150544691542267,0.11200989125302943,-0.1276009298803251,-0.359981544023139,0.3874435926060197,0.26023046727756516,0.10214334054446816,0.2422614167052186,-0.28980238872139835,-0.11068352591443012,0.08245662001834142,0.16283476582934878,0.06676098590724612,0.2525082225184175,-0.31315668021612114,-0.12106998820801954,0.10486734696916925,0.004735959765463052,-0.02330333226545986,0.17813364257423808,-0.014755629070477637,-0.17162541908629333,0.10434625750187855,-0.08892937005611325,0.21544063339950623,0.14129624315200312,0.14343418105179523,0.44076604884610177,-0.4386590226638248,0.7044676412499504,-0.11029780647901796,-0.40825631117283767,0.393957606496479,0.0736452219661232,-0.09054065000567375,-0.324754659258473,0.22935424990310774,0.07761208279503175,-0.0003266987550887325,0.3468504926099402,0.6890166293215721,0.9148001710216399,0.8134757641066152,0.8140033749865433,0.4951449925172701,0.6268263671166199,0.7364767058627781,1.0,-0.05291764066657218,0.7981257467069381,-0.4096484728966331,0.4294283710274804,-0.2655141243781074,0.14449464524864836,-0.4055404216515682,-0.19800000004441967,-0.37838950437108276,-0.22381794380414646,-0.2526811453213373,0.01250403265799078,-0.1910712363329816,0.14761951748041227,-0.2546959444293578,0.039497390577757946,-0.23294402950223972,-0.05069464165953928,-0.13134121589446543,0.10977052226406954,-0.14990689250390626,-0.21858505544856918,-0.007146704926016959,0.22183446419266345,0.0226034727816989,-0.11558410101561399,0.6070247682517522,0.7375016220890259,-0.027690937205103537,0.6931512987747931,-0.11649647123257015
loudness_sma3_stddevNorm,-0.041031919308989695,-0.07641716512257858,-0.03962329861785812,-0.09195178484996624,0.027694410823074986,-0.08670804314242404,-0.11980642536842649,0.08066289263477563,-0.058680737514244186,0.062363467018990607,-0.020709807081955363,0.00045014693273228,0.08265800003424756,0.008838560221478829,-0.08735414994767975,0.1416790159593073,-0.06491343474289053,0.05440100919114725,-0.14321583766254195,0.18399790720193065,0.03500581301675851,0.0956634014238216,-0.06478890568667957,0.0488330730106401,0.004265931576584325,0.0023324767222621,0.13929651479382407,0.1529715791198336,0.23620226427141028,-0.1444866044557317,0.1962496855241816,0.1966179976390197,0.28438227837222635,0.174306165433479,-0.3041331623367641,0.03684445136709049,-0.1570461024001306,-0.06808186393629634,-0.4547525302379972,-0.012103903173943083,0.19252445578448935,0.11208895924766746,-0.042175551041666266,0.1477808251396877,0.26782324424374354,-0.06837064112798374,0.018484450854794676,0.017351182744832834,-0.46081045508197443,-0.5787521090211033,-0.17195615664380318,-0.28408856341842226,-0.15163918935174117,-0.8015942439818079,-0.6607203746194817,-0.4743926444664279,-0.05291764066657218,1.0,-0.18766481053659767,0.2759634858392038,0.03901963336702639,0.09312108550452222,0.2875748656467951,-0.0026130767467783013,-0.07262769370455037,0.04359760488366795,0.01604742985932252,0.11177464370867757,0.08479580213613637,0.07864059394109033,0.06689281804861481,-0.09779230577282758,-0.09678847854716022,-0.03164321041740292,-0.05581383453089742,0.1395575227150641,0.2738558056126502,0.28791827324602,0.5636170732159976,0.3277144966562343,0.06509770726432006,0.06708323878031365,-0.21031346048507477,-0.6017737151032798,-0.44474713387588455,0.7037968621103149,-0.5434743294500871,0.8887023907789984
loudness_sma3_stddevRisingSlope,0.3240626334186346,0.19655706071844484,0.08819559067236246,0.25293611322369813,0.18026386955430335,0.3303052648590641,0.40136396727849105,0.053680594559588825,0.11782233203652336,0.03710975539739146,-0.010050701866646932,0.0005798089282588295,-0.32354606230274385,0.35360405348612595,0.3174279442815331,-0.04545460692418589,0.10917924204101175,-0.1529967048577834,0.05341910356477231,-0.05187192707364622,0.20340596928613466,-0.05066063236346519,0.11859313368830027,-0.17344935760265023,-0.03442429246764885,0.054831806916867204,0.01815666826878864,-0.11605623765779498,-0.007514940022018651,0.176224199018935,-0.07093707489993156,-0.010252593359142985,-0.030140514055896912,0.1090844989828992,0.16640232399277013,0.05440149940579392,0.38125739487205396,-0.37971903716551353,0.813669670758863,-0.029765207132047965,-0.3558480758445285,0.3179837940717655,0.11691360638883216,-0.06039882706512727,-0.39903422858383913,0.3196729002833824,-0.02581589717650556,0.04300932297988873,0.2873843282804875,0.772730413152849,0.7677532230466052,0.9114351877873003,0.7869773737470175,0.6155724346475691,0.7192124519362852,0.7946438469610996,0.7981257467069381,-0.18766481053659767,1.0,-0.4441841412465065,0.4020122020381476,-0.2854553960507836,0.06938627952301332,-0.32218224822342245,-0.13730933675319362,-0.30806208661207235,-0.16697882439462558,-0.26074175627304225,-0.03372246763224609,-0.1914044371377712,0.0816428382793053,-0.16283835592555856,0.06349680864063408,-0.14059878776952447,-0.018083785323185355,-0.10613749773832946,-0.040992344407562074,-0.28175127669612166,-0.32700714278459425,-0.15623325605273675,0.1427752814295001,0.007765810456984284,-0.04220221170507634,0.7468548135425529,0.7952416902345699,-0.08179877955434484,0.7998252253918057,-0.17938146857696505
mfcc1V_sma3nz_amean,-0.6116838295131112,-0.23934659991851556,-0.048512676284817785,-0.27144810726883783,-0.41245883919376075,-0.6080390635242358,-0.6640159055694805,-0.0658904434548327,-0.028466996382013148,0.02287144451258296,0.14218498557690928,-0.1278345881469878,0.623766644376384,-0.6584173352431224,-0.5742791037522064,0.07447199196315549,-0.06288178130447564,0.14459996049709617,0.0703809247575598,-0.10073599884801047,-0.3882782805105259,0.14461351737961195,-0.08521815187205727,0.1955567500168659,0.1520881353286866,-0.1340553612088167,-0.002401157443473595,0.2475687928994352,-0.009285128976569,-0.20781415895350686,0.002106366802193704,0.053121941145974114,0.027884471940885475,-0.06968932014108482,-0.10234061620633095,-0.45211235812274403,-0.8034429733621226,0.6220008678319792,-0.35536361817378265,0.43970012412987153,0.8073771858011467,-0.6272446194493795,-0.06169166690033468,0.1109880600772844,0.7896074926660784,-0.5076226641837652,-0.023563359248803803,0.051588698773863684,-0.20932353109457333,-0.5468755720651614,-0.4206968533199095,-0.46647693990366246,-0.4904054937908721,-0.47786571771409897,-0.5286004853796292,-0.5500699107568663,-0.4096484728966331,0.2759634858392038,-0.4441841412465065,1.0,-0.7841110977736947,0.8695877785050511,-0.379104378540613,0.5237859782834319,0.18415400223696457,0.5217147366556959,0.25823350303102166,0.4251259227242002,0.061289006532568524,0.35378468556905623,-0.061766656682359374,0.3109785256424351,-0.11016188782362794,0.2777174615456289,0.00433930200647659,0.08602403322160751,0.2675491901066402,0.043017054984515836,0.017575415207508566,-0.05597916634678337,-0.012959687725394338,-0.4915508084478443,0.350822444209675,-0.4449371337926653,-0.41151104589053594,0.12970408362786165,-0.4423757662543734,0.24391108614923238
mfcc1V_sma3nz_stddevNorm,0.6018543572581956,0.24041763312141254,0.0695625683911729,0.2725154941105863,0.41945897012813393,0.5664596882905112,0.6259609565169119,0.1492492640947857,0.04694148749709995,0.07925059553486653,-0.043829741724360535,0.023168233474194513,-0.582982410803716,0.7134447213747485,0.5486096738092602,-0.004798733674642575,0.12505385971053884,-0.19955740835582214,-0.10528588959463021,0.24075651372595117,0.4470646464542669,-0.04701163108757415,0.14555539200892056,-0.24709140782326983,-0.13628994496531027,0.1582515358729311,0.14636330390306454,-0.15207271866769545,0.14181273106552705,0.17868466789420154,-0.020346859954472604,0.09276555328411416,0.042548967756542676,0.2067248249134503,0.012598403852092528,0.49798529071742315,0.6741452754010253,-0.7210452522253106,0.2236524249489684,-0.46180565244252714,-0.6438688912450725,0.7740106003982875,0.10383523708073848,-0.014335546454426336,-0.5680607922436233,0.48703032229138876,0.04267632089642363,-0.04362030990190444,0.13531340569450526,0.3508106417746354,0.414340564783581,0.4101869577149866,0.4750499425741309,0.2133840517496752,0.32174705582618895,0.39251147783840246,0.4294283710274804,0.03901963336702639,0.4020122020381476,-0.7841110977736947,1.0,-0.7716625611912687,0.6909326550489643,-0.49390554512079987,-0.17510587390728174,-0.47562504795319,-0.22951519716376279,-0.3773894643349875,0.013148445647500139,-0.3289118416167215,0.1601311410717324,-0.37036937021494376,0.03564855698046117,-0.31860673647103843,-0.044706947896562065,-0.033819056968189,-0.03502974368331191,0.08693136454260202,0.16226187361690236,0.23195875635848415,0.09400295449027882,0.43532874743468586,-0.4589376780861587,0.2602351964914638,0.28075486269626604,0.08651023708242385,0.27685770013289057,0.03184627466650954
mfcc1_sma3_amean,-0.45049122957239146,-0.16488361014448363,-0.024732826251739,-0.14087680755871906,-0.3192242863227188,-0.4248682637910993,-0.4600007125704298,-0.05052407963168019,0.01937972727207825,0.008122842114727304,0.25936261346013784,-0.24179918959722785,0.5790871432162054,-0.5977578072383324,-0.45799224474464306,0.01008911303847016,0.10384314000021158,-0.027329852692118954,0.14449605886379788,-0.16662743546341208,-0.3319504814782216,0.06285890767167111,0.08000881799490268,0.028965420372466855,0.167625870224219,-0.09493503239942143,0.018109071114753954,0.17843649873828774,0.009230897429725254,-0.1580296358385266,-0.16407577352574573,0.07897661472000059,-0.12058949770686528,0.0175506627679939,-0.006648226453797336,-0.6485333359671892,-0.6706859378036462,0.5461559438441533,-0.15111635013113375,0.6544106462048808,0.6933875879096368,-0.595273754818081,-0.012578018061810563,0.11023621789198083,0.63111853294652,-0.38697335811269656,0.014240681732914566,0.08386087771105474,-0.09784440253189992,-0.3314935260112389,-0.2643058719305196,-0.2949694056089878,-0.34861896393239533,-0.2374506497739579,-0.31311511229159833,-0.35260798425940737,-0.2655141243781074,0.09312108550452222,-0.2854553960507836,0.8695877785050511,-0.7716625611912687,1.0,-0.6688145885399353,0.3661524998886485,0.09161754462249846,0.3796651858729113,0.17160195816895343,0.30336099461991706,0.05715924250045917,0.2854032039293677,-0.039112237225343086,0.22234690526661266,-0.08388050922972944,0.17585478196172213,-0.020655836046338517,0.08402309241287925,0.11600745615109344,-0.06915318587482293,-0.2516472077193559,-0.11960473435571958,0.009403279295253551,-0.4720097798445606,0.37312201871080264,-0.22058827581617646,-0.22514326150848366,0.07576875742167809,-0.22139146916152785,0.06050759162706258
mfcc1_sma3_stddevNorm,0.2403349258697079,-0.011697713040357447,-0.04299944305880994,-0.04192633497183419,0.2258603153630041,0.184637217754998,0.16601862847127014,0.03028340988131986,-0.11555488866828602,0.04666455336969244,-0.049370190690348974,0.03036529729889507,-0.3695823082230411,0.4337774078507897,0.229638544770166,0.0901098542986351,0.003095035070918923,-0.04605514698222319,-0.23726483787096644,0.30849751514777896,0.26423415191845495,0.06695307036747249,0.020340988611367395,-0.08767380271334033,-0.13142377336559877,0.07396927327270182,0.11338493369306499,-0.018719404242239605,0.1179579907453341,0.013292399826928342,0.0752523892777429,0.10001814227557816,0.10410784968051381,0.08030575245691944,-0.04903916165648479,0.6002282956674441,0.30171733071490253,-0.3924702030836829,-0.09699615063115707,-0.5998631344186416,-0.3078215406014426,0.5275234155869337,-0.013883693707197628,-0.017908352449398788,-0.18097496623790657,0.1722329427855019,-0.013577843562811281,-0.08782898528830248,0.034182251793509096,-0.03502847468451129,0.146280041440193,0.09284573884801325,0.18513385096656898,-0.17863562408658729,-0.04787512932693551,0.024962563598351528,0.14449464524864836,0.2875748656467951,0.06938627952301332,-0.379104378540613,0.6909326550489643,-0.6688145885399353,1.0,-0.1534975800375094,0.012168758932933876,-0.14842807386907678,-0.04188095059429467,-0.09997718581217373,0.020864793223278326,-0.13030724451796655,0.09171363947723067,-0.18823629463435912,0.00221700631683943,-0.14729889632526758,0.012936740333624075,-0.055829994819013413,0.25487953622661313,0.24862047234956705,0.48707397393041046,0.2983924712474394,0.06406069262466631,0.2728947118101941,-0.36148790180146156,-0.12812672262090027,-0.03469948215971551,0.15071861261467365,-0.09124885577406018,0.2632770986273948
mfcc2V_sma3nz_amean,-0.7188672493214192,-0.11514757301819692,0.09562430986334818,-0.13398486423521008,-0.6003845815326525,-0.687041329484991,-0.6723839214131507,-0.07698433563239784,0.19530263990575172,0.0776273952256855,-0.10991836341282682,0.1552427292247204,0.5097442166000118,-0.5888964018998332,-0.5060926832778024,-0.009087201847893309,-0.3050283532464975,0.4180110232142957,0.11299620414692836,-0.119775350196885,-0.2941360624658582,0.11103801147402456,-0.3160544321171806,0.4443372275414198,0.10082119779421071,-0.11395438572972183,-0.0027778283270852027,0.10777060339276531,-0.25015790093645096,-0.013308087964794673,0.08660296419151955,-0.2598487985392093,0.013236303807899343,-0.3638907822648962,0.02973937218043322,-0.411897905773788,-0.8309910620571233,0.6963376176645528,-0.21769445447773678,0.3460154283205102,0.7446411592451347,-0.6528461297338675,0.030931252470779227,-0.04489508526140478,0.5974076958445989,-0.4048183661781979,0.021719686401293407,-0.028941528728422414,-0.11502121531201893,-0.3675412008268208,-0.4182277357788591,-0.3615507664886255,-0.46942015447487095,-0.24277928820195668,-0.33392699972148376,-0.4064556918545897,-0.4055404216515682,-0.0026130767467783013,-0.32218224822342245,0.5237859782834319,-0.49390554512079987,0.3661524998886485,-0.1534975800375094,1.0,0.4476691053409601,0.9503771161878003,0.4844684943380558,0.3860630519510764,0.025583996103151412,0.3176827649487733,-0.10770549619520997,0.5505120662251046,-0.09221925411649275,0.5069772781976781,0.06785707080738512,0.026985902525195414,0.12762431451402464,-0.16597665682130738,-0.08541631432822146,-0.35527052310421636,-0.055345504983583156,-0.40728684232112583,0.3833093050077603,-0.20932904080885364,-0.2909448824824146,-0.03549054733929079,-0.2682434888436514,0.009792869389306496
mfcc2V_sma3nz_stddevNorm,-0.26681679231041067,-0.09943998299062351,0.0018126077062802595,-0.10357330609558807,-0.19526394149144058,-0.2601019225064056,-0.2695091395610374,-0.0973735912981368,0.019204561911695745,-0.012135439630375729,0.0023958221466719356,0.015803614490530624,0.17623115635652375,-0.2273061397017396,-0.1176446572582379,-0.15009868305413754,-0.0832908022420462,0.13318076362077405,0.09713317292206881,-0.07231272425114894,-0.016124172475784408,-0.042331075447086544,-0.08858881495103622,0.1494729184466306,0.023193754065266376,-0.05752187324371113,0.11567293534074938,-0.06433082785185999,-0.07565010815258692,-0.019190632900548385,0.011572218625271117,-0.0654171098468371,-0.03548431577100814,-0.1300821861728287,0.05255295712279449,-0.1192458550912873,-0.36117906341358147,0.34805650258697923,-0.05796388799019265,0.10144698625449786,0.33037967222164716,-0.2927385387843392,-0.0005586928100093842,-0.03832971626448779,0.2573933256873266,-0.16122953698819048,-0.0071177038715782405,-0.029514400296016614,-0.012977639244920888,-0.12723551000782626,-0.18273689602606333,-0.13847816724867906,-0.1932964083991974,-0.06713587428433233,-0.10194098844213578,-0.14566000220879263,-0.19800000004441967,-0.07262769370455037,-0.13730933675319362,0.18415400223696457,-0.17510587390728174,0.09161754462249846,0.012168758932933876,0.4476691053409601,1.0,0.4065637658918793,0.4277033085759578,0.11765690123473992,-0.059490657539550296,0.09249612319334695,-0.10694534341830547,0.21254056447220332,0.030849829230809346,0.18335574589333575,0.1398445862947031,-0.054086404831185694,0.09279675632504614,-0.06174541720220827,-0.0168918241685735,-0.1375360448944249,-0.035196017304974576,-0.13869895383179126,0.15912197972851222,-0.0625463442726444,-0.10729247404039366,-0.04453643099511017,-0.08296998107295257,-0.027359404603124724
mfcc2_sma3_amean,-0.6705492555265019,-0.09207321341340985,0.12257400550368067,-0.11862051495823778,-0.5560725259548989,-0.623073043436618,-0.6182633868153101,-0.06407320176538216,0.2053129973977059,0.09807877057824546,-0.13848897208593836,0.18350644701743393,0.5071807558089777,-0.5734441674113192,-0.5066414450348689,-0.011160093917469673,-0.322635025787554,0.43279666305838305,0.1259506267157266,-0.09234687607302029,-0.29488918883515913,0.10360542765788452,-0.33330618946183915,0.45803032500569946,0.1164857591159038,-0.07478308698173591,-0.005669616749836012,0.11036644056241725,-0.22594200028110345,-0.007894689679328815,0.08823152772182923,-0.2977291529647004,0.01103330735500099,-0.3987942243716104,0.060324810258837055,-0.5131237138226855,-0.7994258146016029,0.6524885031475122,-0.2226498743742725,0.43309132335697786,0.7202446722131975,-0.5917618470935431,0.01308300551586054,0.015405957667923943,0.5709985745259936,-0.34137374073976107,0.02016199117218835,0.020403685490899843,-0.11527042656207032,-0.38644977471233377,-0.39569464254793263,-0.35117587445888704,-0.47393683748437093,-0.2685026014161176,-0.3615807092927022,-0.421229086653274,-0.37838950437108276,0.04359760488366795,-0.30806208661207235,0.5217147366556959,-0.47562504795319,0.3796651858729113,-0.14842807386907678,0.9503771161878003,0.4065637658918793,1.0,0.5108315264893525,0.37522398499943893,0.03897585235597559,0.3470264576762801,-0.07874330997865704,0.514837912794959,-0.10487104071126903,0.5304447322707241,0.024567429932763035,0.036688845579219864,0.12629030705875766,-0.2591936501134674,-0.10650352493080627,-0.3952286111103523,0.021280660018212213,-0.39859652725146777,0.36731957630083323,-0.2164959363292128,-0.2868221449285465,0.0007618910665457968,-0.27386329430976764,0.04200111665119777
mfcc2_sma3_stddevNorm,-0.32774405745117347,-0.06288752380835551,0.07301787704793575,-0.06951618387263585,-0.26641537473853877,-0.2944074210220354,-0.30511596251616574,-0.03833442934093687,0.08452076838946643,0.0533789435539613,-0.05289881402918884,0.07333968470411896,0.2362838897351946,-0.2751830411712396,-0.21428517405795253,-0.05662559353115084,-0.15489829995050983,0.21072257647770493,0.06777910244628509,-0.0254363429659183,-0.10328508288940627,0.00208368808915424,-0.1602205361454319,0.22512825950623014,0.05299755700122203,-0.02309345624788271,0.04525259812311389,0.02765394055788274,-0.09727050799077633,-0.003399959306846769,0.034486540027792056,-0.1421176790577071,-0.020964467018304334,-0.19720742591577775,0.012405825746169134,-0.21714112113202727,-0.41472917863206027,0.34866050482472977,-0.12429132123219208,0.18119852127383135,0.3812419891443812,-0.2941291762269821,-0.029915434666797396,-0.012460517177839189,0.2912134041261414,-0.14910736124722962,0.002217679521572743,0.010946274415044869,-0.05284317909827698,-0.20325264885824973,-0.21875903138198133,-0.18080962601424166,-0.2559973153937895,-0.1399232599109987,-0.1846638517874236,-0.2220382649172741,-0.22381794380414646,0.01604742985932252,-0.16697882439462558,0.25823350303102166,-0.22951519716376279,0.17160195816895343,-0.04188095059429467,0.4844684943380558,0.4277033085759578,0.5108315264893525,1.0,0.20054096096802143,-0.001658068709520743,0.17793796562545586,-0.09252969587986269,0.24555141166948435,0.0017607610573587484,0.2553869457390474,0.03505427757541823,0.018079648505397023,0.06093838100703238,-0.08506008080009458,-0.027597792920803048,-0.16043270026941936,-0.01382351985790721,-0.15314950069155103,0.16984324760932304,-0.130692339403356,-0.15677324620425492,-0.004530820856274518,-0.14919241788269452,0.031750403957385626
mfcc3V_sma3nz_amean,-0.5579272940165874,-0.16955770937310213,-0.03978913529778128,-0.24850216659149132,-0.40152553425347887,-0.5447883196292983,-0.587024658086408,-0.039987099916246674,0.026050157809999443,0.02637298775872262,-0.022819353508953595,0.062315829333971555,0.14205049269480813,-0.22614467990109202,-0.4429642938193415,0.3260206124758572,-0.14968892635408163,0.21699615917448278,-0.3442666659125194,0.3142886180628343,-0.2643144922723672,0.17865756193780957,-0.13436533546796486,0.1752825556024545,-0.03462310528321608,0.05251160126963847,-0.2377533030860832,0.1596299492263952,-0.19489805086395343,-0.06786766790170008,0.0007360190800041344,-0.13876804228889025,-0.025355731341300636,-0.22685846386337785,0.0007415636474383658,-0.20807948990649533,-0.4275524526805549,0.3486613089341825,-0.2424236373296654,0.09897281868962274,0.2386660294122459,-0.16549125859687758,-0.11333039705182639,-0.06357095738099232,0.19118169902987397,-0.1592919510925839,0.08198929611375834,-0.06524403896329373,-0.0008684627418404498,-0.29921538013009924,-0.22089729904214983,-0.23754468177403731,-0.30626253564650524,-0.2348927321210048,-0.2798705396688039,-0.31088587378552834,-0.2526811453213373,0.11177464370867757,-0.26074175627304225,0.4251259227242002,-0.3773894643349875,0.30336099461991706,-0.09997718581217373,0.3860630519510764,0.11765690123473992,0.37522398499943893,0.20054096096802143,1.0,0.0024187051851517114,0.9372822052204959,-0.23205777002773037,0.2874915652603908,-0.003841960686491747,0.2584573406435372,0.08521729344803568,0.04841467267889828,0.16170019815322498,-0.08907484249190732,0.07153526211056523,-0.23460646072317004,-0.03910701701287578,-0.1076307861263099,0.1168199083500846,-0.23875202720009298,-0.23735365527198057,-0.0684991477321788,-0.255579479247957,0.026500071593398535
mfcc3V_sma3nz_stddevNorm,0.01464922235253143,0.052893434705529416,0.09273994935555774,0.04507544293083769,0.006686230963723233,0.015972582957220902,0.022561284135946276,0.10649195523945888,0.024378922111657885,0.13744677357073612,0.03540619340363693,-0.030811377592428652,0.12004923594396258,-0.0409072138640613,-0.0707254180687675,0.08919017338895908,0.03447365677553695,-0.02677829881883218,-0.05498282728251831,0.08668191811014175,-0.04149726498483046,0.053127711928664306,0.033390642107664265,-0.026408902889836466,0.059138237849550634,0.03227645273004831,-0.01914519158069089,0.08297764753470624,0.08728139512742869,-0.027804307273387556,-0.08496905188006883,-0.03327266891542356,-0.035519049976789514,-0.02547197292707709,-0.01214591056914089,-0.015914872815259634,-0.02635142384011352,-0.032343167122192824,-0.08124403022808692,-0.006460246354317017,0.00949043470088509,0.061224965217302765,-0.02251330398531495,0.09431074725020172,0.030044088049987604,0.016318306164759367,0.01756305580324867,0.013032828162768054,0.005633116676930785,-0.06655391523842569,0.0068275357980627045,-0.029725338218687294,-0.02905332294534997,-0.06399420541680685,-0.07072358942421614,-0.06236792425826849,0.01250403265799078,0.08479580213613637,-0.03372246763224609,0.061289006532568524,0.013148445647500139,0.05715924250045917,0.020864793223278326,0.025583996103151412,-0.059490657539550296,0.03897585235597559,-0.001658068709520743,0.0024187051851517114,1.0,-0.021210284458884388,0.5311910774194846,-0.041892357197913205,-0.12468342140001286,-0.036265395853550916,-0.10313933406464393,0.020639939046740018,0.007740055011793923,0.06858187839543195,-0.012589021306921922,0.07470766491419727,0.09451036133904035,-0.09758502759573572,0.02019145439334276,-0.08051534339602917,-0.06706397788891612,0.09078438237855405,-0.0767124621343005,0.08741681223546839
mfcc3_sma3_amean,-0.48244115802575693,-0.10388140507570556,0.008629331743938417,-0.16270977776991055,-0.36950553425743565,-0.45073255372721,-0.4752717766006772,-0.02542873597255998,0.08765201437304938,0.0452499438861138,-0.08123299539566213,0.12093715360140016,0.09369517584326031,-0.1603188052815251,-0.37705397972322346,0.29150304024193235,-0.18339618457120915,0.24334987326785168,-0.2738415168808962,0.2749946534144242,-0.22517655158125638,0.14314049006180402,-0.1674997202609767,0.20051440096837442,0.005802568762108727,0.043784835090591404,-0.2266228688879925,0.14269148619517316,-0.2046968789474401,-0.01577694481315949,0.029774738664231172,-0.18964784498963677,-0.00887428844480637,-0.2386677466923877,0.025400500318158582,-0.2759853354471495,-0.3553685428342145,0.2783481230959494,-0.17694785520033576,0.15074434931532432,0.18160878652011364,-0.09959759606585274,-0.0851082511040074,-0.04084021784500458,0.10776831744981044,-0.05832575725063029,0.07826299379095229,-0.023369978546954162,0.0062861133838749235,-0.23562036970626893,-0.17613532868056078,-0.18091741971327835,-0.2622094196187533,-0.1738165442181277,-0.2203066309859274,-0.25098927829669493,-0.1910712363329816,0.07864059394109033,-0.1914044371377712,0.35378468556905623,-0.3289118416167215,0.2854032039293677,-0.13030724451796655,0.3176827649487733,0.09249612319334695,0.3470264576762801,0.17793796562545586,0.9372822052204959,-0.021210284458884388,1.0,-0.26350916473475666,0.28229913206265395,-0.02060213775718867,0.3009572063101434,0.05679667395011008,0.05730653120701618,0.10158255715319905,-0.23858755519986963,0.0383675217878799,-0.3197460959980227,0.020341185045006586,-0.05280725327600277,0.08803751193510186,-0.1504497028069862,-0.18041873033345457,-0.06760610955900156,-0.17912805733903808,-0.009822516976653754
mfcc3_sma3_stddevNorm,0.1799241933466796,0.0712304207577211,0.034787445933028925,0.0566765951779258,0.15064461833312834,0.1650276769445164,0.1583560335271435,0.11402188184718086,-0.015599782391999027,0.07288640547978088,0.06782986228059766,-0.07484011887305064,0.016770795373797286,0.06190987556030135,0.03920236503890592,0.04668450656578551,0.10834813032648413,-0.12236192923192382,-0.0024293273903174834,0.051678251402232034,0.021447380848493576,0.05958422762153641,0.10589867589142726,-0.11821416483021573,0.009284445832057814,0.04855085413603206,0.022006285892250926,0.054257922585103015,0.1802887653860695,-0.05788979897526236,-0.10959130893285844,0.050424760753966305,-0.03082296104162627,0.07691950694855973,0.000559673001243382,0.03276932400747824,0.10560673207102363,-0.168415886754171,0.024359770951666092,-0.012518313000930856,-0.07203400017544288,0.12443206734838863,-0.019999720215323015,0.07998870180830417,-0.018744011750739264,0.07200073675447045,0.013094848779770397,0.028272691714783717,0.05767407061891128,0.042156701963323606,0.14787136119765215,0.10020749512188154,0.12563630333689027,0.01020244745221925,0.026649205196798018,0.06418259847114614,0.14761951748041227,0.06689281804861481,0.0816428382793053,-0.061766656682359374,0.1601311410717324,-0.039112237225343086,0.09171363947723067,-0.10770549619520997,-0.10694534341830547,-0.07874330997865704,-0.09252969587986269,-0.23205777002773037,0.5311910774194846,-0.26350916473475666,1.0,-0.14380661331306926,-0.0850353189040536,-0.12212248460557477,-0.10304492867672292,-0.05066792903412304,0.0797772346976618,0.06038015459405279,-0.03407888093497776,0.12688253850027145,0.15257357495371798,-0.04717165804280874,-0.06202151304200048,0.013044133274993595,0.051137579162047114,0.08760277763976834,0.026034925426980098,0.07606605571659494
mfcc4V_sma3nz_amean,-0.6450903610293859,0.07163525325056587,0.20577967786689333,0.1132050101456248,-0.653641782714652,-0.6026939106899054,-0.49993757432672015,-0.013179899039236184,0.3941307888642243,0.12934746691048224,-0.35148206837496715,0.3856492304319754,0.11694675907517127,-0.23571703335274918,-0.3272234279746288,0.21119915675440512,-0.44695114926832935,0.4860099689677787,0.17599138886248797,-0.38500140018195184,-0.37557755845945345,0.25467190639090087,-0.4586556941401471,0.5114878188464091,0.23779007467394747,-0.41943687874683905,-0.28418078102054056,0.3788271611637781,-0.5242494207782705,0.2615052524610829,0.2695331869057099,-0.4140041504819925,0.1673141450967916,-0.3990238612136022,-0.0065207440311698455,-0.24205614169752218,-0.36742277676590596,0.3581880483228533,-0.09585732683247557,0.24087786856732196,0.35793121972808917,-0.39847947233659836,0.12199248195251983,-0.07193905021462275,0.19347323070702196,-0.11441879828877476,-0.11826164243309756,0.11988701334410737,-0.14805359713819916,-0.16101868254430887,-0.30520907487186366,-0.22664408953179743,-0.2936907274603707,-0.0626486468096744,-0.138703468282208,-0.20135637575928048,-0.2546959444293578,-0.09779230577282758,-0.16283835592555856,0.3109785256424351,-0.37036937021494376,0.22234690526661266,-0.18823629463435912,0.5505120662251046,0.21254056447220332,0.514837912794959,0.24555141166948435,0.2874915652603908,-0.041892357197913205,0.28229913206265395,-0.14380661331306926,1.0,-0.2510595963723997,0.9376118830545951,0.034395318982429625,0.15072753517392345,-0.09587292787130879,-0.39546370091329164,0.08013472311324236,-0.5895197539517624,0.014917065050623885,0.12972212399950664,0.03729508744685242,0.0007698708133540745,-0.1325008090672268,-0.11242325755945129,-0.09333612180261652,-0.07994559005357182
mfcc4V_sma3nz_stddevNorm,0.12364581152913753,-0.15475911354986271,-0.19391324008786348,-0.20143124314465718,0.1873720116995679,0.10814397537555262,0.03511148866929129,-0.13729970794497318,-0.2239711110671192,-0.20116781371683723,0.15061960920139197,-0.1469473128897144,-0.020662525954103242,0.01705402615596842,0.16342443129162845,-0.1755640233798695,0.16086380321400282,-0.15402677735021217,-0.05986413218112467,0.08267636768514006,0.18942869955604466,-0.20611666718070093,0.16510582025819445,-0.1611741565209802,-0.0974181794277576,0.11295750178420232,0.17515990805146595,-0.24544949502808935,0.11792242034887197,-0.13238939374837966,-0.11075502901951668,0.13987602280104802,-0.13830442722894642,0.08660386970357284,0.07567165977489601,0.03495967284508438,0.03383155764972243,0.02453616576034011,0.09547956026671532,-0.04043613511417215,-0.051514476470810824,-0.004983009156379059,-0.04827390776357418,-0.11713361780971625,-0.06309207388137716,-0.021550096059258363,0.1095596183329898,-0.1764585751829993,0.16342784723512854,0.0947952743071026,0.1032682103256137,0.11562453870638366,0.06845764839779778,0.09535409614331815,0.10481752319161944,0.0905725374040681,0.039497390577757946,-0.09678847854716022,0.06349680864063408,-0.11016188782362794,0.03564855698046117,-0.08388050922972944,0.00221700631683943,-0.09221925411649275,0.030849829230809346,-0.10487104071126903,0.0017607610573587484,-0.003841960686491747,-0.12468342140001286,-0.02060213775718867,-0.0850353189040536,-0.2510595963723997,1.0,-0.23585826640714624,0.5445766795725788,-0.12068140480633535,0.07570246519584925,0.07685928792714944,-0.04827220267807318,0.09440341654760838,-0.20213220326540524,0.025785504456758746,0.03879038967464237,0.0580082770857617,0.08351680753599204,-0.09608474834281695,0.09831155095268107,-0.10343404078834456
mfcc4_sma3_amean,-0.5806516433775215,0.11790824460831797,0.23912909576569055,0.13243969452111218,-0.5966789996145089,-0.5278794204642033,-0.43155138258030357,0.02500185111564065,0.41118396800240137,0.15492161908687802,-0.46581058172171314,0.497903392450654,0.1007204610897671,-0.1969688853236677,-0.2854176238200098,0.18291570798002244,-0.5503702824687846,0.5832550445336899,0.20356578039041429,-0.36711825452404623,-0.33636734417196407,0.22960124891718114,-0.5609412452450073,0.6044411449515682,0.24292149110481556,-0.3889540271226833,-0.2544109558672918,0.3576605512654918,-0.4838220916835908,0.2651336503091828,0.3721017701654325,-0.4651020181526265,0.26721940736875216,-0.44119161455938594,-0.031146503116057676,-0.2837093587853826,-0.33861744511504077,0.29491014899543355,-0.0959379636117643,0.2798356617825741,0.3394945400690063,-0.3329131899115562,0.1192296458611829,-0.031184407806461357,0.16862254974915733,-0.05363659903592196,-0.10689729417079301,0.14101400510400236,-0.19867870570409638,-0.17687282742175678,-0.30366409342549644,-0.2234844448940373,-0.28949325629502193,-0.09723673322278681,-0.16598417353417547,-0.21057930175008158,-0.23294402950223972,-0.03164321041740292,-0.14059878776952447,0.2777174615456289,-0.31860673647103843,0.17585478196172213,-0.14729889632526758,0.5069772781976781,0.18335574589333575,0.5304447322707241,0.2553869457390474,0.2584573406435372,-0.036265395853550916,0.3009572063101434,-0.12212248460557477,0.9376118830545951,-0.23585826640714624,1.0,0.018884024376012755,0.13743214331342274,-0.0831875487258455,-0.5170837439028745,0.14220233090237444,-0.6248196839753403,0.07076309920745961,0.15816776126136978,-0.011864650046352293,0.0011308625303955698,-0.12803910127079263,-0.07681728267774704,-0.0944904569676186,-0.026074113444157047
mfcc4_sma3_stddevNorm,-0.06981266343460778,-0.1278576469304681,-0.1111882507986428,-0.14690702711212872,-0.021524850722217763,-0.08167726313867063,-0.10372448722360667,-0.11811974233259971,-0.1279697286088388,-0.1247809740192441,0.08406042566246671,-0.0740447324161595,-0.000954926107649252,-0.03281630839650976,0.07529784976078509,-0.11002023175671141,0.048595287622638164,-0.028353016292450343,-0.051160937984347885,0.041377865599408155,0.10867087178278129,-0.11730986332367016,0.050187148324713854,-0.030799021787128622,-0.0483649815433519,0.024108736837949816,0.12591374562178537,-0.10932156462878093,-0.019459419125868092,-0.06466229880906371,-0.04983719118593085,0.048002552318578,-0.08748843652417518,-0.011264304542062436,0.03947703760317173,0.016051406908081142,-0.07711069234716678,0.10872175500505818,0.011586822710389754,-0.020477998465447587,0.05468662765094815,-0.08721652790468538,0.01312354191702167,-0.10446933786753503,0.01633343933099796,-0.0662704575486559,0.05840935703842175,-0.14936027005124197,0.09105578721939338,-0.003510063788813189,-0.006536286850284145,0.020556168185019718,-0.03898635188956031,0.013642261105514596,0.01291143701277995,-0.01507003925257376,-0.05069464165953928,-0.05581383453089742,-0.018083785323185355,0.00433930200647659,-0.044706947896562065,-0.020655836046338517,0.012936740333624075,0.06785707080738512,0.1398445862947031,0.024567429932763035,0.03505427757541823,0.08521729344803568,-0.10313933406464393,0.05679667395011008,-0.10304492867672292,0.034395318982429625,0.5445766795725788,0.018884024376012755,1.0,-0.019518870398782917,0.054729361425993175,0.07024911184369133,0.03341365299137813,0.018760713545589208,-0.23091564167482687,0.04375757920442228,0.032638015749382895,-0.0032493391011230986,0.005912048432224011,-0.06821402133001322,0.014542981150721675,-0.05580890296077611
shimmerLocaldB_sma3nz_amean,-0.13814260828625305,0.2644596162615526,0.2487800066760786,0.24855630528221953,-0.2213531698538543,-0.1417439555308194,-0.030339533144428103,0.17251461038288898,0.2934883546166962,0.1685131040250631,-0.2454510072709912,0.2404434577289834,-0.07114573864386646,0.06046524083778592,0.014901437231854291,0.14376877580169753,-0.25580958488868183,0.24110696318610983,0.0875563617100038,-0.1621152809514602,-0.04221512037288159,0.16548720357478824,-0.2566077135256007,0.24020353427255955,0.05892879319464279,-0.14513959628237588,-0.046021699336281675,0.18016552278372844,-0.4787943801790374,0.41753873179941203,0.14895797629997537,-0.34220802487807817,0.14128854641454663,-0.20861998708494206,-0.010506210855649128,-0.04438831972335131,0.00714414443187154,-0.017551933118510936,-0.2068210332523432,0.0635858572723127,0.015176864827590762,-0.007865691587842363,0.5099814129405544,-0.13417206648185026,-0.009559040383760656,0.11658988159557597,-0.17624949871788306,0.20522937543879535,-0.18677663687879476,-0.19618120024995736,-0.19166403696067716,-0.16257873481628737,-0.1881557459841493,-0.160562909011953,-0.2046758170490709,-0.207853182457788,-0.13134121589446543,0.1395575227150641,-0.10613749773832946,0.08602403322160751,-0.033819056968189,0.08402309241287925,-0.055829994819013413,0.026985902525195414,-0.054086404831185694,0.036688845579219864,0.018079648505397023,0.04841467267889828,0.020639939046740018,0.05730653120701618,-0.05066792903412304,0.15072753517392345,-0.12068140480633535,0.13743214331342274,-0.019518870398782917,1.0,-0.5408480363160909,0.03626370200147479,0.011080675500973792,-0.03737891229491137,0.03995996544209096,0.10594913746997663,-0.09212913746931076,-0.07484055520983016,-0.16120701720388034,0.20294145261285443,-0.1461459217801397,0.16744555886726384
shimmerLocaldB_sma3nz_stddevNorm,-0.05426085673939245,-0.3404910894425754,-0.3020401113773414,-0.35482032733833213,0.11679776087681486,-0.09194167081500708,-0.21965743961030457,-0.148282881850456,-0.3561195828720579,-0.1409565524321344,0.3428205338029211,-0.3348803484467457,0.1434621992950207,-0.14029428139319544,-0.18016089263584426,0.05162294249099255,0.26722448431106643,-0.22127723525347942,-0.27534197422512563,0.31100114163629183,0.009821889338667142,0.05100571835257599,0.26737087278033633,-0.220742136196113,-0.094199409046073,0.11881177525527468,0.1377773722843423,0.03310142076617592,0.47787686698959836,-0.44196874904038097,-0.21404446462101995,0.3384276757007441,-0.1542058353084777,0.1515675967851978,0.055944278401341155,0.017161080422744796,-0.28601498091686417,0.1321404848170894,-0.00023293179938245037,-0.025885024100736904,0.2666424849944946,-0.05341132566200443,-0.24165643396285022,0.06563407927670954,0.3240498858787916,-0.28927995480517965,0.13546536899168343,-0.2325364611302069,0.2586786920999397,-0.11343036821482762,0.19759131669578117,0.06975301483462602,0.10619834395564033,-0.2325770246198665,-0.11623778038944693,-0.05128289472421108,0.10977052226406954,0.2738558056126502,-0.040992344407562074,0.2675491901066402,-0.03502974368331191,0.11600745615109344,0.25487953622661313,0.12762431451402464,0.09279675632504614,0.12629030705875766,0.06093838100703238,0.16170019815322498,0.007740055011793923,0.10158255715319905,0.0797772346976618,-0.09587292787130879,0.07570246519584925,-0.0831875487258455,0.054729361425993175,-0.5408480363160909,1.0,0.13045836046077372,0.22811391011647067,0.20570948522581795,-0.005576444076963496,-0.22636537995942516,0.05706158094008172,-0.20606335061574427,-0.014176747151269367,0.03321624264547821,-0.08904452566340401,0.1586326586417247
slopeUV0-500_sma3nz_amean,0.19906187992488994,-0.30807679392882886,-0.344587740733324,-0.3226811266515938,0.3157145642016264,0.10951307464869581,0.0014882592331856642,-0.11621362532901684,-0.4892980149940502,-0.21989647014146063,0.40277489878011474,-0.42654382418896314,0.07507098272685767,0.01155336097305336,0.03496401907999818,0.017692287308995622,0.3761360660560014,-0.3805104576274813,-0.28936359954682145,0.2781809404384264,0.1287423485691989,-0.11028891349111092,0.3768286890939289,-0.37981283885765205,-0.14360263538193718,0.1079888956991587,0.17407744693252322,-0.1021396497636777,0.3664301468605554,-0.3555771932199697,-0.21768849337854335,0.4577139763523104,-0.14731416509432932,0.3507429549458276,-0.15451344848810947,0.4909800017832818,0.06106846739706787,-0.053124450170891936,-0.3495286699975537,-0.468535494313143,-0.06342367119641586,0.08698237411417954,-0.12338179405343186,-0.050728590530833305,0.17783716005080868,-0.27422921581957843,0.11078508610898573,-0.25707237207138817,-0.0278846623555662,-0.2953107491780095,-0.08942376719947946,-0.21257821844945504,-0.09401025573804385,-0.35800289160487203,-0.29033319993876955,-0.24955413426254644,-0.14990689250390626,0.28791827324602,-0.28175127669612166,0.043017054984515836,0.08693136454260202,-0.06915318587482293,0.24862047234956705,-0.16597665682130738,-0.06174541720220827,-0.2591936501134674,-0.08506008080009458,-0.08907484249190732,0.06858187839543195,-0.23858755519986963,0.06038015459405279,-0.39546370091329164,0.07685928792714944,-0.5170837439028745,0.07024911184369133,0.03626370200147479,0.13045836046077372,1.0,0.29305770880027804,0.8438035203932647,-0.24991120705952255,-0.06544036064134326,-0.0107180471576007,-0.4756609063792159,-0.3019932895268023,0.16879095959720136,-0.3819327360200661,0.2918332617840259
slopeUV500-1500_sma3nz_amean,0.01776856672694567,-0.12572864195893685,-0.1347733054920599,-0.15292636688387384,0.06810219435801287,-0.041385949012152604,-0.07017418135539225,-0.0036139447246929315,-0.16093183723893223,-0.044056769431709025,-0.05631468152561522,0.04419719077942629,-0.15243440821175844,0.20527247985284794,0.07403762336829023,0.1400479199271021,-0.06891105181969549,0.04525214405540498,-0.15180172902113312,0.1092029187646059,0.07060952959481646,0.10348525474144116,-0.06799114222876165,0.04227312723099999,-0.0645848832578816,-0.07374260468312879,0.08232367795843348,0.1353227274198416,0.16563261572263643,-0.16444099102699872,0.2137864585928645,0.18955512050724474,0.23230680270476664,0.12486438262120918,-0.24828260906583755,0.430857423975254,0.07260463302340553,-0.16528812631538234,-0.5002931809061081,-0.37072412029833285,-0.021737243864995436,0.17876033695503923,-0.10784580322364906,-0.01723316562033212,0.071449835193756,-0.0817781362947245,0.008055341796052504,-0.10311751813634282,-0.2706054841303098,-0.49505805072754483,-0.25438566438682514,-0.33946940507568996,-0.2221155957184276,-0.6180501284764114,-0.5067880625109724,-0.42982472474752537,-0.21858505544856918,0.5636170732159976,-0.32700714278459425,0.017575415207508566,0.16226187361690236,-0.2516472077193559,0.48707397393041046,-0.08541631432822146,-0.0168918241685735,-0.10650352493080627,-0.027597792920803048,0.07153526211056523,-0.012589021306921922,0.0383675217878799,-0.03407888093497776,0.08013472311324236,-0.04827220267807318,0.14220233090237444,0.03341365299137813,0.011080675500973792,0.22811391011647067,0.29305770880027804,1.0,0.3006107767411342,-0.04773178412327618,0.47326173556514795,-0.46241128696556827,-0.5739190711712622,-0.4629568108207794,0.3153281338263729,-0.5352399609308498,0.52888283340029
slopeV0-500_sma3nz_amean,0.4122892133159917,-0.2979400640787265,-0.37355839436385885,-0.30746217395094183,0.5256394747871821,0.3116269975098779,0.1853478914476647,-0.10366823738053099,-0.5562737965721274,-0.239815824485306,0.4593218233189662,-0.4978252866192617,0.0152551263590734,0.13690697948615357,0.1601580280803459,0.01144810125315537,0.472199381053392,-0.4999843766158425,-0.2825588164642169,0.34501109018434767,0.23920482813356952,-0.14408869209857478,0.473648141340697,-0.5014960785848672,-0.15666615458522345,0.15778152840998275,0.2571734760991186,-0.13647226098126114,0.548076639773409,-0.4047488959922266,-0.21813612568917978,0.6028812080387168,-0.09896205801756518,0.511440165792482,-0.15853474034861356,0.45012911079687606,0.176829688672471,-0.21982919621135968,-0.23432449675867098,-0.4168859935443496,-0.14930319978111173,0.23724701056008005,-0.13813130206839802,0.011764984245602501,0.11511818299198275,-0.19796711911108664,0.13476771053230738,-0.24588674446692457,0.04099918840232959,-0.18777585418409168,0.05316920838840045,-0.07699102280254247,0.04862938218493823,-0.2944814363295471,-0.19345339831259456,-0.12916986213731957,-0.007146704926016959,0.3277144966562343,-0.15623325605273675,-0.05597916634678337,0.23195875635848415,-0.11960473435571958,0.2983924712474394,-0.35527052310421636,-0.1375360448944249,-0.3952286111103523,-0.16043270026941936,-0.23460646072317004,0.07470766491419727,-0.3197460959980227,0.12688253850027145,-0.5895197539517624,0.09440341654760838,-0.6248196839753403,0.018760713545589208,-0.03737891229491137,0.20570948522581795,0.8438035203932647,0.3006107767411342,1.0,-0.23725107940162146,-0.04733735066155289,-0.08985829351196516,-0.37907771212085933,-0.20793610465763263,0.2340801330702682,-0.26945553770107034,0.32882879954252875
slopeV0-500_sma3nz_stddevNorm,0.09753746494183914,0.165357200040414,0.20175707818640795,0.13978217177457553,0.04975023191138229,0.12691446533529374,0.12354325052630927,0.16819978841223923,0.15797746849876868,0.22005433817583353,-0.06381964631846612,0.0580059094247543,-0.11174740343476461,0.09604874274745899,-0.035580529757927436,0.14874867163539574,-0.02756781004025937,0.010259248331472667,-0.004035863393195794,-0.035550243423973,-0.07362262865790224,0.16869361851707476,-0.025975430109841,0.006190693050113139,-0.025722489729332602,-0.01724097965247069,-0.10739594625393764,0.1326231467540972,0.00400730845870812,0.060189697773266104,-0.016024464062648236,-0.09297842023077915,0.024010252702851752,0.029700946426519867,-0.009927022809623695,-0.11760125047562112,0.09707602948761129,-0.1527273816496816,0.07290963915142948,0.11609195408879543,-0.0772555415052857,0.14455764336054072,0.06057383510943342,0.12489320068297904,-0.026507863986366162,0.16942607316917196,-0.058529226411304515,0.1927664032417513,-0.057966258684226404,0.06532422881183543,0.15484815606891514,0.10503021908206762,0.13369465771252054,0.03401287217519124,0.046545788708780136,0.07971767175430039,0.22183446419266345,0.06509770726432006,0.1427752814295001,-0.012959687725394338,0.09400295449027882,0.009403279295253551,0.06406069262466631,-0.055345504983583156,-0.035196017304974576,0.021280660018212213,-0.01382351985790721,-0.03910701701287578,0.09451036133904035,0.020341185045006586,0.15257357495371798,0.014917065050623885,-0.20213220326540524,0.07076309920745961,-0.23091564167482687,0.03995996544209096,-0.005576444076963496,-0.24991120705952255,-0.04773178412327618,-0.23725107940162146,1.0,0.03190298106553088,-0.13095885829175,0.09699090494087381,0.08457242020454635,0.10339580905274107,0.06215212956681899,0.06616288002453466
slopeV500-1500_sma3nz_amean,0.277283553671558,0.19620339287794863,0.09103660914069824,0.21481956694783455,0.13750892428753503,0.27692409294134523,0.3386179573016913,0.10441639099984866,0.13058590687959912,0.04054400116620386,-0.22354881043738048,0.22401122904714352,-0.4839185797187994,0.5584048886343436,0.4592738041375605,0.04789289364722195,-0.0963131957789062,0.03236148679613859,0.07473825035990579,-0.07886151093156493,0.24115603519245685,0.02799759402746457,-0.0897529784730757,0.016244557679510527,0.005461253018173278,-0.06776495778518413,0.04489448514665741,0.03117709756255174,-0.09859064350993457,0.22060770243115474,0.14739427181314096,-0.08246135706771099,0.12941860842373548,0.030552404353019275,-0.07323946091081167,0.30997023866010526,0.5438816513097667,-0.49160993892212307,-0.15985114128516947,-0.2397963485003091,-0.45677894959498416,0.42990967237415945,0.07607789229159292,-0.03897702336877595,-0.4852876422393822,0.3887622576572201,0.02521060735204358,0.022497156942625062,-0.1082399055573506,-0.022908412809758624,-0.02677246485084569,-0.02304918070924689,0.01035519967720287,-0.050199541341460985,-0.032927821269614396,-0.015537770570113161,0.0226034727816989,0.06708323878031365,0.007765810456984284,-0.4915508084478443,0.43532874743468586,-0.4720097798445606,0.2728947118101941,-0.40728684232112583,-0.13869895383179126,-0.39859652725146777,-0.15314950069155103,-0.1076307861263099,-0.09758502759573572,-0.05280725327600277,-0.04717165804280874,0.12972212399950664,0.025785504456758746,0.15816776126136978,0.04375757920442228,0.10594913746997663,-0.22636537995942516,-0.06544036064134326,0.47326173556514795,-0.04733735066155289,0.03190298106553088,1.0,-0.7626566662609456,-0.021167415552560253,-0.12097454110990354,0.1442364744292713,-0.08242260545212207,0.09733824107349377
slopeV500-1500_sma3nz_stddevNorm,-0.28762219461852473,-0.17551551010660213,-0.09527790752844909,-0.1800895612039177,-0.1849881799018052,-0.2661400537407892,-0.31337422455580827,-0.16265411519373676,-0.08874231155399033,-0.12422502626820031,0.08409637758944266,-0.07498326032492109,0.44338771865192644,-0.5572772230411153,-0.3714277084601929,-0.15825346968722848,-0.016785160818420134,0.07615526239331796,0.02631761553764038,-0.06951934311919337,-0.2165498283814066,-0.1457331437245278,-0.02214405808497347,0.09137528635693888,0.05937984826635435,-0.00610117656199404,-0.07213091458774154,-0.13908200133680496,-0.03405309532903017,-0.1419247860929823,-0.050792250923897,-0.03093129932264019,-0.11119391469073249,-0.1321270663157791,0.0846833640039293,-0.2957926544108475,-0.4450720117583006,0.5889041684319166,0.14290402048305356,0.2199890008612401,0.3613568250002259,-0.4713480001448871,-0.07838162650853898,-0.057982151812376974,0.3450986680007571,-0.3409318702343774,-0.022624823004282455,-0.06504587789113364,0.07796130123215292,0.0500723511240245,-0.06911605052380794,-0.022827656856462257,-0.07667625615715505,0.12004367091027843,0.06832549101636162,0.02027796598760915,-0.11558410101561399,-0.21031346048507477,-0.04220221170507634,0.350822444209675,-0.4589376780861587,0.37312201871080264,-0.36148790180146156,0.3833093050077603,0.15912197972851222,0.36731957630083323,0.16984324760932304,0.1168199083500846,0.02019145439334276,0.08803751193510186,-0.06202151304200048,0.03729508744685242,0.03879038967464237,-0.011864650046352293,0.032638015749382895,-0.09212913746931076,0.05706158094008172,-0.0107180471576007,-0.46241128696556827,-0.08985829351196516,-0.13095885829175,-0.7626566662609456,1.0,0.07450275153778617,0.09884829525188353,-0.23495588754387287,0.09786626649284659,-0.20995961835204371
spectralFluxUV_sma3nz_amean,0.2156226916949788,0.2733569300344796,0.1658789078888235,0.3288242886408452,0.05029753023531253,0.25412943981038955,0.3506309280442687,0.04346210062945658,0.2392689625575096,0.03447215105074024,-0.11958702478699951,0.12097523316110334,-0.30405394552600234,0.2641202471898806,0.2793086157571515,-0.07301006123279255,-0.00529410078035958,-0.029453752439829187,0.1654196085302234,-0.19308313289172394,0.1113808930274401,-0.012361770289649358,0.0001972934066253367,-0.0411682561201526,-0.013272085239023634,-0.009393351010728858,-0.06190483053432285,-0.10980568772556233,-0.2211385898537288,0.31022253842137476,-0.04235068474797046,-0.18980775095199953,-0.05531415125316101,-0.050601775866823503,0.2569713536252686,-0.06953916320093485,0.3435612959997389,-0.22679540573344506,0.9006998480890333,0.09025614047134888,-0.33010367475299,0.16002323689526143,0.2034594961729947,-0.11241975059024163,-0.4164881581727728,0.29323606664707913,-0.03332524428161638,0.07597539972498422,0.3794051605987743,0.9146954585247231,0.622464704884156,0.7595877554639634,0.6949018772002428,0.8913841783055644,0.9083223308450015,0.8787776023951684,0.6070247682517522,-0.6017737151032798,0.7468548135425529,-0.4449371337926653,0.2602351964914638,-0.22058827581617646,-0.12812672262090027,-0.20932904080885364,-0.0625463442726444,-0.2164959363292128,-0.130692339403356,-0.23875202720009298,-0.08051534339602917,-0.1504497028069862,0.013044133274993595,0.0007698708133540745,0.0580082770857617,0.0011308625303955698,-0.0032493391011230986,-0.07484055520983016,-0.20606335061574427,-0.4756609063792159,-0.5739190711712622,-0.37907771212085933,0.09699090494087381,-0.021167415552560253,0.07450275153778617,1.0,0.8695454785787379,-0.4122213164865632,0.9537478950525493,-0.5917360815720669
spectralFluxV_sma3nz_amean,0.30147106833786685,0.12045899059572958,-0.010997165615566544,0.17237526862362051,0.20441949039654933,0.30921909617496174,0.34657226398875507,-0.02679138648790038,0.01541514179500656,-0.04965962883593224,0.03584185557968744,-0.042011451261953624,-0.30846429152039456,0.27338499034659447,0.24638019280355694,-0.0153277712779438,0.14868090590437227,-0.18287103589078038,0.0055982847256562124,-0.05769240923111169,0.11737336358747015,0.008765947950030618,0.15561521478836549,-0.19812522154000686,-0.08315734289858424,0.05440426999748629,-0.03964037681225661,-0.08106338690004682,-0.024185630434094524,0.0984477947460979,-0.14650837576752374,-0.03713505875963756,-0.13304330850606738,0.04396012772350378,0.2728649187780159,0.039039252072620684,0.3633676105594295,-0.26143887158093,0.9569138749220499,-0.021889986319650646,-0.347474518077825,0.1993723678663328,0.12045638371425167,-0.15187402653373303,-0.3493150104771436,0.18606663415048297,0.011996420584225925,0.005162306676414711,0.4738958647876609,0.9334056248609711,0.8022084688568124,0.8650287215470223,0.8431447496611082,0.811744169705985,0.9057361298119968,0.9390479906357616,0.7375016220890259,-0.44474713387588455,0.7952416902345699,-0.41151104589053594,0.28075486269626604,-0.22514326150848366,-0.03469948215971551,-0.2909448824824146,-0.10729247404039366,-0.2868221449285465,-0.15677324620425492,-0.23735365527198057,-0.06706397788891612,-0.18041873033345457,0.051137579162047114,-0.1325008090672268,0.08351680753599204,-0.12803910127079263,0.005912048432224011,-0.16120701720388034,-0.014176747151269367,-0.3019932895268023,-0.4629568108207794,-0.20793610465763263,0.08457242020454635,-0.12097454110990354,0.09884829525188353,0.8695454785787379,1.0,-0.43885980478256986,0.961852759518395,-0.5114275622489874
spectralFluxV_sma3nz_stddevNorm,0.06593601249175812,0.10224514224418811,0.15804283450722917,0.11959785907666032,0.033413631753345996,0.05037193747430353,0.07858759655834423,0.15248435250422185,0.13173155518837928,0.1765472095216012,-0.01651757081888047,0.0044949534889805395,0.07236328370378176,0.06502260593378746,0.10182544059847222,-0.05641531519281263,-0.029050044988979555,0.020119117458398623,0.08291677877080247,0.02425052755635026,0.1750236856771936,-0.05356298716005585,-0.032760919288314205,0.02850290918962126,0.08387082048198113,-0.00639665619009067,0.2374092026768936,0.01315009608492306,0.1476091857501377,0.04292462488463145,0.1135074769207501,0.11843796564752548,0.18957322051842027,0.1813781667793675,-0.24246794994138784,-0.033936995886379516,-0.09993553077527081,-0.08479600709437367,-0.3647341305612322,0.06136148419935384,0.15174274568714272,0.11459148813649639,0.08355460377873995,0.17690710721737518,0.11575404559648267,0.11957311633476858,-0.01850221392311478,0.1288001848529398,-0.48684982933682364,-0.4667693654306788,-0.20516851798832045,-0.23759077359488384,-0.21929304426583443,-0.5537136412142349,-0.5326486352528508,-0.4204055323619497,-0.027690937205103537,0.7037968621103149,-0.08179877955434484,0.12970408362786165,0.08651023708242385,0.07576875742167809,0.15071861261467365,-0.03549054733929079,-0.04453643099511017,0.0007618910665457968,-0.004530820856274518,-0.0684991477321788,0.09078438237855405,-0.06760610955900156,0.08760277763976834,-0.11242325755945129,-0.09608474834281695,-0.07681728267774704,-0.06821402133001322,0.20294145261285443,0.03321624264547821,0.16879095959720136,0.3153281338263729,0.2340801330702682,0.10339580905274107,0.1442364744292713,-0.23495588754387287,-0.4122213164865632,-0.43885980478256986,1.0,-0.43029876749563906,0.8457233972174272
spectralFlux_sma3_amean,0.2894093200738554,0.1642612906076546,0.045541369369844514,0.22700926657678247,0.16247615894668768,0.31260470168998994,0.3697298833721562,-0.023639282728254614,0.0844594712230012,-0.040533854406707696,0.009971268643634531,-0.01260331357539135,-0.30528921683534305,0.26892944103433425,0.27666878145082713,-0.0644250247406688,0.1252563256018262,-0.15768622435245128,0.07857066513483964,-0.11478536235450829,0.13252082457540987,-0.03450185412502832,0.13137994194739408,-0.17016879638858431,-0.04628227266005455,0.03382625665231095,-0.036389716648838326,-0.12143217130768408,-0.08696457564709396,0.1721729654616793,-0.13172498636199007,-0.06814232113298165,-0.13263554682167944,0.02670539042991607,0.28183263163017336,-0.011020147206687092,0.3613555272449275,-0.24674703314688598,0.9730255611097249,0.028229180975094793,-0.34790179519345593,0.18475912703795058,0.14219010174010868,-0.1471926939400116,-0.3886015165925632,0.22771945413786462,0.003753222008319315,0.017506601237582763,0.47330966578767175,0.9662295514804098,0.748243522985766,0.8555755200570688,0.8077773585219299,0.884502260478388,0.9497480428873565,0.9521087960436252,0.6931512987747931,-0.5434743294500871,0.7998252253918057,-0.4423757662543734,0.27685770013289057,-0.22139146916152785,-0.09124885577406018,-0.2682434888436514,-0.08296998107295257,-0.27386329430976764,-0.14919241788269452,-0.255579479247957,-0.0767124621343005,-0.17912805733903808,0.026034925426980098,-0.09333612180261652,0.09831155095268107,-0.0944904569676186,0.014542981150721675,-0.1461459217801397,-0.08904452566340401,-0.3819327360200661,-0.5352399609308498,-0.26945553770107034,0.06215212956681899,-0.08242260545212207,0.09786626649284659,0.9537478950525493,0.961852759518395,-0.43029876749563906,1.0,-0.5709062494503067
spectralFlux_sma3_stddevNorm,-0.02721527166714308,-0.030328087437271934,0.034944524734226705,-0.028228336209371055,0.006814467531985967,-0.0644175602305824,-0.07456145755702973,0.10066185818954194,0.007695479313490787,0.10346315988876957,-0.05339412095686113,0.03335149530135301,0.10073971553482282,0.007571354969802782,-0.018522193761565327,0.0440311500635223,-0.09807621950451346,0.0859788331056591,-0.02737843596274097,0.09283811218497384,0.08219666822932588,0.0331261730848508,-0.10053052259301613,0.08832767798171563,0.03691365550711302,-0.033632918570367126,0.1774156460353159,0.09982517973696495,0.187457073080417,-0.06716908324199432,0.2360436077840047,0.17914887448799094,0.3099522623613646,0.17389774731894192,-0.32103013922842766,0.08186490802782864,-0.15465573698052953,-0.046352896946675735,-0.47666803893824045,-0.05762673047306349,0.19865236504411174,0.07873228560022799,-0.016652566021711394,0.16436886319625726,0.2418038862367016,-0.023804948760075457,-0.025766625894594514,0.07259128833245458,-0.5557318085729087,-0.6006881159169308,-0.2783854690911276,-0.33343163306891394,-0.25802219281574473,-0.7550770915077984,-0.6704276078260336,-0.5255777621644294,-0.11649647123257015,0.8887023907789984,-0.17938146857696505,0.24391108614923238,0.03184627466650954,0.06050759162706258,0.2632770986273948,0.009792869389306496,-0.027359404603124724,0.04200111665119777,0.031750403957385626,0.026500071593398535,0.08741681223546839,-0.009822516976653754,0.07606605571659494,-0.07994559005357182,-0.10343404078834456,-0.026074113444157047,-0.05580890296077611,0.16744555886726384,0.1586326586417247,0.2918332617840259,0.52888283340029,0.32882879954252875,0.06616288002453466,0.09733824107349377,-0.20995961835204371,-0.5917360815720669,-0.5114275622489874,0.8457233972174272,-0.5709062494503067,1.0
